# WaveFront *.obj file (generated by Autodesk ATF)

mtllib Base_Meca_IIm_Ligne.mtl

g Solide1

v -75.000000 -58.000002 0.000000
v -75.000000 -58.000002 20.000000
v -75.000000 58.000002 0.000000
v -75.000000 58.000002 20.000000
v -74.732051 -59.000001 0.000000
v -74.732051 -59.000001 20.000000
v -74.732051 59.000001 0.000000
v -74.732051 59.000001 20.000000
v -74.000001 -59.732051 0.000000
v -74.000001 -59.732051 20.000000
v -74.000001 -53.000002 20.000000
v -74.000001 -53.000002 20.999999
v -74.000001 53.000002 20.000000
v -74.000001 53.000002 20.999999
v -74.000001 59.732051 0.000000
v -74.000001 59.732051 20.000000
v -73.706341 -54.854102 20.000000
v -73.706341 -54.854102 20.999999
v -73.706341 54.854102 20.000000
v -73.706341 54.854102 20.999999
v -73.000002 -60.000000 0.000000
v -73.000002 -60.000000 20.000000
v -73.000002 -53.000002 2.000000
v -73.000002 -53.000002 20.999999
v -73.000002 -51.999998 2.000000
v -73.000002 -51.999998 20.999999
v -73.000002 -38.000000 2.000000
v -73.000002 -38.000000 20.999999
v -73.000002 38.000000 2.000000
v -73.000002 38.000000 20.999999
v -73.000002 51.999998 2.000000
v -73.000002 51.999998 20.999999
v -73.000002 53.000002 2.000000
v -73.000002 53.000002 20.999999
v -73.000002 60.000000 0.000000
v -73.000002 60.000000 20.000000
v -72.871017 -51.293478 20.804198
v -72.871017 -38.706520 20.804198
v -72.871017 38.706520 20.804198
v -72.871017 51.293478 20.804198
v -72.854104 -56.526713 20.000000
v -72.854104 -56.526713 20.999999
v -72.854104 56.526713 20.000000
v -72.854104 56.526713 20.999999
v -72.732053 -50.999999 2.000000
v -72.732053 -39.000001 2.000000
v -72.732053 39.000001 2.000000
v -72.732053 50.999999 2.000000
v -72.619400 -54.913416 2.000000
v -72.619400 -54.913416 20.999999
v -72.619400 54.913416 2.000000
v -72.619400 54.913416 20.999999
v -72.528563 -50.711246 20.448005
v -72.528563 -39.288752 20.448005
v -72.528563 39.288752 20.448005
v -72.528563 50.711246 20.448005
v -71.999998 -50.267949 2.000000
v -71.999998 -39.732051 2.000000
v -71.999998 39.732051 2.000000
v -71.999998 50.267949 2.000000
v -71.979513 -50.256290 20.130870
v -71.979513 -39.743707 20.130870
v -71.979513 39.743707 20.130870
v -71.979513 50.256290 20.130870
v -71.535535 -56.535535 2.000000
v -71.535535 -56.535535 20.999999
v -71.535535 56.535535 2.000000
v -71.535535 56.535535 20.999999
v -71.526713 -57.854104 20.000000
v -71.526713 -57.854104 20.999999
v -71.526713 57.854104 20.000000
v -71.526713 57.854104 20.999999
v -71.267948 -50.018029 20.000000
v -71.267948 -39.981968 20.000000
v -71.267948 39.981968 20.000000
v -71.267948 50.018029 20.000000
v -71.178932 -50.008020 20.000000
v -71.178932 -39.991980 20.000000
v -71.178932 39.991980 20.000000
v -71.178932 50.008020 20.000000
v -71.089554 -50.002007 20.000000
v -71.089554 -39.997995 20.000000
v -71.089554 39.997995 20.000000
v -71.089554 50.002007 20.000000
v -70.999999 -50.000000 2.000000
v -70.999999 -50.000000 20.000000
v -70.999999 -40.000000 2.000000
v -70.999999 -40.000000 20.000000
v -70.999999 40.000000 2.000000
v -70.999999 40.000000 20.000000
v -70.999999 50.000000 2.000000
v -70.999999 50.000000 20.000000
v -70.000000 -47.800002 16.000000
v -70.000000 -47.800002 18.000000
v -70.000000 -42.199998 16.000000
v -70.000000 -42.199998 18.000000
v -70.000000 42.199998 16.000000
v -70.000000 42.199998 18.000000
v -70.000000 47.800002 16.000000
v -70.000000 47.800002 18.000000
v -69.913416 -57.619400 2.000000
v -69.913416 -57.619400 20.999999
v -69.913416 57.619400 2.000000
v -69.913416 57.619400 20.999999
v -69.854102 -58.706341 20.000000
v -69.854102 -58.706341 20.999999
v -69.854102 58.706341 20.000000
v -69.854102 58.706341 20.999999
v -69.576459 -50.000000 4.494479
v -69.576459 -40.000000 4.494479
v -69.576459 40.000000 4.494479
v -69.576459 50.000000 4.494479
v -69.512415 -50.000000 3.300985
v -69.512415 -40.000000 3.300985
v -69.512415 40.000000 3.300985
v -69.512415 50.000000 3.300985
v -68.948412 -50.000000 5.511378
v -68.948412 -40.000000 5.511378
v -68.948412 40.000000 5.511378
v -68.948412 50.000000 5.511378
v -68.779154 -50.000000 2.357132
v -68.779154 -40.000000 2.357132
v -68.779154 40.000000 2.357132
v -68.779154 50.000000 2.357132
v -68.000002 -59.000001 20.000000
v -68.000002 -59.000001 20.999999
v -68.000002 -58.000002 2.000000
v -68.000002 -58.000002 20.999999
v -68.000002 58.000002 2.000000
v -68.000002 58.000002 20.999999
v -68.000002 59.000001 20.000000
v -68.000002 59.000001 20.999999
v -67.638550 -50.000000 2.000000
v -67.638550 -40.000000 2.000000
v -67.638550 40.000000 2.000000
v -67.638550 50.000000 2.000000
v -66.700001 -45.000000 7.460000
v -66.700001 -45.000000 16.000000
v -66.700001 -45.000000 18.000000
v -66.700001 -45.000000 20.000000
v -66.700001 45.000000 7.460000
v -66.700001 45.000000 16.000000
v -66.700001 45.000000 18.000000
v -66.700001 45.000000 20.000000
v -66.570597 -45.650563 7.572151
v -66.570597 -44.349437 7.572151
v -66.570597 44.349437 7.572151
v -66.570597 45.650563 7.572151
v -66.375327 -45.999236 16.000000
v -66.375327 -45.999236 18.000000
v -66.375327 -45.999236 20.000000
v -66.375327 -44.000764 16.000000
v -66.375327 -44.000764 18.000000
v -66.375327 -44.000764 20.000000
v -66.375327 44.000764 16.000000
v -66.375327 44.000764 18.000000
v -66.375327 44.000764 20.000000
v -66.375327 45.999236 16.000000
v -66.375327 45.999236 18.000000
v -66.375327 45.999236 20.000000
v -66.202083 -46.202083 7.891529
v -66.202083 -43.797917 7.891529
v -66.202083 43.797917 7.891529
v -66.202083 46.202083 7.891529
v -65.650563 -46.570597 8.369513
v -65.650563 -43.429403 8.369513
v -65.650563 43.429403 8.369513
v -65.650563 46.570597 8.369513
v -65.525327 -46.616797 16.000000
v -65.525327 -46.616797 18.000000
v -65.525327 -46.616797 20.000000
v -65.525327 -43.383203 16.000000
v -65.525327 -43.383203 18.000000
v -65.525327 -43.383203 20.000000
v -65.525327 43.383203 16.000000
v -65.525327 43.383203 18.000000
v -65.525327 43.383203 20.000000
v -65.525327 46.616797 16.000000
v -65.525327 46.616797 18.000000
v -65.525327 46.616797 20.000000
v -65.000000 -46.700001 8.933333
v -65.000000 -43.299999 8.933333
v -65.000000 43.299999 8.933333
v -65.000000 46.700001 8.933333
v -65.000000 58.000002 20.000000
v -65.000000 58.000002 20.999999
v -65.000000 59.000001 20.000000
v -65.000000 59.000001 20.999999
v -65.000000 60.000000 20.000000
v -64.474673 -46.616797 16.000000
v -64.474673 -46.616797 18.000000
v -64.474673 -46.616797 20.000000
v -64.474673 -43.383203 16.000000
v -64.474673 -43.383203 18.000000
v -64.474673 -43.383203 20.000000
v -64.474673 43.383203 16.000000
v -64.474673 43.383203 18.000000
v -64.474673 43.383203 20.000000
v -64.474673 46.616797 16.000000
v -64.474673 46.616797 18.000000
v -64.474673 46.616797 20.000000
v -64.349437 -46.570597 9.497154
v -64.349437 -43.429403 9.497154
v -64.349437 43.429403 9.497154
v -64.349437 46.570597 9.497154
v -63.797917 -46.202083 9.975137
v -63.797917 -43.797917 9.975137
v -63.797917 43.797917 9.975137
v -63.797917 46.202083 9.975137
v -63.624673 -45.999236 16.000000
v -63.624673 -45.999236 18.000000
v -63.624673 -45.999236 20.000000
v -63.624673 -44.000764 16.000000
v -63.624673 -44.000764 18.000000
v -63.624673 -44.000764 20.000000
v -63.624673 44.000764 16.000000
v -63.624673 44.000764 18.000000
v -63.624673 44.000764 20.000000
v -63.624673 45.999236 16.000000
v -63.624673 45.999236 18.000000
v -63.624673 45.999236 20.000000
v -63.429403 -45.650563 10.294516
v -63.429403 -44.349437 10.294516
v -63.429403 44.349437 10.294516
v -63.429403 45.650563 10.294516
v -63.299999 -45.000000 10.406667
v -63.299999 -45.000000 16.000000
v -63.299999 -45.000000 18.000000
v -63.299999 -45.000000 20.000000
v -63.299999 45.000000 10.406667
v -63.299999 45.000000 16.000000
v -63.299999 45.000000 18.000000
v -63.299999 45.000000 20.000000
v -63.086581 58.000002 20.380602
v -63.086581 60.000000 20.380602
v -61.464467 58.000002 21.464467
v -61.464467 60.000000 21.464467
v -60.380602 58.000002 23.086584
v -60.380602 60.000000 23.086584
v -60.000000 -50.000000 13.266667
v -60.000000 -50.000000 20.000000
v -60.000000 -40.000000 13.266667
v -60.000000 -40.000000 20.000000
v -60.000000 40.000000 13.266667
v -60.000000 40.000000 20.000000
v -60.000000 50.000000 13.266667
v -60.000000 50.000000 20.000000
v -60.000000 58.000002 25.000000
v -60.000000 58.000002 35.000000
v -60.000000 60.000000 25.000000
v -60.000000 60.000000 35.000000
v -59.619398 58.000002 36.913416
v -59.619398 60.000000 36.913416
v -59.234633 -49.847760 13.929985
v -59.234633 -40.152240 13.929985
v -59.234633 40.152240 13.929985
v -59.234633 49.847760 13.929985
v -59.000001 -49.732051 20.000000
v -59.000001 -40.267949 20.000000
v -59.000001 40.267949 20.000000
v -59.000001 49.732051 20.000000
v -58.585787 -49.414215 14.492319
v -58.585787 -40.585785 14.492319
v -58.585787 40.585785 14.492319
v -58.585787 49.414215 14.492319
v -58.535533 58.000002 38.535533
v -58.535533 60.000000 38.535533
v -58.267951 -49.000001 20.000000
v -58.267951 -40.999999 20.000000
v -58.267951 40.999999 20.000000
v -58.267951 49.000001 20.000000
v -58.152242 -48.765368 14.868058
v -58.152242 -41.234632 14.868058
v -58.152242 41.234632 14.868058
v -58.152242 48.765368 14.868058
v -58.000002 -48.000002 15.000000
v -58.000002 -48.000002 20.000000
v -58.000002 -47.800002 16.000000
v -58.000002 -47.800002 18.000000
v -58.000002 -42.199998 16.000000
v -58.000002 -42.199998 18.000000
v -58.000002 -41.999998 15.000000
v -58.000002 -41.999998 20.000000
v -58.000002 41.999998 15.000000
v -58.000002 41.999998 20.000000
v -58.000002 42.199998 16.000000
v -58.000002 42.199998 18.000000
v -58.000002 47.800002 16.000000
v -58.000002 47.800002 18.000000
v -58.000002 48.000002 15.000000
v -58.000002 48.000002 20.000000
v -57.906861 58.000002 18.638333
v -57.906861 58.000002 21.361666
v -57.906861 60.000000 18.638333
v -57.906861 60.000000 21.361666
v -57.172112 58.000002 16.015989
v -57.172112 58.000002 23.984010
v -57.172112 60.000000 16.015989
v -57.172112 60.000000 23.984010
v -56.913419 58.000002 39.619398
v -56.913419 60.000000 39.619398
v -55.757113 58.000002 13.689121
v -55.757113 58.000002 26.310880
v -55.757113 60.000000 13.689121
v -55.757113 60.000000 26.310880
v -55.000000 58.000002 40.000000
v -55.000000 60.000000 40.000000
v -53.766804 58.000002 11.830301
v -53.766804 58.000002 28.169699
v -53.766804 60.000000 11.830301
v -53.766804 60.000000 28.169699
v -51.348796 58.000002 10.577390
v -51.348796 58.000002 29.422610
v -51.348796 60.000000 10.577390
v -51.348796 60.000000 29.422610
v -48.682423 58.000002 10.023313
v -48.682423 58.000002 29.976687
v -48.682423 60.000000 10.023313
v -48.682423 60.000000 29.976687
v -46.750002 -40.000000 2.000000
v -46.750002 40.000000 2.000000
v -46.657939 -41.111012 8.250000
v -46.657939 -38.888986 8.250000
v -46.657939 38.888986 8.250000
v -46.657939 41.111012 8.250000
v -46.384268 -42.191720 2.000000
v -46.384268 -37.808278 2.000000
v -46.384268 37.808278 2.000000
v -46.384268 42.191720 2.000000
v -45.965438 58.000002 10.209159
v -45.965438 58.000002 29.790840
v -45.965438 60.000000 10.209159
v -45.965438 60.000000 29.790840
v -45.936446 -43.212643 8.250000
v -45.936446 -36.787355 8.250000
v -45.936446 36.787355 8.250000
v -45.936446 43.212643 8.250000
v -45.326700 -44.145937 2.000000
v -45.326700 -35.854063 2.000000
v -45.326700 35.854063 2.000000
v -45.326700 44.145937 2.000000
v -44.571652 -44.966135 8.250000
v -44.571652 -35.033863 8.250000
v -44.571652 35.033863 8.250000
v -44.571652 44.966135 8.250000
v -43.691902 -45.650873 2.000000
v -43.691902 -34.349127 2.000000
v -43.691902 34.349127 2.000000
v -43.691902 45.650873 2.000000
v -43.399348 58.000002 11.121148
v -43.399348 58.000002 28.878853
v -43.399348 60.000000 11.121148
v -43.399348 60.000000 28.878853
v -43.175426 -40.000000 0.000000
v -43.175426 -40.000000 5.000000
v -43.175426 40.000000 0.000000
v -43.175426 40.000000 5.000000
v -42.912827 -40.717945 12.000000
v -42.912827 -39.282053 12.000000
v -42.912827 39.282053 12.000000
v -42.912827 40.717945 12.000000
v -42.711444 -46.181469 8.250000
v -42.711444 -33.818531 8.250000
v -42.711444 33.818531 8.250000
v -42.711444 46.181469 8.250000
v -42.245531 -41.989369 12.000000
v -42.245531 -38.010633 12.000000
v -42.245531 38.010633 12.000000
v -42.245531 41.989369 12.000000
v -41.700001 -40.000000 5.000000
v -41.700001 -40.000000 12.000000
v -41.700001 40.000000 5.000000
v -41.700001 40.000000 12.000000
v -41.657028 -46.543450 2.000000
v -41.657028 -33.456547 2.000000
v -41.657028 33.456547 2.000000
v -41.657028 46.543450 2.000000
v -41.587715 -42.750001 0.000000
v -41.587715 -42.750001 5.000000
v -41.587715 -37.249999 0.000000
v -41.587715 -37.249999 5.000000
v -41.587715 37.249999 0.000000
v -41.587715 37.249999 5.000000
v -41.587715 42.750001 0.000000
v -41.587715 42.750001 5.000000
v -41.375327 -40.999236 5.000000
v -41.375327 -40.999236 12.000000
v -41.375327 -39.000764 5.000000
v -41.375327 -39.000764 12.000000
v -41.375327 39.000764 5.000000
v -41.375327 39.000764 12.000000
v -41.375327 40.999236 5.000000
v -41.375327 40.999236 12.000000
v -41.174469 58.000002 12.691641
v -41.174469 58.000002 27.308359
v -41.174469 60.000000 12.691641
v -41.174469 60.000000 27.308359
v -41.063814 -42.805047 12.000000
v -41.063814 -37.194951 12.000000
v -41.063814 37.194951 12.000000
v -41.063814 42.805047 12.000000
v -40.557408 -46.726947 8.250000
v -40.557408 -33.273056 8.250000
v -40.557408 33.273056 8.250000
v -40.557408 46.726947 8.250000
v -40.525327 -41.616797 5.000000
v -40.525327 -41.616797 12.000000
v -40.525327 -38.383205 5.000000
v -40.525327 -38.383205 12.000000
v -40.525327 38.383205 5.000000
v -40.525327 38.383205 12.000000
v -40.525327 41.616797 5.000000
v -40.525327 41.616797 12.000000
v -39.638391 -42.978125 12.000000
v -39.638391 -37.021873 12.000000
v -39.638391 37.021873 12.000000
v -39.638391 42.978125 12.000000
v -39.474671 -41.616797 5.000000
v -39.474671 -41.616797 12.000000
v -39.474671 -38.383205 5.000000
v -39.474671 -38.383205 12.000000
v -39.474671 38.383205 5.000000
v -39.474671 38.383205 12.000000
v -39.474671 41.616797 5.000000
v -39.474671 41.616797 12.000000
v -39.455805 58.000002 14.804161
v -39.455805 58.000002 25.195839
v -39.455805 60.000000 14.804161
v -39.455805 60.000000 25.195839
v -39.442589 -46.726947 2.000000
v -39.442589 -33.273056 2.000000
v -39.442589 33.273056 2.000000
v -39.442589 46.726947 2.000000
v -38.624671 -40.999236 5.000000
v -38.624671 -40.999236 12.000000
v -38.624671 -39.000764 5.000000
v -38.624671 -39.000764 12.000000
v -38.624671 39.000764 5.000000
v -38.624671 39.000764 12.000000
v -38.624671 40.999236 5.000000
v -38.624671 40.999236 12.000000
v -38.412287 -42.750001 0.000000
v -38.412287 -42.750001 5.000000
v -38.412287 -37.249999 0.000000
v -38.412287 -37.249999 5.000000
v -38.412287 37.249999 0.000000
v -38.412287 37.249999 5.000000
v -38.412287 42.750001 0.000000
v -38.412287 42.750001 5.000000
v -38.370826 58.000002 17.302033
v -38.370826 58.000002 22.697968
v -38.370826 60.000000 17.302033
v -38.370826 60.000000 22.697968
v -38.342972 -46.543450 8.250000
v -38.342972 -33.456547 8.250000
v -38.342972 33.456547 8.250000
v -38.342972 46.543450 8.250000
v -38.299999 -40.000000 5.000000
v -38.299999 -40.000000 12.000000
v -38.299999 40.000000 5.000000
v -38.299999 40.000000 12.000000
v -38.295805 -42.468953 12.000000
v -38.295805 -37.531049 12.000000
v -38.295805 37.531049 12.000000
v -38.295805 42.468953 12.000000
v -38.000000 58.000002 20.000000
v -38.000000 60.000000 20.000000
v -37.343631 -41.394172 12.000000
v -37.343631 -38.605831 12.000000
v -37.343631 38.605831 12.000000
v -37.343631 41.394172 12.000000
v -37.288556 -46.181469 2.000000
v -37.288556 -33.818531 2.000000
v -37.288556 33.818531 2.000000
v -37.288556 46.181469 2.000000
v -37.000000 -40.000000 12.000000
v -37.000000 40.000000 12.000000
v -36.824574 -40.000000 0.000000
v -36.824574 -40.000000 5.000000
v -36.824574 40.000000 0.000000
v -36.824574 40.000000 5.000000
v -36.308100 -45.650873 8.250000
v -36.308100 -34.349127 8.250000
v -36.308100 34.349127 8.250000
v -36.308100 45.650873 8.250000
v -35.428350 -44.966135 2.000000
v -35.428350 -35.033863 2.000000
v -35.428350 35.033863 2.000000
v -35.428350 44.966135 2.000000
v -34.673302 -44.145937 8.250000
v -34.673302 -35.854063 8.250000
v -34.673302 35.854063 8.250000
v -34.673302 44.145937 8.250000
v -34.063551 -43.212643 2.000000
v -34.063551 -36.787355 2.000000
v -34.063551 36.787355 2.000000
v -34.063551 43.212643 2.000000
v -33.615735 -42.191720 8.250000
v -33.615735 -37.808278 8.250000
v -33.615735 37.808278 8.250000
v -33.615735 42.191720 8.250000
v -33.342061 -41.111012 2.000000
v -33.342061 -38.888986 2.000000
v -33.342061 38.888986 2.000000
v -33.342061 41.111012 2.000000
v -33.250000 -40.000000 8.250000
v -33.250000 40.000000 8.250000
v -29.406352 58.000002 18.989378
v -29.406352 58.000002 21.010623
v -29.406352 60.000000 18.989378
v -29.406352 60.000000 21.010623
v -28.676195 58.000002 17.104623
v -28.676195 58.000002 22.895377
v -28.676195 60.000000 17.104623
v -28.676195 60.000000 22.895377
v -27.314491 58.000002 15.610905
v -27.314491 58.000002 24.389095
v -27.314491 60.000000 15.610905
v -27.314491 60.000000 24.389095
v -25.505147 58.000002 14.709959
v -25.505147 58.000002 25.290041
v -25.505147 60.000000 14.709959
v -25.505147 60.000000 25.290041
v -25.000000 58.000002 40.000000
v -25.000000 58.000002 40.999999
v -25.000000 59.000001 40.000000
v -25.000000 59.000001 40.999999
v -23.492525 58.000002 14.523462
v -23.492525 58.000002 25.476539
v -23.492525 60.000000 14.523462
v -23.492525 60.000000 25.476539
v -21.548438 58.000002 15.076602
v -21.548438 58.000002 24.923398
v -21.548438 60.000000 15.076602
v -21.548438 60.000000 24.923398
v -19.935451 58.000002 16.294674
v -19.935451 58.000002 23.705325
v -19.935451 60.000000 16.294674
v -19.935451 60.000000 23.705325
v -18.871403 58.000002 18.013171
v -18.871403 58.000002 21.986830
v -18.871403 60.000000 18.013171
v -18.871403 60.000000 21.986830
v -18.500000 58.000002 20.000000
v -18.500000 60.000000 20.000000
v -13.406352 58.000002 18.989378
v -13.406352 58.000002 21.010623
v -13.406352 60.000000 18.989378
v -13.406352 60.000000 21.010623
v -12.676194 58.000002 17.104623
v -12.676194 58.000002 22.895377
v -12.676194 60.000000 17.104623
v -12.676194 60.000000 22.895377
v -11.314491 58.000002 15.610905
v -11.314491 58.000002 24.389095
v -11.314491 60.000000 15.610905
v -11.314491 60.000000 24.389095
v -9.505147 58.000002 14.709959
v -9.505147 58.000002 25.290041
v -9.505147 60.000000 14.709959
v -9.505147 60.000000 25.290041
v -7.492524 58.000002 14.523462
v -7.492524 58.000002 25.476539
v -7.492524 60.000000 14.523462
v -7.492524 60.000000 25.476539
v -5.548439 58.000002 15.076602
v -5.548439 58.000002 24.923398
v -5.548439 60.000000 15.076602
v -5.548439 60.000000 24.923398
v -4.000000 -47.024999 2.000000
v -4.000000 -47.024999 3.450000
v -4.000000 -43.024998 2.000000
v -4.000000 -43.024998 3.450000
v -4.000000 43.024998 2.000000
v -4.000000 43.024998 3.450000
v -4.000000 47.024999 2.000000
v -4.000000 47.024999 3.450000
v -3.935451 58.000002 16.294674
v -3.935451 58.000002 23.705325
v -3.935451 60.000000 16.294674
v -3.935451 60.000000 23.705325
v -3.732051 -48.024998 2.000000
v -3.732051 -48.024998 3.450000
v -3.732051 -42.024999 2.000000
v -3.732051 -42.024999 3.450000
v -3.732051 42.024999 2.000000
v -3.732051 42.024999 3.450000
v -3.732051 48.024998 2.000000
v -3.732051 48.024998 3.450000
v -3.000000 -48.757052 2.000000
v -3.000000 -48.757052 3.450000
v -3.000000 -41.292949 2.000000
v -3.000000 -41.292949 3.450000
v -3.000000 41.292949 2.000000
v -3.000000 41.292949 3.450000
v -3.000000 48.757052 2.000000
v -3.000000 48.757052 3.450000
v -2.871403 58.000002 18.013171
v -2.871403 58.000002 21.986830
v -2.871403 60.000000 18.013171
v -2.871403 60.000000 21.986830
v -2.750000 -46.612711 0.000000
v -2.750000 -46.612711 2.600000
v -2.750000 -43.437285 0.000000
v -2.750000 -43.437285 2.600000
v -2.750000 43.437285 0.000000
v -2.750000 43.437285 2.600000
v -2.750000 46.612711 0.000000
v -2.750000 46.612711 2.600000
v -2.500000 58.000002 20.000000
v -2.500000 60.000000 20.000000
v -2.000000 -49.025002 2.000000
v -2.000000 -49.025002 3.450000
v -2.000000 -41.025000 2.000000
v -2.000000 -41.025000 3.450000
v -2.000000 41.025000 2.000000
v -2.000000 41.025000 3.450000
v -2.000000 49.025002 2.000000
v -2.000000 49.025002 3.450000
v -1.700000 -45.025001 2.600000
v -1.700000 -45.025001 3.450000
v -1.700000 45.025001 2.600000
v -1.700000 45.025001 3.450000
v -1.375329 -46.024237 2.600000
v -1.375329 -46.024237 3.450000
v -1.375329 -44.025764 2.600000
v -1.375329 -44.025764 3.450000
v -1.375329 44.025764 2.600000
v -1.375329 44.025764 3.450000
v -1.375329 46.024237 2.600000
v -1.375329 46.024237 3.450000
v -0.525329 -46.641798 2.600000
v -0.525329 -46.641798 3.450000
v -0.525329 -43.408203 2.600000
v -0.525329 -43.408203 3.450000
v -0.525329 43.408203 2.600000
v -0.525329 43.408203 3.450000
v -0.525329 46.641798 2.600000
v -0.525329 46.641798 3.450000
v 0.000000 -48.200426 0.000000
v 0.000000 -48.200426 2.600000
v 0.000000 -41.849575 0.000000
v 0.000000 -41.849575 2.600000
v 0.000000 41.849575 0.000000
v 0.000000 41.849575 2.600000
v 0.000000 48.200426 0.000000
v 0.000000 48.200426 2.600000
v 0.525329 -46.641798 2.600000
v 0.525329 -46.641798 3.450000
v 0.525329 -43.408203 2.600000
v 0.525329 -43.408203 3.450000
v 0.525329 43.408203 2.600000
v 0.525329 43.408203 3.450000
v 0.525329 46.641798 2.600000
v 0.525329 46.641798 3.450000
v 1.375329 -46.024237 2.600000
v 1.375329 -46.024237 3.450000
v 1.375329 -44.025764 2.600000
v 1.375329 -44.025764 3.450000
v 1.375329 44.025764 2.600000
v 1.375329 44.025764 3.450000
v 1.375329 46.024237 2.600000
v 1.375329 46.024237 3.450000
v 1.700000 -45.025001 2.600000
v 1.700000 -45.025001 3.450000
v 1.700000 45.025001 2.600000
v 1.700000 45.025001 3.450000
v 2.000000 -49.025002 2.000000
v 2.000000 -49.025002 3.450000
v 2.000000 -41.025000 2.000000
v 2.000000 -41.025000 3.450000
v 2.000000 41.025000 2.000000
v 2.000000 41.025000 3.450000
v 2.000000 49.025002 2.000000
v 2.000000 49.025002 3.450000
v 2.593648 58.000002 18.989378
v 2.593648 58.000002 21.010623
v 2.593648 60.000000 18.989378
v 2.593648 60.000000 21.010623
v 2.750000 -46.612711 0.000000
v 2.750000 -46.612711 2.600000
v 2.750000 -43.437285 0.000000
v 2.750000 -43.437285 2.600000
v 2.750000 43.437285 0.000000
v 2.750000 43.437285 2.600000
v 2.750000 46.612711 0.000000
v 2.750000 46.612711 2.600000
v 3.000000 -48.757052 2.000000
v 3.000000 -48.757052 3.450000
v 3.000000 -41.292949 2.000000
v 3.000000 -41.292949 3.450000
v 3.000000 41.292949 2.000000
v 3.000000 41.292949 3.450000
v 3.000000 48.757052 2.000000
v 3.000000 48.757052 3.450000
v 3.323806 58.000002 17.104623
v 3.323806 58.000002 22.895377
v 3.323806 60.000000 17.104623
v 3.323806 60.000000 22.895377
v 3.732051 -48.024998 2.000000
v 3.732051 -48.024998 3.450000
v 3.732051 -42.024999 2.000000
v 3.732051 -42.024999 3.450000
v 3.732051 42.024999 2.000000
v 3.732051 42.024999 3.450000
v 3.732051 48.024998 2.000000
v 3.732051 48.024998 3.450000
v 4.000000 -47.024999 2.000000
v 4.000000 -47.024999 3.450000
v 4.000000 -43.024998 2.000000
v 4.000000 -43.024998 3.450000
v 4.000000 43.024998 2.000000
v 4.000000 43.024998 3.450000
v 4.000000 47.024999 2.000000
v 4.000000 47.024999 3.450000
v 4.685510 58.000002 15.610905
v 4.685510 58.000002 24.389095
v 4.685510 60.000000 15.610905
v 4.685510 60.000000 24.389095
v 6.494853 58.000002 14.709959
v 6.494853 58.000002 25.290041
v 6.494853 60.000000 14.709959
v 6.494853 60.000000 25.290041
v 8.507476 58.000002 14.523462
v 8.507476 58.000002 25.476539
v 8.507476 60.000000 14.523462
v 8.507476 60.000000 25.476539
v 10.451561 58.000002 15.076602
v 10.451561 58.000002 24.923398
v 10.451561 60.000000 15.076602
v 10.451561 60.000000 24.923398
v 12.064549 58.000002 16.294674
v 12.064549 58.000002 23.705325
v 12.064549 60.000000 16.294674
v 12.064549 60.000000 23.705325
v 13.128598 58.000002 18.013171
v 13.128598 58.000002 21.986830
v 13.128598 60.000000 18.013171
v 13.128598 60.000000 21.986830
v 13.500000 58.000002 20.000000
v 13.500000 60.000000 20.000000
v 18.593647 58.000002 18.989378
v 18.593647 58.000002 21.010623
v 18.593647 60.000000 18.989378
v 18.593647 60.000000 21.010623
v 19.323806 58.000002 17.104623
v 19.323806 58.000002 22.895377
v 19.323806 60.000000 17.104623
v 19.323806 60.000000 22.895377
v 20.685511 58.000002 15.610905
v 20.685511 58.000002 24.389095
v 20.685511 60.000000 15.610905
v 20.685511 60.000000 24.389095
v 22.494853 58.000002 14.709959
v 22.494853 58.000002 25.290041
v 22.494853 60.000000 14.709959
v 22.494853 60.000000 25.290041
v 24.507475 58.000002 14.523462
v 24.507475 58.000002 25.476539
v 24.507475 60.000000 14.523462
v 24.507475 60.000000 25.476539
v 25.000000 58.000002 40.000000
v 25.000000 58.000002 40.999999
v 25.000000 59.000001 40.000000
v 25.000000 59.000001 40.999999
v 26.451561 58.000002 15.076602
v 26.451561 58.000002 24.923398
v 26.451561 60.000000 15.076602
v 26.451561 60.000000 24.923398
v 28.064549 58.000002 16.294674
v 28.064549 58.000002 23.705325
v 28.064549 60.000000 16.294674
v 28.064549 60.000000 23.705325
v 29.128597 58.000002 18.013171
v 29.128597 58.000002 21.986830
v 29.128597 60.000000 18.013171
v 29.128597 60.000000 21.986830
v 29.500000 58.000002 20.000000
v 29.500000 60.000000 20.000000
v 33.250000 -40.000000 2.000000
v 33.250000 40.000000 2.000000
v 33.342061 -41.111012 8.250000
v 33.342061 -38.888986 8.250000
v 33.342061 38.888986 8.250000
v 33.342061 41.111012 8.250000
v 33.615735 -42.191720 2.000000
v 33.615735 -37.808278 2.000000
v 33.615735 37.808278 2.000000
v 33.615735 42.191720 2.000000
v 34.063551 -43.212643 8.250000
v 34.063551 -36.787355 8.250000
v 34.063551 36.787355 8.250000
v 34.063551 43.212643 8.250000
v 34.673302 -44.145937 2.000000
v 34.673302 -35.854063 2.000000
v 34.673302 35.854063 2.000000
v 34.673302 44.145937 2.000000
v 35.428350 -44.966135 8.250000
v 35.428350 -35.033863 8.250000
v 35.428350 35.033863 8.250000
v 35.428350 44.966135 8.250000
v 36.308100 -45.650873 2.000000
v 36.308100 -34.349127 2.000000
v 36.308100 34.349127 2.000000
v 36.308100 45.650873 2.000000
v 36.824574 -40.000000 0.000000
v 36.824574 -40.000000 5.000000
v 36.824574 40.000000 0.000000
v 36.824574 40.000000 5.000000
v 37.087173 -40.717945 12.000000
v 37.087173 -39.282053 12.000000
v 37.087173 39.282053 12.000000
v 37.087173 40.717945 12.000000
v 37.288556 -46.181469 8.250000
v 37.288556 -33.818531 8.250000
v 37.288556 33.818531 8.250000
v 37.288556 46.181469 8.250000
v 37.754469 -41.989369 12.000000
v 37.754469 -38.010633 12.000000
v 37.754469 38.010633 12.000000
v 37.754469 41.989369 12.000000
v 38.093140 58.000002 18.638333
v 38.093140 58.000002 21.361666
v 38.093140 60.000000 18.638333
v 38.093140 60.000000 21.361666
v 38.299999 -40.000000 5.000000
v 38.299999 -40.000000 12.000000
v 38.299999 40.000000 5.000000
v 38.299999 40.000000 12.000000
v 38.342972 -46.543450 2.000000
v 38.342972 -33.456547 2.000000
v 38.342972 33.456547 2.000000
v 38.342972 46.543450 2.000000
v 38.412287 -42.750001 0.000000
v 38.412287 -42.750001 5.000000
v 38.412287 -37.249999 0.000000
v 38.412287 -37.249999 5.000000
v 38.412287 37.249999 0.000000
v 38.412287 37.249999 5.000000
v 38.412287 42.750001 0.000000
v 38.412287 42.750001 5.000000
v 38.624671 -40.999236 5.000000
v 38.624671 -40.999236 12.000000
v 38.624671 -39.000764 5.000000
v 38.624671 -39.000764 12.000000
v 38.624671 39.000764 5.000000
v 38.624671 39.000764 12.000000
v 38.624671 40.999236 5.000000
v 38.624671 40.999236 12.000000
v 38.827887 58.000002 16.015989
v 38.827887 58.000002 23.984010
v 38.827887 60.000000 16.015989
v 38.827887 60.000000 23.984010
v 38.936186 -42.805047 12.000000
v 38.936186 -37.194951 12.000000
v 38.936186 37.194951 12.000000
v 38.936186 42.805047 12.000000
v 39.442589 -46.726947 8.250000
v 39.442589 -33.273056 8.250000
v 39.442589 33.273056 8.250000
v 39.442589 46.726947 8.250000
v 39.474671 -41.616797 5.000000
v 39.474671 -41.616797 12.000000
v 39.474671 -38.383205 5.000000
v 39.474671 -38.383205 12.000000
v 39.474671 38.383205 5.000000
v 39.474671 38.383205 12.000000
v 39.474671 41.616797 5.000000
v 39.474671 41.616797 12.000000
v 40.242887 58.000002 13.689121
v 40.242887 58.000002 26.310880
v 40.242887 60.000000 13.689121
v 40.242887 60.000000 26.310880
v 40.361609 -42.978125 12.000000
v 40.361609 -37.021873 12.000000
v 40.361609 37.021873 12.000000
v 40.361609 42.978125 12.000000
v 40.525327 -41.616797 5.000000
v 40.525327 -41.616797 12.000000
v 40.525327 -38.383205 5.000000
v 40.525327 -38.383205 12.000000
v 40.525327 38.383205 5.000000
v 40.525327 38.383205 12.000000
v 40.525327 41.616797 5.000000
v 40.525327 41.616797 12.000000
v 40.557408 -46.726947 2.000000
v 40.557408 -33.273056 2.000000
v 40.557408 33.273056 2.000000
v 40.557408 46.726947 2.000000
v 41.375327 -40.999236 5.000000
v 41.375327 -40.999236 12.000000
v 41.375327 -39.000764 5.000000
v 41.375327 -39.000764 12.000000
v 41.375327 39.000764 5.000000
v 41.375327 39.000764 12.000000
v 41.375327 40.999236 5.000000
v 41.375327 40.999236 12.000000
v 41.587715 -42.750001 0.000000
v 41.587715 -42.750001 5.000000
v 41.587715 -37.249999 0.000000
v 41.587715 -37.249999 5.000000
v 41.587715 37.249999 0.000000
v 41.587715 37.249999 5.000000
v 41.587715 42.750001 0.000000
v 41.587715 42.750001 5.000000
v 41.657028 -46.543450 8.250000
v 41.657028 -33.456547 8.250000
v 41.657028 33.456547 8.250000
v 41.657028 46.543450 8.250000
v 41.700001 -40.000000 5.000000
v 41.700001 -40.000000 12.000000
v 41.700001 40.000000 5.000000
v 41.700001 40.000000 12.000000
v 41.704192 -42.468953 12.000000
v 41.704192 -37.531049 12.000000
v 41.704192 37.531049 12.000000
v 41.704192 42.468953 12.000000
v 42.233195 58.000002 11.830301
v 42.233195 58.000002 28.169699
v 42.233195 60.000000 11.830301
v 42.233195 60.000000 28.169699
v 42.656369 -41.394172 12.000000
v 42.656369 -38.605831 12.000000
v 42.656369 38.605831 12.000000
v 42.656369 41.394172 12.000000
v 42.711444 -46.181469 2.000000
v 42.711444 -33.818531 2.000000
v 42.711444 33.818531 2.000000
v 42.711444 46.181469 2.000000
v 43.000002 -40.000000 12.000000
v 43.000002 40.000000 12.000000
v 43.175426 -40.000000 0.000000
v 43.175426 -40.000000 5.000000
v 43.175426 40.000000 0.000000
v 43.175426 40.000000 5.000000
v 43.691902 -45.650873 8.250000
v 43.691902 -34.349127 8.250000
v 43.691902 34.349127 8.250000
v 43.691902 45.650873 8.250000
v 44.571652 -44.966135 2.000000
v 44.571652 -35.033863 2.000000
v 44.571652 35.033863 2.000000
v 44.571652 44.966135 2.000000
v 44.651203 58.000002 10.577390
v 44.651203 58.000002 29.422610
v 44.651203 60.000000 10.577390
v 44.651203 60.000000 29.422610
v 45.326700 -44.145937 8.250000
v 45.326700 -35.854063 8.250000
v 45.326700 35.854063 8.250000
v 45.326700 44.145937 8.250000
v 45.936446 -43.212643 2.000000
v 45.936446 -36.787355 2.000000
v 45.936446 36.787355 2.000000
v 45.936446 43.212643 2.000000
v 46.384268 -42.191720 8.250000
v 46.384268 -37.808278 8.250000
v 46.384268 37.808278 8.250000
v 46.384268 42.191720 8.250000
v 46.657939 -41.111012 2.000000
v 46.657939 -38.888986 2.000000
v 46.657939 38.888986 2.000000
v 46.657939 41.111012 2.000000
v 46.750002 -40.000000 8.250000
v 46.750002 40.000000 8.250000
v 47.317576 58.000002 10.023313
v 47.317576 58.000002 29.976687
v 47.317576 60.000000 10.023313
v 47.317576 60.000000 29.976687
v 50.034561 58.000002 10.209159
v 50.034561 58.000002 29.790840
v 50.034561 60.000000 10.209159
v 50.034561 60.000000 29.790840
v 52.600651 58.000002 11.121148
v 52.600651 58.000002 28.878853
v 52.600651 60.000000 11.121148
v 52.600651 60.000000 28.878853
v 54.825530 58.000002 12.691641
v 54.825530 58.000002 27.308359
v 54.825530 60.000000 12.691641
v 54.825530 60.000000 27.308359
v 55.000000 58.000002 40.000000
v 55.000000 60.000000 40.000000
v 56.544194 58.000002 14.804161
v 56.544194 58.000002 25.195839
v 56.544194 60.000000 14.804161
v 56.544194 60.000000 25.195839
v 56.913419 58.000002 39.619398
v 56.913419 60.000000 39.619398
v 57.629175 58.000002 17.302033
v 57.629175 58.000002 22.697968
v 57.629175 60.000000 17.302033
v 57.629175 60.000000 22.697968
v 58.000002 -48.000002 15.000000
v 58.000002 -48.000002 20.000000
v 58.000002 -47.800002 16.000000
v 58.000002 -47.800002 18.000000
v 58.000002 -42.199998 16.000000
v 58.000002 -42.199998 18.000000
v 58.000002 -41.999998 15.000000
v 58.000002 -41.999998 20.000000
v 58.000002 41.999998 15.000000
v 58.000002 41.999998 20.000000
v 58.000002 42.199998 16.000000
v 58.000002 42.199998 18.000000
v 58.000002 47.800002 16.000000
v 58.000002 47.800002 18.000000
v 58.000002 48.000002 15.000000
v 58.000002 48.000002 20.000000
v 58.000002 58.000002 20.000000
v 58.000002 60.000000 20.000000
v 58.152242 -48.765368 14.868058
v 58.152242 -41.234632 14.868058
v 58.152242 41.234632 14.868058
v 58.152242 48.765368 14.868058
v 58.267951 -49.000001 20.000000
v 58.267951 -40.999999 20.000000
v 58.267951 40.999999 20.000000
v 58.267951 49.000001 20.000000
v 58.535533 58.000002 38.535533
v 58.535533 60.000000 38.535533
v 58.585787 -49.414215 14.492319
v 58.585787 -40.585785 14.492319
v 58.585787 40.585785 14.492319
v 58.585787 49.414215 14.492319
v 59.000001 -49.732051 20.000000
v 59.000001 -40.267949 20.000000
v 59.000001 40.267949 20.000000
v 59.000001 49.732051 20.000000
v 59.234633 -49.847760 13.929985
v 59.234633 -40.152240 13.929985
v 59.234633 40.152240 13.929985
v 59.234633 49.847760 13.929985
v 59.619398 58.000002 36.913416
v 59.619398 60.000000 36.913416
v 60.000000 -50.000000 13.266667
v 60.000000 -50.000000 20.000000
v 60.000000 -40.000000 13.266667
v 60.000000 -40.000000 20.000000
v 60.000000 40.000000 13.266667
v 60.000000 40.000000 20.000000
v 60.000000 50.000000 13.266667
v 60.000000 50.000000 20.000000
v 60.000000 58.000002 25.000000
v 60.000000 58.000002 35.000000
v 60.000000 60.000000 25.000000
v 60.000000 60.000000 35.000000
v 60.380602 58.000002 23.086584
v 60.380602 60.000000 23.086584
v 61.464467 58.000002 21.464467
v 61.464467 60.000000 21.464467
v 63.086581 58.000002 20.380602
v 63.086581 60.000000 20.380602
v 63.299999 -45.000000 10.406667
v 63.299999 -45.000000 16.000000
v 63.299999 -45.000000 18.000000
v 63.299999 -45.000000 20.000000
v 63.299999 45.000000 10.406667
v 63.299999 45.000000 16.000000
v 63.299999 45.000000 18.000000
v 63.299999 45.000000 20.000000
v 63.429403 -45.650563 10.294516
v 63.429403 -44.349437 10.294516
v 63.429403 44.349437 10.294516
v 63.429403 45.650563 10.294516
v 63.624673 -45.999236 16.000000
v 63.624673 -45.999236 18.000000
v 63.624673 -45.999236 20.000000
v 63.624673 -44.000764 16.000000
v 63.624673 -44.000764 18.000000
v 63.624673 -44.000764 20.000000
v 63.624673 44.000764 16.000000
v 63.624673 44.000764 18.000000
v 63.624673 44.000764 20.000000
v 63.624673 45.999236 16.000000
v 63.624673 45.999236 18.000000
v 63.624673 45.999236 20.000000
v 63.797917 -46.202083 9.975137
v 63.797917 -43.797917 9.975137
v 63.797917 43.797917 9.975137
v 63.797917 46.202083 9.975137
v 64.349437 -46.570597 9.497154
v 64.349437 -43.429403 9.497154
v 64.349437 43.429403 9.497154
v 64.349437 46.570597 9.497154
v 64.474673 -46.616797 16.000000
v 64.474673 -46.616797 18.000000
v 64.474673 -46.616797 20.000000
v 64.474673 -43.383203 16.000000
v 64.474673 -43.383203 18.000000
v 64.474673 -43.383203 20.000000
v 64.474673 43.383203 16.000000
v 64.474673 43.383203 18.000000
v 64.474673 43.383203 20.000000
v 64.474673 46.616797 16.000000
v 64.474673 46.616797 18.000000
v 64.474673 46.616797 20.000000
v 65.000000 -46.700001 8.933333
v 65.000000 -43.299999 8.933333
v 65.000000 43.299999 8.933333
v 65.000000 46.700001 8.933333
v 65.000000 58.000002 20.000000
v 65.000000 58.000002 20.999999
v 65.000000 59.000001 20.000000
v 65.000000 59.000001 20.999999
v 65.000000 60.000000 20.000000
v 65.525327 -46.616797 16.000000
v 65.525327 -46.616797 18.000000
v 65.525327 -46.616797 20.000000
v 65.525327 -43.383203 16.000000
v 65.525327 -43.383203 18.000000
v 65.525327 -43.383203 20.000000
v 65.525327 43.383203 16.000000
v 65.525327 43.383203 18.000000
v 65.525327 43.383203 20.000000
v 65.525327 46.616797 16.000000
v 65.525327 46.616797 18.000000
v 65.525327 46.616797 20.000000
v 65.650563 -46.570597 8.369513
v 65.650563 -43.429403 8.369513
v 65.650563 43.429403 8.369513
v 65.650563 46.570597 8.369513
v 66.202083 -46.202083 7.891529
v 66.202083 -43.797917 7.891529
v 66.202083 43.797917 7.891529
v 66.202083 46.202083 7.891529
v 66.375327 -45.999236 16.000000
v 66.375327 -45.999236 18.000000
v 66.375327 -45.999236 20.000000
v 66.375327 -44.000764 16.000000
v 66.375327 -44.000764 18.000000
v 66.375327 -44.000764 20.000000
v 66.375327 44.000764 16.000000
v 66.375327 44.000764 18.000000
v 66.375327 44.000764 20.000000
v 66.375327 45.999236 16.000000
v 66.375327 45.999236 18.000000
v 66.375327 45.999236 20.000000
v 66.570597 -45.650563 7.572151
v 66.570597 -44.349437 7.572151
v 66.570597 44.349437 7.572151
v 66.570597 45.650563 7.572151
v 66.700001 -45.000000 7.460000
v 66.700001 -45.000000 16.000000
v 66.700001 -45.000000 18.000000
v 66.700001 -45.000000 20.000000
v 66.700001 45.000000 7.460000
v 66.700001 45.000000 16.000000
v 66.700001 45.000000 18.000000
v 66.700001 45.000000 20.000000
v 67.638550 -50.000000 2.000000
v 67.638550 -40.000000 2.000000
v 67.638550 40.000000 2.000000
v 67.638550 50.000000 2.000000
v 68.000002 -59.000001 20.000000
v 68.000002 -59.000001 20.999999
v 68.000002 -58.000002 2.000000
v 68.000002 -58.000002 20.999999
v 68.000002 58.000002 2.000000
v 68.000002 58.000002 20.999999
v 68.000002 59.000001 20.000000
v 68.000002 59.000001 20.999999
v 68.779154 -50.000000 2.357132
v 68.779154 -40.000000 2.357132
v 68.779154 40.000000 2.357132
v 68.779154 50.000000 2.357132
v 68.948412 -50.000000 5.511378
v 68.948412 -40.000000 5.511378
v 68.948412 40.000000 5.511378
v 68.948412 50.000000 5.511378
v 69.512415 -50.000000 3.300985
v 69.512415 -40.000000 3.300985
v 69.512415 40.000000 3.300985
v 69.512415 50.000000 3.300985
v 69.576459 -50.000000 4.494479
v 69.576459 -40.000000 4.494479
v 69.576459 40.000000 4.494479
v 69.576459 50.000000 4.494479
v 69.854102 -58.706341 20.000000
v 69.854102 -58.706341 20.999999
v 69.854102 58.706341 20.000000
v 69.854102 58.706341 20.999999
v 69.913416 -57.619400 2.000000
v 69.913416 -57.619400 20.999999
v 69.913416 57.619400 2.000000
v 69.913416 57.619400 20.999999
v 70.000000 -47.800002 16.000000
v 70.000000 -47.800002 18.000000
v 70.000000 -42.199998 16.000000
v 70.000000 -42.199998 18.000000
v 70.000000 42.199998 16.000000
v 70.000000 42.199998 18.000000
v 70.000000 47.800002 16.000000
v 70.000000 47.800002 18.000000
v 70.999999 -50.000000 2.000000
v 70.999999 -50.000000 20.000000
v 70.999999 -40.000000 2.000000
v 70.999999 -40.000000 20.000000
v 70.999999 40.000000 2.000000
v 70.999999 40.000000 20.000000
v 70.999999 50.000000 2.000000
v 70.999999 50.000000 20.000000
v 71.526713 -57.854104 20.000000
v 71.526713 -57.854104 20.999999
v 71.526713 57.854104 20.000000
v 71.526713 57.854104 20.999999
v 71.535535 -56.535535 2.000000
v 71.535535 -56.535535 20.999999
v 71.535535 56.535535 2.000000
v 71.535535 56.535535 20.999999
v 71.999998 -50.267949 2.000000
v 71.999998 -50.267949 20.000000
v 71.999998 -39.732051 2.000000
v 71.999998 -39.732051 20.000000
v 71.999998 39.732051 2.000000
v 71.999998 39.732051 20.000000
v 71.999998 50.267949 2.000000
v 71.999998 50.267949 20.000000
v 72.619400 -54.913416 2.000000
v 72.619400 -54.913416 20.999999
v 72.619400 54.913416 2.000000
v 72.619400 54.913416 20.999999
v 72.732053 -50.999999 2.000000
v 72.732053 -50.999999 20.000000
v 72.732053 -39.000001 2.000000
v 72.732053 -39.000001 20.000000
v 72.732053 39.000001 2.000000
v 72.732053 39.000001 20.000000
v 72.732053 50.999999 2.000000
v 72.732053 50.999999 20.000000
v 72.854104 -56.526713 20.000000
v 72.854104 -56.526713 20.999999
v 72.854104 56.526713 20.000000
v 72.854104 56.526713 20.999999
v 73.000002 -60.000000 0.000000
v 73.000002 -60.000000 20.000000
v 73.000002 -53.000002 2.000000
v 73.000002 -53.000002 20.999999
v 73.000002 -51.999998 2.000000
v 73.000002 -51.999998 20.000000
v 73.000002 -38.000000 2.000000
v 73.000002 -38.000000 20.000000
v 73.000002 38.000000 2.000000
v 73.000002 38.000000 20.000000
v 73.000002 51.999998 2.000000
v 73.000002 51.999998 20.000000
v 73.000002 53.000002 2.000000
v 73.000002 53.000002 20.999999
v 73.000002 60.000000 0.000000
v 73.000002 60.000000 20.000000
v 73.706341 -54.854102 20.000000
v 73.706341 -54.854102 20.999999
v 73.706341 54.854102 20.000000
v 73.706341 54.854102 20.999999
v 74.000001 -59.732051 0.000000
v 74.000001 -59.732051 20.000000
v 74.000001 -53.000002 20.000000
v 74.000001 -53.000002 20.999999
v 74.000001 53.000002 20.000000
v 74.000001 53.000002 20.999999
v 74.000001 59.732051 0.000000
v 74.000001 59.732051 20.000000
v 74.732051 -59.000001 0.000000
v 74.732051 -59.000001 20.000000
v 74.732051 59.000001 0.000000
v 74.732051 59.000001 20.000000
v 75.000000 -58.000002 0.000000
v 75.000000 -58.000002 20.000000
v 75.000000 58.000002 0.000000
v 75.000000 58.000002 20.000000
vt -0.500000 0.157080 0.000000
vt -0.513194 0.078540 0.000000
vt -0.550768 0.000000 0.000000
vt -0.607002 -0.078540 0.000000
vt -0.673333 -0.157080 0.000000
vt -0.000000 -0.157080 0.000000
vt -0.000000 -0.052360 0.000000
vt -0.000000 0.052360 0.000000
vt -0.000000 0.157080 0.000000
vt 0.727813 0.250000 0.000000
vt 0.829093 0.265224 0.000000
vt 0.914955 0.308579 0.000000
vt 0.972326 0.373463 0.000000
vt 0.992472 0.450000 0.000000
vt 0.992472 1.050000 0.000000
vt 0.972326 1.126537 0.000000
vt 0.914955 1.191421 0.000000
vt 0.829093 1.234776 0.000000
vt 0.727813 1.250000 0.000000
vt -0.456327 1.250000 0.000000
vt -0.456327 0.250000 0.000000
vt 0.291125 0.750000 0.000000
vt 0.274001 0.684944 0.000000
vt 0.225236 0.629792 0.000000
vt 0.152253 0.592940 0.000000
vt 0.066165 0.580000 0.000000
vt -0.019924 0.592940 0.000000
vt -0.092906 0.629792 0.000000
vt -0.141671 0.684944 0.000000
vt -0.158795 0.750000 0.000000
vt -0.141671 0.815056 0.000000
vt -0.092906 0.870208 0.000000
vt -0.019924 0.907060 0.000000
vt 0.066165 0.920000 0.000000
vt 0.152253 0.907060 0.000000
vt 0.225236 0.870208 0.000000
vt 0.274001 0.815056 0.000000
vt 0.780000 0.400000 0.000000
vt 0.780000 0.200000 0.000000
vt 0.220000 0.200000 0.000000
vt 0.220000 0.400000 0.000000
vt 0.200000 0.500000 0.000000
vt 0.200000 0.000000 0.000000
vt 0.800000 0.000000 0.000000
vt 0.800000 0.500000 0.000000
vt -0.673333 0.157080 0.000000
vt -0.607002 0.078540 0.000000
vt -0.550768 0.000000 0.000000
vt -0.513194 -0.078540 0.000000
vt -0.500000 -0.157080 0.000000
vt -0.000000 -0.157080 0.000000
vt -0.000000 -0.052360 0.000000
vt -0.000000 0.052360 0.000000
vt -0.000000 0.157080 0.000000
vt -2.375000 0.242750 0.000000
vt -2.375000 0.121375 0.000000
vt -2.375000 0.000000 0.000000
vt -2.375000 -0.121375 0.000000
vt -2.375000 -0.242750 0.000000
vt -1.375000 -0.242750 0.000000
vt -1.375000 -0.121375 0.000000
vt -1.375000 0.000000 0.000000
vt -1.375000 0.121375 0.000000
vt -1.375000 0.242750 0.000000
vt 0.400000 -4.302500 0.000000
vt 0.400000 -4.702500 0.000000
vt 0.373205 -4.802500 0.000000
vt 0.300000 -4.875705 0.000000
vt 0.200000 -4.902500 0.000000
vt -0.200000 -4.902500 0.000000
vt -0.300000 -4.875705 0.000000
vt -0.373205 -4.802500 0.000000
vt -0.400000 -4.702500 0.000000
vt -0.400000 -4.302500 0.000000
vt -0.373205 -4.202500 0.000000
vt -0.300000 -4.129295 0.000000
vt -0.200000 -4.102500 0.000000
vt 0.200000 -4.102500 0.000000
vt 0.300000 -4.129295 0.000000
vt 0.373205 -4.202500 0.000000
vt -0.400000 4.302500 0.000000
vt -0.400000 4.702500 0.000000
vt -0.373205 4.802500 0.000000
vt -0.300000 4.875705 0.000000
vt -0.200000 4.902500 0.000000
vt 0.200000 4.902500 0.000000
vt 0.300000 4.875705 0.000000
vt 0.373205 4.802500 0.000000
vt 0.400000 4.702500 0.000000
vt 0.400000 4.302500 0.000000
vt 0.373205 4.202500 0.000000
vt 0.300000 4.129295 0.000000
vt 0.200000 4.102500 0.000000
vt -0.200000 4.102500 0.000000
vt -0.300000 4.129295 0.000000
vt -0.373205 4.202500 0.000000
vt 3.325000 4.000000 0.000000
vt 3.361573 4.219172 0.000000
vt 3.467330 4.414594 0.000000
vt 3.630810 4.565087 0.000000
vt 3.834297 4.654345 0.000000
vt 4.055741 4.672695 0.000000
vt 4.271144 4.618147 0.000000
vt 4.457165 4.496614 0.000000
vt 4.593645 4.321264 0.000000
vt 4.665794 4.111101 0.000000
vt 4.665794 3.888899 0.000000
vt 4.593645 3.678735 0.000000
vt 4.457165 3.503386 0.000000
vt 4.271144 3.381853 0.000000
vt 4.055741 3.327306 0.000000
vt 3.834297 3.345655 0.000000
vt 3.630810 3.434913 0.000000
vt 3.467330 3.585406 0.000000
vt 3.361573 3.780828 0.000000
vt -4.675000 -4.000000 0.000000
vt -4.638427 -3.780828 0.000000
vt -4.532670 -3.585406 0.000000
vt -4.369190 -3.434913 0.000000
vt -4.165703 -3.345655 0.000000
vt -3.944259 -3.327306 0.000000
vt -3.728856 -3.381853 0.000000
vt -3.542835 -3.503386 0.000000
vt -3.406355 -3.678735 0.000000
vt -3.334206 -3.888899 0.000000
vt -3.334206 -4.111101 0.000000
vt -3.406355 -4.321264 0.000000
vt -3.542835 -4.496614 0.000000
vt -3.728856 -4.618147 0.000000
vt -3.944259 -4.672695 0.000000
vt -4.165703 -4.654345 0.000000
vt -4.369190 -4.565087 0.000000
vt -4.532670 -4.414594 0.000000
vt -4.638427 -4.219172 0.000000
vt -4.675000 4.000000 0.000000
vt -4.638427 4.219172 0.000000
vt -4.532670 4.414594 0.000000
vt -4.369190 4.565087 0.000000
vt -4.165703 4.654345 0.000000
vt -3.944259 4.672695 0.000000
vt -3.728856 4.618147 0.000000
vt -3.542835 4.496614 0.000000
vt -3.406355 4.321264 0.000000
vt -3.334206 4.111101 0.000000
vt -3.334206 3.888899 0.000000
vt -3.406355 3.678735 0.000000
vt -3.542835 3.503386 0.000000
vt -3.728856 3.381853 0.000000
vt -3.944259 3.327306 0.000000
vt -4.165703 3.345655 0.000000
vt -4.369190 3.434913 0.000000
vt -4.532670 3.585406 0.000000
vt -4.638427 3.780828 0.000000
vt 3.325000 -4.000000 0.000000
vt 3.361573 -3.780828 0.000000
vt 3.467330 -3.585406 0.000000
vt 3.630810 -3.434913 0.000000
vt 3.834297 -3.345655 0.000000
vt 4.055741 -3.327306 0.000000
vt 4.271144 -3.381853 0.000000
vt 4.457165 -3.503386 0.000000
vt 4.593645 -3.678735 0.000000
vt 4.665794 -3.888899 0.000000
vt 4.665794 -4.111101 0.000000
vt 4.593645 -4.321264 0.000000
vt 4.457165 -4.496614 0.000000
vt 4.271144 -4.618147 0.000000
vt 4.055741 -4.672695 0.000000
vt 3.834297 -4.654345 0.000000
vt 3.630810 -4.565087 0.000000
vt 3.467330 -4.414594 0.000000
vt 3.361573 -4.219172 0.000000
vt 7.300000 -5.200000 0.000000
vt 7.273205 -5.100000 0.000000
vt 7.200000 -5.026795 0.000000
vt 7.100000 -5.000000 0.000000
vt 6.763855 -5.000000 0.000000
vt 6.763855 -4.000000 0.000000
vt 7.100000 -4.000000 0.000000
vt 7.200000 -3.973205 0.000000
vt 7.273205 -3.900000 0.000000
vt 7.300000 -3.800000 0.000000
vt 7.300000 3.800000 0.000000
vt 7.273205 3.900000 0.000000
vt 7.200000 3.973205 0.000000
vt 7.100000 4.000000 0.000000
vt 6.763855 4.000000 0.000000
vt 6.763855 5.000000 0.000000
vt 7.100000 5.000000 0.000000
vt 7.200000 5.026795 0.000000
vt 7.273205 5.100000 0.000000
vt 7.300000 5.200000 0.000000
vt 7.300000 5.300000 0.000000
vt 7.261940 5.491342 0.000000
vt 7.153553 5.653553 0.000000
vt 6.991342 5.761940 0.000000
vt 6.800000 5.800000 0.000000
vt -6.800000 5.800000 0.000000
vt -6.991342 5.761940 0.000000
vt -7.153553 5.653553 0.000000
vt -7.261940 5.491342 0.000000
vt -7.300000 5.300000 0.000000
vt -7.300000 5.200000 0.000000
vt -7.273205 5.100000 0.000000
vt -7.200000 5.026795 0.000000
vt -7.100000 5.000000 0.000000
vt -6.763855 5.000000 0.000000
vt -6.763855 4.000000 0.000000
vt -7.100000 4.000000 0.000000
vt -7.200000 3.973205 0.000000
vt -7.273205 3.900000 0.000000
vt -7.300000 3.800000 0.000000
vt -7.300000 -3.800000 0.000000
vt -7.273205 -3.900000 0.000000
vt -7.200000 -3.973205 0.000000
vt -7.100000 -4.000000 0.000000
vt -6.763855 -4.000000 0.000000
vt -6.763855 -5.000000 0.000000
vt -7.100000 -5.000000 0.000000
vt -7.200000 -5.026795 0.000000
vt -7.273205 -5.100000 0.000000
vt -7.300000 -5.200000 0.000000
vt -7.300000 -5.300000 0.000000
vt -7.261940 -5.491342 0.000000
vt -7.153553 -5.653553 0.000000
vt -6.991342 -5.761940 0.000000
vt -6.800000 -5.800000 0.000000
vt 6.800000 -5.800000 0.000000
vt 6.991342 -5.761940 0.000000
vt 7.153553 -5.653553 0.000000
vt 7.261940 -5.491342 0.000000
vt 7.300000 -5.300000 0.000000
vt 0.800000 0.157080 0.000000
vt -1.000000 0.157080 0.000000
vt -1.000000 0.052360 0.000000
vt -1.000000 -0.052360 0.000000
vt -1.000000 -0.157080 0.000000
vt 0.800000 -0.157080 0.000000
vt 0.800000 -0.052360 0.000000
vt 0.800000 0.052360 0.000000
vt 1.300000 0.000000 0.000000
vt 1.300000 0.673333 0.000000
vt 0.405159 1.448862 0.000000
vt 0.342354 1.550552 0.000000
vt 0.348758 1.669901 0.000000
vt 0.422084 1.764287 0.000000
vt 0.536145 1.800000 0.000000
vt 0.200000 1.800000 0.000000
vt 0.200000 0.000000 0.000000
vt -0.800000 -0.157080 0.000000
vt 1.000000 -0.157080 0.000000
vt 1.000000 -0.052360 0.000000
vt 1.000000 0.052360 0.000000
vt 1.000000 0.157080 0.000000
vt -0.800000 0.157080 0.000000
vt -0.800000 0.052360 0.000000
vt -0.800000 -0.052360 0.000000
vt -0.800000 2.000000 0.000000
vt -0.800000 0.200000 0.000000
vt -0.700000 0.200000 0.000000
vt -0.700000 2.100000 0.000000
vt -11.300000 2.100000 0.000000
vt -11.300000 0.200000 0.000000
vt -11.200000 0.200000 0.000000
vt -11.200000 2.000000 0.000000
vt -9.800000 2.000000 0.000000
vt -9.800000 0.200000 0.000000
vt -2.200000 0.200000 0.000000
vt -2.200000 2.000000 0.000000
vt -0.673333 0.157080 0.000000
vt -0.607002 0.078540 0.000000
vt -0.550768 0.000000 0.000000
vt -0.513194 -0.078540 0.000000
vt -0.500000 -0.157080 0.000000
vt -0.000000 -0.157080 0.000000
vt -0.000000 -0.052360 0.000000
vt -0.000000 0.052360 0.000000
vt -0.000000 0.157080 0.000000
vt 0.220000 0.200000 0.000000
vt 0.220000 0.400000 0.000000
vt 0.780000 0.400000 0.000000
vt 0.780000 0.200000 0.000000
vt 0.800000 0.000000 0.000000
vt 0.800000 0.500000 0.000000
vt 0.200000 0.500000 0.000000
vt 0.200000 0.000000 0.000000
vt 0.992472 5.550000 0.000000
vt 0.972326 5.626537 0.000000
vt 0.914955 5.691422 0.000000
vt 0.829093 5.734776 0.000000
vt 0.727813 5.750000 0.000000
vt -0.456327 5.750000 0.000000
vt -0.456327 4.750000 0.000000
vt 0.727813 4.750000 0.000000
vt 0.829093 4.765224 0.000000
vt 0.914955 4.808578 0.000000
vt 0.972326 4.873463 0.000000
vt 0.992472 4.950000 0.000000
vt 0.291125 5.250000 0.000000
vt 0.274001 5.184944 0.000000
vt 0.225236 5.129792 0.000000
vt 0.152253 5.092940 0.000000
vt 0.066165 5.080000 0.000000
vt -0.019924 5.092940 0.000000
vt -0.092906 5.129792 0.000000
vt -0.141671 5.184944 0.000000
vt -0.158795 5.250000 0.000000
vt -0.141671 5.315056 0.000000
vt -0.092906 5.370208 0.000000
vt -0.019924 5.407060 0.000000
vt 0.066165 5.420000 0.000000
vt 0.152253 5.407060 0.000000
vt 0.225236 5.370208 0.000000
vt 0.274001 5.315056 0.000000
vt -0.500000 0.157080 0.000000
vt -0.513194 0.078540 0.000000
vt -0.550768 0.000000 0.000000
vt -0.607002 -0.078540 0.000000
vt -0.673333 -0.157080 0.000000
vt -0.000000 -0.157080 0.000000
vt -0.000000 -0.052360 0.000000
vt -0.000000 0.052360 0.000000
vt -0.000000 0.157080 0.000000
vt 1.300000 0.000000 0.000000
vt 1.300000 0.673333 0.000000
vt 0.405159 1.448862 0.000000
vt 0.342354 1.550552 0.000000
vt 0.348758 1.669901 0.000000
vt 0.422084 1.764287 0.000000
vt 0.536145 1.800000 0.000000
vt 0.200000 1.800000 0.000000
vt 0.200000 0.000000 0.000000
vt -0.800000 0.157080 0.000000
vt -0.800000 0.052360 0.000000
vt -0.800000 -0.052360 0.000000
vt -0.800000 -0.157080 0.000000
vt 1.000000 -0.157080 0.000000
vt 1.000000 -0.052360 0.000000
vt 1.000000 0.052360 0.000000
vt 1.000000 0.157080 0.000000
vt 0.200000 0.673333 0.000000
vt 0.200000 0.000000 0.000000
vt 1.300000 0.000000 0.000000
vt 1.300000 1.800000 0.000000
vt 0.963855 1.800000 0.000000
vt 1.077916 1.764287 0.000000
vt 1.151242 1.669901 0.000000
vt 1.157646 1.550552 0.000000
vt 1.094841 1.448862 0.000000
vt 5.375000 -0.242750 0.000000
vt 5.375000 -0.121375 0.000000
vt 5.375000 0.000000 0.000000
vt 5.375000 0.121375 0.000000
vt 5.375000 0.242750 0.000000
vt 4.375000 0.242750 0.000000
vt 4.375000 0.121375 0.000000
vt 4.375000 0.000000 0.000000
vt 4.375000 -0.121375 0.000000
vt 4.375000 -0.242750 0.000000
vt 0.800000 0.157080 0.000000
vt -1.000000 0.157080 0.000000
vt -1.000000 0.052360 0.000000
vt -1.000000 -0.052360 0.000000
vt -1.000000 -0.157080 0.000000
vt 0.800000 -0.157080 0.000000
vt 0.800000 -0.052360 0.000000
vt 0.800000 0.052360 0.000000
vt -0.500000 0.157080 0.000000
vt -0.513194 0.078540 0.000000
vt -0.550768 0.000000 0.000000
vt -0.607002 -0.078540 0.000000
vt -0.673333 -0.157080 0.000000
vt -0.000000 -0.157080 0.000000
vt -0.000000 -0.052360 0.000000
vt -0.000000 0.052360 0.000000
vt -0.000000 0.157080 0.000000
vt -0.727813 -0.250000 0.000000
vt -0.829093 -0.265224 0.000000
vt -0.914955 -0.308579 0.000000
vt -0.972326 -0.373463 0.000000
vt -0.992472 -0.450000 0.000000
vt -0.992472 -1.050000 0.000000
vt -0.972326 -1.126537 0.000000
vt -0.914955 -1.191421 0.000000
vt -0.829093 -1.234776 0.000000
vt -0.727813 -1.250000 0.000000
vt 0.456327 -1.250000 0.000000
vt 0.456327 -0.250000 0.000000
vt 0.158795 -0.750000 0.000000
vt 0.141671 -0.815056 0.000000
vt 0.092906 -0.870208 0.000000
vt 0.019924 -0.907060 0.000000
vt -0.066165 -0.920000 0.000000
vt -0.152253 -0.907060 0.000000
vt -0.225236 -0.870208 0.000000
vt -0.274001 -0.815056 0.000000
vt -0.291125 -0.750000 0.000000
vt -0.274001 -0.684944 0.000000
vt -0.225236 -0.629792 0.000000
vt -0.152253 -0.592940 0.000000
vt -0.066165 -0.580000 0.000000
vt 0.019924 -0.592940 0.000000
vt 0.092906 -0.629792 0.000000
vt 0.141671 -0.684944 0.000000
vt 0.220000 0.200000 0.000000
vt 0.220000 0.400000 0.000000
vt 0.780000 0.400000 0.000000
vt 0.780000 0.200000 0.000000
vt 0.200000 0.500000 0.000000
vt 0.200000 0.000000 0.000000
vt 0.800000 0.000000 0.000000
vt 0.800000 0.500000 0.000000
vt -0.673333 0.157080 0.000000
vt -0.607002 0.078540 0.000000
vt -0.550768 0.000000 0.000000
vt -0.513194 -0.078540 0.000000
vt -0.500000 -0.157080 0.000000
vt -0.000000 -0.157080 0.000000
vt -0.000000 -0.052360 0.000000
vt -0.000000 0.052360 0.000000
vt -0.000000 0.157080 0.000000
vt -0.673333 0.157080 0.000000
vt -0.607002 0.078540 0.000000
vt -0.550768 0.000000 0.000000
vt -0.513194 -0.078540 0.000000
vt -0.500000 -0.157080 0.000000
vt -0.000000 -0.157080 0.000000
vt -0.000000 -0.052360 0.000000
vt -0.000000 0.052360 0.000000
vt -0.000000 0.157080 0.000000
vt 0.220000 0.200000 0.000000
vt 0.220000 0.400000 0.000000
vt 0.780000 0.400000 0.000000
vt 0.780000 0.200000 0.000000
vt 0.800000 0.000000 0.000000
vt 0.800000 0.500000 0.000000
vt 0.200000 0.500000 0.000000
vt 0.200000 0.000000 0.000000
vt -0.992472 -5.550000 0.000000
vt -0.972326 -5.626537 0.000000
vt -0.914955 -5.691422 0.000000
vt -0.829093 -5.734776 0.000000
vt -0.727813 -5.750000 0.000000
vt 0.456327 -5.750000 0.000000
vt 0.456327 -4.750000 0.000000
vt -0.727813 -4.750000 0.000000
vt -0.829093 -4.765224 0.000000
vt -0.914955 -4.808578 0.000000
vt -0.972326 -4.873463 0.000000
vt -0.992472 -4.950000 0.000000
vt 0.158795 -5.250000 0.000000
vt 0.141671 -5.315056 0.000000
vt 0.092906 -5.370208 0.000000
vt 0.019924 -5.407060 0.000000
vt -0.066165 -5.420000 0.000000
vt -0.152253 -5.407060 0.000000
vt -0.225236 -5.370208 0.000000
vt -0.274001 -5.315056 0.000000
vt -0.291125 -5.250000 0.000000
vt -0.274001 -5.184944 0.000000
vt -0.225236 -5.129792 0.000000
vt -0.152253 -5.092940 0.000000
vt -0.066165 -5.080000 0.000000
vt 0.019924 -5.092940 0.000000
vt 0.092906 -5.129792 0.000000
vt 0.141671 -5.184944 0.000000
vt -0.500000 0.157080 0.000000
vt -0.513194 0.078540 0.000000
vt -0.550768 0.000000 0.000000
vt -0.607002 -0.078540 0.000000
vt -0.673333 -0.157080 0.000000
vt -0.000000 -0.157080 0.000000
vt -0.000000 -0.052360 0.000000
vt -0.000000 0.052360 0.000000
vt -0.000000 0.157080 0.000000
vt 1.300000 0.000000 0.000000
vt 1.300000 0.673333 0.000000
vt 0.405159 1.448862 0.000000
vt 0.342354 1.550552 0.000000
vt 0.348758 1.669901 0.000000
vt 0.422084 1.764287 0.000000
vt 0.536145 1.800000 0.000000
vt 0.200000 1.800000 0.000000
vt 0.200000 0.000000 0.000000
vt -0.600000 0.000000 0.000000
vt -0.670652 0.023460 0.000000
vt -0.728875 0.073006 0.000000
vt -0.774371 0.136689 0.000000
vt -0.798197 0.209440 0.000000
vt -1.801803 0.209440 0.000000
vt -1.825629 0.136689 0.000000
vt -1.871125 0.073006 0.000000
vt -1.929348 0.023460 0.000000
vt -2.000000 0.000000 0.000000
vt -9.800000 2.100000 0.000000
vt -9.800000 0.200000 0.000000
vt -2.200000 0.200000 0.000000
vt -2.200000 2.100000 0.000000
vt -11.200000 0.200000 0.000000
vt -11.200000 2.100000 0.000000
vt -11.300000 2.100000 0.000000
vt -11.300000 0.200000 0.000000
vt 5.375000 -0.242750 0.000000
vt 5.375000 -0.121375 0.000000
vt 5.375000 0.000000 0.000000
vt 5.375000 0.121375 0.000000
vt 5.375000 0.242750 0.000000
vt 4.375000 0.242750 0.000000
vt 4.375000 0.121375 0.000000
vt 4.375000 0.000000 0.000000
vt 4.375000 -0.121375 0.000000
vt 4.375000 -0.242750 0.000000
vt -0.800000 -0.157080 0.000000
vt 1.000000 -0.157080 0.000000
vt 1.000000 -0.148121 0.000000
vt 1.000000 -0.139162 0.000000
vt 1.000000 -0.130204 0.000000
vt 1.013087 -0.054717 0.000000
vt 1.044801 0.016983 0.000000
vt 1.080420 0.084868 0.000000
vt 1.100000 0.157080 0.000000
vt -0.800000 0.157080 0.000000
vt -0.800000 0.052360 0.000000
vt -0.800000 -0.052360 0.000000
vt 0.800000 0.157080 0.000000
vt -1.100000 0.157080 0.000000
vt -1.080420 0.084868 0.000000
vt -1.044801 0.016983 0.000000
vt -1.013087 -0.054717 0.000000
vt -1.000000 -0.130204 0.000000
vt -1.000000 -0.139162 0.000000
vt -1.000000 -0.148121 0.000000
vt -1.000000 -0.157080 0.000000
vt 0.800000 -0.157080 0.000000
vt 0.800000 -0.052360 0.000000
vt 0.800000 0.052360 0.000000
vt -9.600000 0.000000 0.000000
vt -9.670652 0.023460 0.000000
vt -9.728875 0.073006 0.000000
vt -9.774371 0.136689 0.000000
vt -9.798198 0.209440 0.000000
vt -10.801803 0.209440 0.000000
vt -10.825629 0.136689 0.000000
vt -10.871125 0.073006 0.000000
vt -10.929348 0.023460 0.000000
vt -11.000000 0.000000 0.000000
vt -0.800000 2.100000 0.000000
vt -0.800000 0.200000 0.000000
vt -0.700000 0.200000 0.000000
vt -0.700000 2.100000 0.000000
vt 0.800000 -0.157080 0.000000
vt 0.800000 -0.052360 0.000000
vt 0.800000 0.052360 0.000000
vt 0.800000 0.157080 0.000000
vt -1.100000 0.157080 0.000000
vt -1.080420 0.084868 0.000000
vt -1.044801 0.016983 0.000000
vt -1.013087 -0.054717 0.000000
vt -1.000000 -0.130204 0.000000
vt -1.000000 -0.139162 0.000000
vt -1.000000 -0.148121 0.000000
vt -1.000000 -0.157080 0.000000
vt -0.800000 0.157080 0.000000
vt -0.800000 0.052360 0.000000
vt -0.800000 -0.052360 0.000000
vt -0.800000 -0.157080 0.000000
vt 1.000000 -0.157080 0.000000
vt 1.000000 -0.148121 0.000000
vt 1.000000 -0.139162 0.000000
vt 1.000000 -0.130204 0.000000
vt 1.013087 -0.054717 0.000000
vt 1.044801 0.016983 0.000000
vt 1.080420 0.084868 0.000000
vt 1.100000 0.157080 0.000000
vt -1.375000 -0.242750 0.000000
vt -1.375000 -0.121375 0.000000
vt -1.375000 0.000000 0.000000
vt -1.375000 0.121375 0.000000
vt -1.375000 0.242750 0.000000
vt -2.375000 0.242750 0.000000
vt -2.375000 0.121375 0.000000
vt -2.375000 0.000000 0.000000
vt -2.375000 -0.121375 0.000000
vt -2.375000 -0.242750 0.000000
vt 19.242046 -0.534071 0.000000
vt 19.242046 -0.427257 0.000000
vt 19.242046 -0.320442 0.000000
vt 19.242046 -0.213628 0.000000
vt 19.242046 -0.106814 0.000000
vt 19.242046 0.000000 0.000000
vt 19.242046 0.106814 0.000000
vt 19.242046 0.213628 0.000000
vt 19.242046 0.320442 0.000000
vt 19.242046 0.427257 0.000000
vt 18.682714 0.534071 0.000000
vt 18.671499 0.467312 0.000000
vt 18.639561 0.400553 0.000000
vt 18.591763 0.333794 0.000000
vt 18.535379 0.267035 0.000000
vt 18.478998 0.200277 0.000000
vt 18.431200 0.133518 0.000000
vt 18.399261 0.066759 0.000000
vt 18.388046 0.000000 0.000000
vt 18.399261 -0.066759 0.000000
vt 18.431200 -0.133518 0.000000
vt 18.478998 -0.200277 0.000000
vt 18.535379 -0.267035 0.000000
vt 18.591763 -0.333794 0.000000
vt 18.639561 -0.400553 0.000000
vt 18.671499 -0.467312 0.000000
vt 18.682714 -0.534071 0.000000
vt 19.242046 0.534071 0.000000
vt 19.242046 0.534071 0.000000
vt 19.442047 0.534071 0.000000
vt 19.442047 0.427257 0.000000
vt 19.442047 0.320442 0.000000
vt 19.442047 0.213628 0.000000
vt 19.442047 0.106814 0.000000
vt 19.442047 0.000000 0.000000
vt 19.442047 -0.106814 0.000000
vt 19.442047 -0.213628 0.000000
vt 19.442047 -0.320442 0.000000
vt 19.442047 -0.427257 0.000000
vt 19.642046 0.000000 0.000000
vt 19.642046 0.106814 0.000000
vt 19.642046 0.213628 0.000000
vt 19.642046 0.320442 0.000000
vt 19.642046 0.427257 0.000000
vt 19.642046 -0.534071 0.000000
vt 19.642046 -0.427257 0.000000
vt 19.642046 -0.320442 0.000000
vt 19.642046 -0.213628 0.000000
vt 19.642046 -0.106814 0.000000
vt 19.642046 0.534071 0.000000
vt 19.442047 -0.534071 0.000000
vt 19.642046 0.000000 0.000000
vt 19.642046 0.106814 0.000000
vt 19.642046 0.213628 0.000000
vt 19.642046 0.320442 0.000000
vt 19.642046 0.427257 0.000000
vt 19.642046 -0.534071 0.000000
vt 19.642046 -0.427257 0.000000
vt 19.642046 -0.320442 0.000000
vt 19.642046 -0.213628 0.000000
vt 19.642046 -0.106814 0.000000
vt 19.442047 0.534071 0.000000
vt 19.442047 0.427257 0.000000
vt 19.442047 0.320442 0.000000
vt 19.442047 0.213628 0.000000
vt 19.442047 0.106814 0.000000
vt 19.442047 0.000000 0.000000
vt 19.442047 -0.106814 0.000000
vt 19.442047 -0.213628 0.000000
vt 19.442047 -0.320442 0.000000
vt 19.442047 -0.427257 0.000000
vt 19.442047 -0.534071 0.000000
vt 19.642046 0.534071 0.000000
vt 18.682714 0.534071 0.000000
vt 18.671499 0.467312 0.000000
vt 18.639561 0.400553 0.000000
vt 18.591763 0.333794 0.000000
vt 18.535379 0.267035 0.000000
vt 18.478998 0.200277 0.000000
vt 18.431200 0.133518 0.000000
vt 18.399261 0.066759 0.000000
vt 18.388046 0.000000 0.000000
vt 18.399261 -0.066759 0.000000
vt 18.431200 -0.133518 0.000000
vt 18.478998 -0.200277 0.000000
vt 18.535379 -0.267035 0.000000
vt 18.591763 -0.333794 0.000000
vt 18.639561 -0.400553 0.000000
vt 18.671499 -0.467312 0.000000
vt 19.242046 -0.534071 0.000000
vt 19.242046 -0.427257 0.000000
vt 19.242046 -0.320442 0.000000
vt 19.242046 -0.213628 0.000000
vt 19.242046 -0.106814 0.000000
vt 19.242046 0.000000 0.000000
vt 19.242046 0.106814 0.000000
vt 19.242046 0.213628 0.000000
vt 19.242046 0.320442 0.000000
vt 19.242046 0.427257 0.000000
vt 18.682714 -0.534071 0.000000
vt 19.242046 0.534071 0.000000
vt 19.242046 0.534071 0.000000
vt 19.242046 -0.534071 0.000000
vt 19.242046 -0.427257 0.000000
vt 19.242046 -0.320442 0.000000
vt 19.242046 -0.213628 0.000000
vt 19.242046 -0.106814 0.000000
vt 19.242046 0.000000 0.000000
vt 19.242046 0.106814 0.000000
vt 19.242046 0.213628 0.000000
vt 19.242046 0.320442 0.000000
vt 19.242046 0.427257 0.000000
vt 18.388046 0.534071 0.000000
vt 18.399261 0.467312 0.000000
vt 18.431200 0.400553 0.000000
vt 18.478998 0.333794 0.000000
vt 18.535379 0.267035 0.000000
vt 18.591763 0.200277 0.000000
vt 18.639561 0.133518 0.000000
vt 18.671499 0.066759 0.000000
vt 18.682714 0.000000 0.000000
vt 18.671499 -0.066759 0.000000
vt 18.639561 -0.133518 0.000000
vt 18.591763 -0.200277 0.000000
vt 18.535379 -0.267035 0.000000
vt 18.478998 -0.333794 0.000000
vt 18.431200 -0.400553 0.000000
vt 18.399261 -0.467312 0.000000
vt 18.388046 -0.534071 0.000000
vt 19.242046 0.534071 0.000000
vt 19.242046 0.534071 0.000000
vt 19.442047 0.534071 0.000000
vt 19.442047 0.427257 0.000000
vt 19.442047 0.320442 0.000000
vt 19.442047 0.213628 0.000000
vt 19.442047 0.106814 0.000000
vt 19.442047 0.000000 0.000000
vt 19.442047 -0.106814 0.000000
vt 19.442047 -0.213628 0.000000
vt 19.442047 -0.320442 0.000000
vt 19.442047 -0.427257 0.000000
vt 19.642046 0.000000 0.000000
vt 19.642046 0.106814 0.000000
vt 19.642046 0.213628 0.000000
vt 19.642046 0.320442 0.000000
vt 19.642046 0.427257 0.000000
vt 19.642046 -0.534071 0.000000
vt 19.642046 -0.427257 0.000000
vt 19.642046 -0.320442 0.000000
vt 19.642046 -0.213628 0.000000
vt 19.642046 -0.106814 0.000000
vt 19.642046 0.534071 0.000000
vt 19.442047 -0.534071 0.000000
vt 19.242046 -0.534071 0.000000
vt 19.242046 -0.427257 0.000000
vt 19.242046 -0.320442 0.000000
vt 19.242046 -0.213628 0.000000
vt 19.242046 -0.106814 0.000000
vt 19.242046 0.000000 0.000000
vt 19.242046 0.106814 0.000000
vt 19.242046 0.213628 0.000000
vt 19.242046 0.320442 0.000000
vt 19.242046 0.427257 0.000000
vt 18.388046 0.534071 0.000000
vt 18.399261 0.467312 0.000000
vt 18.431200 0.400553 0.000000
vt 18.478998 0.333794 0.000000
vt 18.535379 0.267035 0.000000
vt 18.591763 0.200277 0.000000
vt 18.639561 0.133518 0.000000
vt 18.671499 0.066759 0.000000
vt 18.682714 0.000000 0.000000
vt 18.671499 -0.066759 0.000000
vt 18.639561 -0.133518 0.000000
vt 18.591763 -0.200277 0.000000
vt 18.535379 -0.267035 0.000000
vt 18.478998 -0.333794 0.000000
vt 18.431200 -0.400553 0.000000
vt 18.399261 -0.467312 0.000000
vt 18.388046 -0.534071 0.000000
vt 19.242046 0.534071 0.000000
vt 19.242046 0.534071 0.000000
vt 19.442047 0.534071 0.000000
vt 19.442047 0.427257 0.000000
vt 19.442047 0.320442 0.000000
vt 19.442047 0.213628 0.000000
vt 19.442047 0.106814 0.000000
vt 19.442047 0.000000 0.000000
vt 19.442047 -0.106814 0.000000
vt 19.442047 -0.213628 0.000000
vt 19.442047 -0.320442 0.000000
vt 19.442047 -0.427257 0.000000
vt 19.642046 0.000000 0.000000
vt 19.642046 0.106814 0.000000
vt 19.642046 0.213628 0.000000
vt 19.642046 0.320442 0.000000
vt 19.642046 0.427257 0.000000
vt 19.642046 -0.534071 0.000000
vt 19.642046 -0.427257 0.000000
vt 19.642046 -0.320442 0.000000
vt 19.642046 -0.213628 0.000000
vt 19.642046 -0.106814 0.000000
vt 19.642046 0.534071 0.000000
vt 19.442047 -0.534071 0.000000
vt -0.200000 0.000000 0.000000
vt -0.000000 0.000000 0.000000
vt -0.000000 1.200000 0.000000
vt -0.200000 1.200000 0.000000
vt -0.280000 0.530000 0.000000
vt -0.379923 0.562467 0.000000
vt -0.441680 0.647467 0.000000
vt -0.441680 0.752533 0.000000
vt -0.379923 0.837533 0.000000
vt -0.280000 0.870000 0.000000
vt -0.180077 0.837533 0.000000
vt -0.118320 0.752533 0.000000
vt -0.118320 0.647467 0.000000
vt -0.180077 0.562467 0.000000
vt -0.560000 0.000000 0.000000
vt -0.000000 0.000000 0.000000
vt -0.000000 1.200000 0.000000
vt -0.560000 1.200000 0.000000
vt -0.200000 0.000000 0.000000
vt -0.000000 0.000000 0.000000
vt -0.000000 1.200000 0.000000
vt -0.200000 1.200000 0.000000
vt -0.280000 0.530000 0.000000
vt -0.379923 0.562467 0.000000
vt -0.441680 0.647467 0.000000
vt -0.441680 0.752533 0.000000
vt -0.379923 0.837533 0.000000
vt -0.280000 0.870000 0.000000
vt -0.180077 0.837533 0.000000
vt -0.118320 0.752533 0.000000
vt -0.118320 0.647467 0.000000
vt -0.180077 0.562467 0.000000
vt -0.560000 0.000000 0.000000
vt -0.000000 0.000000 0.000000
vt -0.000000 1.200000 0.000000
vt -0.560000 1.200000 0.000000
vt 0.100000 -0.280000 0.000000
vt 0.100000 0.280000 0.000000
vt -0.100000 0.280000 0.000000
vt -0.100000 -0.280000 0.000000
vt -0.200000 0.000000 0.000000
vt -0.000000 0.000000 0.000000
vt -0.000000 1.200000 0.000000
vt -0.200000 1.200000 0.000000
vt -0.280000 0.530000 0.000000
vt -0.379923 0.562467 0.000000
vt -0.441680 0.647467 0.000000
vt -0.441680 0.752533 0.000000
vt -0.379923 0.837533 0.000000
vt -0.280000 0.870000 0.000000
vt -0.180077 0.837533 0.000000
vt -0.118320 0.752533 0.000000
vt -0.118320 0.647467 0.000000
vt -0.180077 0.562467 0.000000
vt -0.560000 0.000000 0.000000
vt -0.000000 0.000000 0.000000
vt -0.000000 1.200000 0.000000
vt -0.560000 1.200000 0.000000
vt -0.200000 0.000000 0.000000
vt -0.000000 0.000000 0.000000
vt -0.000000 1.200000 0.000000
vt -0.200000 1.200000 0.000000
vt -0.280000 0.530000 0.000000
vt -0.379923 0.562467 0.000000
vt -0.441680 0.647467 0.000000
vt -0.441680 0.752533 0.000000
vt -0.379923 0.837533 0.000000
vt -0.280000 0.870000 0.000000
vt -0.180077 0.837533 0.000000
vt -0.118320 0.752533 0.000000
vt -0.118320 0.647467 0.000000
vt -0.180077 0.562467 0.000000
vt -0.560000 0.000000 0.000000
vt -0.000000 0.000000 0.000000
vt -0.000000 1.200000 0.000000
vt -0.560000 1.200000 0.000000
vt -0.100000 0.280000 0.000000
vt -0.100000 -0.280000 0.000000
vt 0.100000 -0.280000 0.000000
vt 0.100000 0.280000 0.000000
vt -0.200000 0.000000 0.000000
vt -0.000000 0.000000 0.000000
vt -0.000000 1.200000 0.000000
vt -0.200000 1.200000 0.000000
vt -0.280000 0.870000 0.000000
vt -0.180077 0.837533 0.000000
vt -0.118320 0.752533 0.000000
vt -0.118320 0.647467 0.000000
vt -0.180077 0.562467 0.000000
vt -0.280000 0.530000 0.000000
vt -0.379923 0.562467 0.000000
vt -0.441680 0.647467 0.000000
vt -0.441680 0.752533 0.000000
vt -0.379923 0.837533 0.000000
vt -0.560000 0.000000 0.000000
vt -0.000000 0.000000 0.000000
vt -0.000000 1.200000 0.000000
vt -0.560000 1.200000 0.000000
vt -0.200000 0.000000 0.000000
vt -0.000000 0.000000 0.000000
vt -0.000000 1.200000 0.000000
vt -0.200000 1.200000 0.000000
vt -0.280000 0.870000 0.000000
vt -0.180077 0.837533 0.000000
vt -0.118320 0.752533 0.000000
vt -0.118320 0.647467 0.000000
vt -0.180077 0.562467 0.000000
vt -0.280000 0.530000 0.000000
vt -0.379923 0.562467 0.000000
vt -0.441680 0.647467 0.000000
vt -0.441680 0.752533 0.000000
vt -0.379923 0.837533 0.000000
vt -0.560000 0.000000 0.000000
vt -0.000000 0.000000 0.000000
vt -0.000000 1.200000 0.000000
vt -0.560000 1.200000 0.000000
vt 0.100000 -0.280000 0.000000
vt 0.100000 0.280000 0.000000
vt -0.100000 0.280000 0.000000
vt -0.100000 -0.280000 0.000000
vt -0.200000 0.000000 0.000000
vt -0.000000 0.000000 0.000000
vt -0.000000 1.200000 0.000000
vt -0.200000 1.200000 0.000000
vt -0.280000 0.870000 0.000000
vt -0.180077 0.837533 0.000000
vt -0.118320 0.752533 0.000000
vt -0.118320 0.647467 0.000000
vt -0.180077 0.562467 0.000000
vt -0.280000 0.530000 0.000000
vt -0.379923 0.562467 0.000000
vt -0.441680 0.647467 0.000000
vt -0.441680 0.752533 0.000000
vt -0.379923 0.837533 0.000000
vt -0.560000 0.000000 0.000000
vt -0.000000 0.000000 0.000000
vt -0.000000 1.200000 0.000000
vt -0.560000 1.200000 0.000000
vt -0.200000 0.000000 0.000000
vt -0.000000 0.000000 0.000000
vt -0.000000 1.200000 0.000000
vt -0.200000 1.200000 0.000000
vt -0.280000 0.870000 0.000000
vt -0.180077 0.837533 0.000000
vt -0.118320 0.752533 0.000000
vt -0.118320 0.647467 0.000000
vt -0.180077 0.562467 0.000000
vt -0.280000 0.530000 0.000000
vt -0.379923 0.562467 0.000000
vt -0.441680 0.647467 0.000000
vt -0.441680 0.752533 0.000000
vt -0.379923 0.837533 0.000000
vt -0.560000 0.000000 0.000000
vt -0.000000 0.000000 0.000000
vt -0.000000 1.200000 0.000000
vt -0.560000 1.200000 0.000000
vt 0.100000 -0.280000 0.000000
vt 0.100000 0.280000 0.000000
vt -0.100000 0.280000 0.000000
vt -0.100000 -0.280000 0.000000
vt -0.550000 0.500000 0.000000
vt -0.650000 0.473205 0.000000
vt -0.723205 0.400000 0.000000
vt -0.750000 0.300000 0.000000
vt -0.750000 -0.300000 0.000000
vt -0.723205 -0.400000 0.000000
vt -0.650000 -0.473205 0.000000
vt -0.550000 -0.500000 0.000000
vt 0.550000 -0.500000 0.000000
vt 0.650000 -0.526795 0.000000
vt 0.723205 -0.600000 0.000000
vt 0.750000 -0.700000 0.000000
vt 0.750000 0.700000 0.000000
vt 0.723205 0.600000 0.000000
vt 0.650000 0.526795 0.000000
vt 0.550000 0.500000 0.000000
vt 0.120000 0.000000 0.000000
vt 0.087533 -0.099923 0.000000
vt 0.002533 -0.161680 0.000000
vt -0.102533 -0.161680 0.000000
vt -0.187533 -0.099923 0.000000
vt -0.220000 0.000000 0.000000
vt -0.187533 0.099923 0.000000
vt -0.102533 0.161680 0.000000
vt 0.002533 0.161680 0.000000
vt 0.087533 0.099923 0.000000
vt 0.200000 0.673333 0.000000
vt 0.200000 0.000000 0.000000
vt 1.300000 0.000000 0.000000
vt 1.300000 1.800000 0.000000
vt 0.963855 1.800000 0.000000
vt 1.077916 1.764287 0.000000
vt 1.151242 1.669901 0.000000
vt 1.157646 1.550552 0.000000
vt 1.094841 1.448862 0.000000
vt 0.550000 -0.500000 0.000000
vt 0.650000 -0.473205 0.000000
vt 0.723205 -0.400000 0.000000
vt 0.750000 -0.300000 0.000000
vt 0.750000 0.300000 0.000000
vt 0.723205 0.400000 0.000000
vt 0.650000 0.473205 0.000000
vt 0.550000 0.500000 0.000000
vt -0.550000 0.500000 0.000000
vt -0.558956 0.500201 0.000000
vt -0.567893 0.500802 0.000000
vt -0.576795 0.501803 0.000000
vt -0.576795 -0.501803 0.000000
vt -0.567893 -0.500802 0.000000
vt -0.558956 -0.500201 0.000000
vt -0.550000 -0.500000 0.000000
vt 0.220000 0.000000 0.000000
vt 0.187533 -0.099923 0.000000
vt 0.102533 -0.161680 0.000000
vt -0.002533 -0.161680 0.000000
vt -0.087533 -0.099923 0.000000
vt -0.120000 0.000000 0.000000
vt -0.087533 0.099923 0.000000
vt -0.002533 0.161680 0.000000
vt 0.102533 0.161680 0.000000
vt 0.187533 0.099923 0.000000
vt 0.200000 0.673333 0.000000
vt 0.200000 0.000000 0.000000
vt 1.300000 0.000000 0.000000
vt 1.300000 1.800000 0.000000
vt 0.963855 1.800000 0.000000
vt 1.077916 1.764287 0.000000
vt 1.151242 1.669901 0.000000
vt 1.157646 1.550552 0.000000
vt 1.094841 1.448862 0.000000
vt -0.750000 -0.300000 0.000000
vt -0.723205 -0.400000 0.000000
vt -0.650000 -0.473205 0.000000
vt -0.550000 -0.500000 0.000000
vt 0.550000 -0.500000 0.000000
vt 0.650000 -0.526795 0.000000
vt 0.723205 -0.600000 0.000000
vt 0.750000 -0.700000 0.000000
vt 0.750000 0.700000 0.000000
vt 0.723205 0.600000 0.000000
vt 0.650000 0.526795 0.000000
vt 0.550000 0.500000 0.000000
vt -0.550000 0.500000 0.000000
vt -0.650000 0.473205 0.000000
vt -0.723205 0.400000 0.000000
vt -0.750000 0.300000 0.000000
vt 0.120000 0.000000 0.000000
vt 0.087533 -0.099923 0.000000
vt 0.002533 -0.161680 0.000000
vt -0.102533 -0.161680 0.000000
vt -0.187533 -0.099923 0.000000
vt -0.220000 0.000000 0.000000
vt -0.187533 0.099923 0.000000
vt -0.102533 0.161680 0.000000
vt 0.002533 0.161680 0.000000
vt 0.087533 0.099923 0.000000
vt 0.200000 0.673333 0.000000
vt 0.200000 0.000000 0.000000
vt 1.300000 0.000000 0.000000
vt 1.300000 1.800000 0.000000
vt 0.963855 1.800000 0.000000
vt 1.077916 1.764287 0.000000
vt 1.151242 1.669901 0.000000
vt 1.157646 1.550552 0.000000
vt 1.094841 1.448862 0.000000
vt 1.300000 0.000000 0.000000
vt 1.300000 0.673333 0.000000
vt 0.405159 1.448862 0.000000
vt 0.342354 1.550552 0.000000
vt 0.348758 1.669901 0.000000
vt 0.422084 1.764287 0.000000
vt 0.536145 1.800000 0.000000
vt 0.200000 1.800000 0.000000
vt 0.200000 0.000000 0.000000
vt 0.750000 0.300000 0.000000
vt 0.723205 0.400000 0.000000
vt 0.650000 0.473205 0.000000
vt 0.550000 0.500000 0.000000
vt -0.550000 0.500000 0.000000
vt -0.558956 0.500201 0.000000
vt -0.567893 0.500802 0.000000
vt -0.576795 0.501803 0.000000
vt -0.576795 -0.501803 0.000000
vt -0.567893 -0.500802 0.000000
vt -0.558956 -0.500201 0.000000
vt -0.550000 -0.500000 0.000000
vt 0.550000 -0.500000 0.000000
vt 0.650000 -0.473205 0.000000
vt 0.723205 -0.400000 0.000000
vt 0.750000 -0.300000 0.000000
vt 0.220000 0.000000 0.000000
vt 0.187533 -0.099923 0.000000
vt 0.102533 -0.161680 0.000000
vt -0.002533 -0.161680 0.000000
vt -0.087533 -0.099923 0.000000
vt -0.120000 0.000000 0.000000
vt -0.087533 0.099923 0.000000
vt -0.002533 0.161680 0.000000
vt 0.102533 0.161680 0.000000
vt 0.187533 0.099923 0.000000
vt -19.382048 0.534071 0.000000
vt -19.382048 0.427257 0.000000
vt -19.382048 0.320442 0.000000
vt -19.382048 0.213628 0.000000
vt -19.382048 0.106814 0.000000
vt -19.382048 0.000000 0.000000
vt -19.382048 -0.106814 0.000000
vt -19.382048 -0.213628 0.000000
vt -19.382048 -0.320442 0.000000
vt -19.382048 -0.427257 0.000000
vt -19.297047 -0.534071 0.000000
vt -19.297047 -0.427257 0.000000
vt -19.297047 -0.320442 0.000000
vt -19.297047 -0.213628 0.000000
vt -19.297047 -0.106814 0.000000
vt -19.297047 0.000000 0.000000
vt -19.297047 0.106814 0.000000
vt -19.297047 0.213628 0.000000
vt -19.297047 0.320442 0.000000
vt -19.297047 0.427257 0.000000
vt -19.297047 0.534071 0.000000
vt -19.382048 -0.534071 0.000000
vt -19.382048 0.534071 0.000000
vt -19.382048 0.427257 0.000000
vt -19.382048 0.320442 0.000000
vt -19.382048 0.213628 0.000000
vt -19.382048 0.106814 0.000000
vt -19.382048 0.000000 0.000000
vt -19.382048 -0.106814 0.000000
vt -19.382048 -0.213628 0.000000
vt -19.382048 -0.320442 0.000000
vt -19.382048 -0.427257 0.000000
vt -19.297047 -0.534071 0.000000
vt -19.297047 -0.427257 0.000000
vt -19.297047 -0.320442 0.000000
vt -19.297047 -0.213628 0.000000
vt -19.297047 -0.106814 0.000000
vt -19.297047 0.000000 0.000000
vt -19.297047 0.106814 0.000000
vt -19.297047 0.213628 0.000000
vt -19.297047 0.320442 0.000000
vt -19.297047 0.427257 0.000000
vt -19.297047 0.534071 0.000000
vt -19.382048 -0.534071 0.000000
vt -0.317543 0.000000 0.000000
vt -0.000000 0.000000 0.000000
vt -0.000000 0.260000 0.000000
vt -0.317543 0.260000 0.000000
vt -0.317543 0.000000 0.000000
vt -0.000000 0.000000 0.000000
vt -0.000000 0.260000 0.000000
vt -0.317543 0.260000 0.000000
vt -0.317543 0.000000 0.000000
vt -0.000000 0.000000 0.000000
vt -0.000000 0.260000 0.000000
vt -0.317543 0.260000 0.000000
vt -0.317543 0.000000 0.000000
vt -0.000000 0.000000 0.000000
vt -0.000000 0.260000 0.000000
vt -0.317543 0.260000 0.000000
vt -0.317543 0.000000 0.000000
vt -0.000000 0.000000 0.000000
vt -0.000000 0.260000 0.000000
vt -0.317543 0.260000 0.000000
vt -0.317543 0.000000 0.000000
vt -0.000000 0.000000 0.000000
vt -0.000000 0.260000 0.000000
vt -0.317543 0.260000 0.000000
vt 0.170000 0.000000 0.000000
vt 0.137533 -0.099923 0.000000
vt 0.052533 -0.161680 0.000000
vt -0.052533 -0.161680 0.000000
vt -0.137533 -0.099923 0.000000
vt -0.170000 0.000000 0.000000
vt -0.137533 0.099923 0.000000
vt -0.052533 0.161680 0.000000
vt 0.052533 0.161680 0.000000
vt 0.137533 0.099923 0.000000
vt -0.275000 0.158771 0.000000
vt -0.275000 -0.158771 0.000000
vt -0.000000 -0.317543 0.000000
vt 0.275000 -0.158771 0.000000
vt 0.275000 0.158771 0.000000
vt -0.000000 0.317543 0.000000
vt -0.317543 0.000000 0.000000
vt -0.000000 0.000000 0.000000
vt -0.000000 0.260000 0.000000
vt -0.317543 0.260000 0.000000
vt -0.317543 0.000000 0.000000
vt -0.000000 0.000000 0.000000
vt -0.000000 0.260000 0.000000
vt -0.317543 0.260000 0.000000
vt -0.317543 0.000000 0.000000
vt -0.000000 0.000000 0.000000
vt -0.000000 0.260000 0.000000
vt -0.317543 0.260000 0.000000
vt -0.317543 0.000000 0.000000
vt -0.000000 0.000000 0.000000
vt -0.000000 0.260000 0.000000
vt -0.317543 0.260000 0.000000
vt -0.317543 0.000000 0.000000
vt -0.000000 0.000000 0.000000
vt -0.000000 0.260000 0.000000
vt -0.317543 0.260000 0.000000
vt -0.317543 0.000000 0.000000
vt -0.000000 0.000000 0.000000
vt -0.000000 0.260000 0.000000
vt -0.317543 0.260000 0.000000
vt 0.170000 0.000000 0.000000
vt 0.137533 -0.099923 0.000000
vt 0.052533 -0.161680 0.000000
vt -0.052533 -0.161680 0.000000
vt -0.137533 -0.099923 0.000000
vt -0.170000 0.000000 0.000000
vt -0.137533 0.099923 0.000000
vt -0.052533 0.161680 0.000000
vt 0.052533 0.161680 0.000000
vt 0.137533 0.099923 0.000000
vt -0.000000 -0.317543 0.000000
vt 0.275000 -0.158771 0.000000
vt 0.275000 0.158771 0.000000
vt -0.000000 0.317543 0.000000
vt -0.275000 0.158771 0.000000
vt -0.275000 -0.158771 0.000000
vt -0.145000 0.157080 0.000000
vt -0.145000 0.052360 0.000000
vt -0.145000 -0.052360 0.000000
vt -0.145000 -0.157080 0.000000
vt -0.000000 -0.157080 0.000000
vt -0.000000 -0.052360 0.000000
vt -0.000000 0.052360 0.000000
vt -0.000000 0.157080 0.000000
vt 0.600000 0.000000 0.000000
vt 0.600000 0.145000 0.000000
vt 0.200000 0.145000 0.000000
vt 0.200000 0.000000 0.000000
vt -0.170000 0.000000 0.000000
vt -0.137533 0.099923 0.000000
vt -0.052533 0.161680 0.000000
vt 0.052533 0.161680 0.000000
vt 0.137533 0.099923 0.000000
vt 0.170000 0.000000 0.000000
vt 0.137533 -0.099923 0.000000
vt 0.052533 -0.161680 0.000000
vt -0.052533 -0.161680 0.000000
vt -0.137533 -0.099923 0.000000
vt -0.200000 0.400000 0.000000
vt -0.300000 0.373205 0.000000
vt -0.373205 0.300000 0.000000
vt -0.400000 0.200000 0.000000
vt -0.400000 -0.200000 0.000000
vt -0.373205 -0.300000 0.000000
vt -0.300000 -0.373205 0.000000
vt -0.200000 -0.400000 0.000000
vt 0.200000 -0.400000 0.000000
vt 0.300000 -0.373205 0.000000
vt 0.373205 -0.300000 0.000000
vt 0.400000 -0.200000 0.000000
vt 0.400000 0.200000 0.000000
vt 0.373205 0.300000 0.000000
vt 0.300000 0.373205 0.000000
vt 0.200000 0.400000 0.000000
vt -0.145000 0.157080 0.000000
vt -0.145000 0.052360 0.000000
vt -0.145000 -0.052360 0.000000
vt -0.145000 -0.157080 0.000000
vt -0.000000 -0.157080 0.000000
vt -0.000000 -0.052360 0.000000
vt -0.000000 0.052360 0.000000
vt -0.000000 0.157080 0.000000
vt -0.170000 0.000000 0.000000
vt -0.137533 0.099923 0.000000
vt -0.052533 0.161680 0.000000
vt 0.052533 0.161680 0.000000
vt 0.137533 0.099923 0.000000
vt 0.170000 0.000000 0.000000
vt 0.137533 -0.099923 0.000000
vt 0.052533 -0.161680 0.000000
vt -0.052533 -0.161680 0.000000
vt -0.137533 -0.099923 0.000000
vt 0.200000 -0.400000 0.000000
vt 0.300000 -0.373205 0.000000
vt 0.373205 -0.300000 0.000000
vt 0.400000 -0.200000 0.000000
vt 0.400000 0.200000 0.000000
vt 0.373205 0.300000 0.000000
vt 0.300000 0.373205 0.000000
vt 0.200000 0.400000 0.000000
vt -0.200000 0.400000 0.000000
vt -0.300000 0.373205 0.000000
vt -0.373205 0.300000 0.000000
vt -0.400000 0.200000 0.000000
vt -0.400000 -0.200000 0.000000
vt -0.373205 -0.300000 0.000000
vt -0.300000 -0.373205 0.000000
vt -0.200000 -0.400000 0.000000
vt 0.200000 0.145000 0.000000
vt 0.200000 0.000000 0.000000
vt 0.600000 0.000000 0.000000
vt 0.600000 0.145000 0.000000
vt -0.145000 0.157080 0.000000
vt -0.145000 0.052360 0.000000
vt -0.145000 -0.052360 0.000000
vt -0.145000 -0.157080 0.000000
vt -0.000000 -0.157080 0.000000
vt -0.000000 -0.052360 0.000000
vt -0.000000 0.052360 0.000000
vt -0.000000 0.157080 0.000000
vt 0.600000 0.000000 0.000000
vt 0.600000 0.145000 0.000000
vt 0.200000 0.145000 0.000000
vt 0.200000 0.000000 0.000000
vt -0.145000 0.157080 0.000000
vt -0.145000 0.052360 0.000000
vt -0.145000 -0.052360 0.000000
vt -0.145000 -0.157080 0.000000
vt -0.000000 -0.157080 0.000000
vt -0.000000 -0.052360 0.000000
vt -0.000000 0.052360 0.000000
vt -0.000000 0.157080 0.000000
vt 0.200000 0.145000 0.000000
vt 0.200000 0.000000 0.000000
vt 0.600000 0.000000 0.000000
vt 0.600000 0.145000 0.000000
vt -0.145000 0.157080 0.000000
vt -0.145000 0.052360 0.000000
vt -0.145000 -0.052360 0.000000
vt -0.145000 -0.157080 0.000000
vt -0.000000 -0.157080 0.000000
vt -0.000000 -0.052360 0.000000
vt -0.000000 0.052360 0.000000
vt -0.000000 0.157080 0.000000
vt -0.145000 0.157080 0.000000
vt -0.145000 0.052360 0.000000
vt -0.145000 -0.052360 0.000000
vt -0.145000 -0.157080 0.000000
vt -0.000000 -0.157080 0.000000
vt -0.000000 -0.052360 0.000000
vt -0.000000 0.052360 0.000000
vt -0.000000 0.157080 0.000000
vt -0.145000 0.157080 0.000000
vt -0.145000 0.052360 0.000000
vt -0.145000 -0.052360 0.000000
vt -0.145000 -0.157080 0.000000
vt -0.000000 -0.157080 0.000000
vt -0.000000 -0.052360 0.000000
vt -0.000000 0.052360 0.000000
vt -0.000000 0.157080 0.000000
vt 0.600000 0.000000 0.000000
vt 0.600000 0.145000 0.000000
vt 0.200000 0.145000 0.000000
vt 0.200000 0.000000 0.000000
vt -0.145000 0.157080 0.000000
vt -0.145000 0.052360 0.000000
vt -0.145000 -0.052360 0.000000
vt -0.145000 -0.157080 0.000000
vt -0.000000 -0.157080 0.000000
vt -0.000000 -0.052360 0.000000
vt -0.000000 0.052360 0.000000
vt -0.000000 0.157080 0.000000
vt 0.600000 0.000000 0.000000
vt 0.600000 0.145000 0.000000
vt 0.200000 0.145000 0.000000
vt 0.200000 0.000000 0.000000
vt 0.200000 0.145000 0.000000
vt 0.200000 0.000000 0.000000
vt 0.600000 0.000000 0.000000
vt 0.600000 0.145000 0.000000
vt 0.200000 0.145000 0.000000
vt 0.200000 0.000000 0.000000
vt 0.600000 0.000000 0.000000
vt 0.600000 0.145000 0.000000
vt -0.100000 0.471239 0.000000
vt -0.100000 0.282743 0.000000
vt -0.100000 0.094248 0.000000
vt -0.100000 -0.094248 0.000000
vt -0.100000 -0.282743 0.000000
vt -0.100000 -0.471239 0.000000
vt -0.000000 -0.471239 0.000000
vt -0.000000 -0.282743 0.000000
vt -0.000000 -0.094248 0.000000
vt -0.000000 0.094248 0.000000
vt -0.000000 0.282743 0.000000
vt -0.000000 0.471239 0.000000
vt 0.300000 0.000000 0.000000
vt 0.300000 0.100000 0.000000
vt 0.000000 0.100000 0.000000
vt 0.000000 0.000000 0.000000
vt -6.800000 5.900000 0.000000
vt -6.985410 5.870634 0.000000
vt -7.152671 5.785410 0.000000
vt -7.285410 5.652671 0.000000
vt -7.370634 5.485410 0.000000
vt -7.400000 5.300000 0.000000
vt -7.400000 -5.300000 0.000000
vt -7.370634 -5.485410 0.000000
vt -7.285410 -5.652671 0.000000
vt -7.152671 -5.785410 0.000000
vt -6.985410 -5.870634 0.000000
vt -6.800000 -5.900000 0.000000
vt 6.800000 -5.900000 0.000000
vt 6.985410 -5.870634 0.000000
vt 7.152671 -5.785410 0.000000
vt 7.285410 -5.652671 0.000000
vt 7.370634 -5.485410 0.000000
vt 7.400000 -5.300000 0.000000
vt 7.400000 5.300000 0.000000
vt 7.370634 5.485410 0.000000
vt 7.285410 5.652671 0.000000
vt 7.152671 5.785410 0.000000
vt 6.985410 5.870634 0.000000
vt 6.800000 5.900000 0.000000
vt 6.500000 5.900000 0.000000
vt 6.500000 5.800000 0.000000
vt 6.800000 5.800000 0.000000
vt 6.991342 5.761940 0.000000
vt 7.153553 5.653553 0.000000
vt 7.261940 5.491342 0.000000
vt 7.300000 5.300000 0.000000
vt 7.300000 -5.300000 0.000000
vt 7.261940 -5.491342 0.000000
vt 7.153553 -5.653553 0.000000
vt 6.991342 -5.761940 0.000000
vt 6.800000 -5.800000 0.000000
vt -6.800000 -5.800000 0.000000
vt -6.991342 -5.761940 0.000000
vt -7.153553 -5.653553 0.000000
vt -7.261940 -5.491342 0.000000
vt -7.300000 -5.300000 0.000000
vt -7.300000 -5.200000 0.000000
vt -7.300000 -3.800000 0.000000
vt -7.300000 3.800000 0.000000
vt -7.300000 5.200000 0.000000
vt -7.300000 5.300000 0.000000
vt -7.261940 5.491342 0.000000
vt -7.153553 5.653553 0.000000
vt -6.991342 5.761940 0.000000
vt -6.800000 5.800000 0.000000
vt -6.500000 5.800000 0.000000
vt -6.500000 5.900000 0.000000
vt -0.100000 0.471239 0.000000
vt -0.100000 0.282743 0.000000
vt -0.100000 0.094248 0.000000
vt -0.100000 -0.094248 0.000000
vt -0.100000 -0.282743 0.000000
vt -0.100000 -0.471239 0.000000
vt -0.000000 -0.471239 0.000000
vt -0.000000 -0.282743 0.000000
vt -0.000000 -0.094248 0.000000
vt -0.000000 0.094248 0.000000
vt -0.000000 0.282743 0.000000
vt -0.000000 0.471239 0.000000
vt 11.200000 0.000000 0.000000
vt 11.200000 0.100000 0.000000
vt 0.600000 0.100000 0.000000
vt 0.600000 0.000000 0.000000
vt -0.100000 0.471239 0.000000
vt -0.100000 0.282743 0.000000
vt -0.100000 0.094248 0.000000
vt -0.100000 -0.094248 0.000000
vt -0.100000 -0.282743 0.000000
vt -0.100000 -0.471239 0.000000
vt -0.000000 -0.471239 0.000000
vt -0.000000 -0.282743 0.000000
vt -0.000000 -0.094248 0.000000
vt -0.000000 0.094248 0.000000
vt -0.000000 0.282743 0.000000
vt -0.000000 0.471239 0.000000
vt 14.200000 0.000000 0.000000
vt 14.200000 0.100000 0.000000
vt 0.600000 0.100000 0.000000
vt 0.600000 0.000000 0.000000
vt -0.100000 0.471239 0.000000
vt -0.100000 0.282743 0.000000
vt -0.100000 0.094248 0.000000
vt -0.100000 -0.094248 0.000000
vt -0.100000 -0.282743 0.000000
vt -0.100000 -0.471239 0.000000
vt -0.000000 -0.471239 0.000000
vt -0.000000 -0.282743 0.000000
vt -0.000000 -0.094248 0.000000
vt -0.000000 0.094248 0.000000
vt -0.000000 0.282743 0.000000
vt -0.000000 0.471239 0.000000
vt -0.700000 0.200000 0.000000
vt -0.700000 2.100000 0.000000
vt -14.300000 2.100000 0.000000
vt -14.300000 0.200000 0.000000
vt -14.300000 2.100000 0.000000
vt -14.300000 0.200000 0.000000
vt -0.700000 0.200000 0.000000
vt -0.700000 2.100000 0.000000
vt -1.000000 2.100000 0.000000
vt -1.000000 2.000000 0.000000
vt -1.191342 2.038060 0.000000
vt -1.353553 2.146447 0.000000
vt -1.461940 2.308658 0.000000
vt -1.500000 2.500000 0.000000
vt -1.500000 3.500000 0.000000
vt -1.538060 3.691342 0.000000
vt -1.646447 3.853553 0.000000
vt -1.808658 3.961940 0.000000
vt -2.000000 4.000000 0.000000
vt -5.000000 4.000000 0.000000
vt -5.000000 4.100000 0.000000
vt -10.000000 4.100000 0.000000
vt -10.000000 4.000000 0.000000
vt -13.000000 4.000000 0.000000
vt -13.191341 3.961940 0.000000
vt -13.353554 3.853553 0.000000
vt -13.461940 3.691342 0.000000
vt -13.500000 3.500000 0.000000
vt -13.500000 2.500000 0.000000
vt -13.538060 2.308658 0.000000
vt -13.646446 2.146447 0.000000
vt -13.808659 2.038060 0.000000
vt -14.000000 2.000000 0.000000
vt -14.000000 2.100000 0.000000
vt -9.350000 2.000000 0.000000
vt -9.387140 1.801317 0.000000
vt -9.493546 1.629467 0.000000
vt -9.654844 1.507660 0.000000
vt -9.849253 1.452346 0.000000
vt -10.050514 1.470996 0.000000
vt -10.231449 1.561090 0.000000
vt -10.367620 1.710462 0.000000
vt -10.440636 1.898938 0.000000
vt -10.440636 2.101062 0.000000
vt -10.367620 2.289538 0.000000
vt -10.231449 2.438910 0.000000
vt -10.050514 2.529004 0.000000
vt -9.849253 2.547654 0.000000
vt -9.654844 2.492340 0.000000
vt -9.493546 2.370533 0.000000
vt -9.387140 2.198683 0.000000
vt -7.750000 2.000000 0.000000
vt -7.787140 1.801317 0.000000
vt -7.893545 1.629467 0.000000
vt -8.054844 1.507660 0.000000
vt -8.249252 1.452346 0.000000
vt -8.450515 1.470996 0.000000
vt -8.631449 1.561090 0.000000
vt -8.767619 1.710462 0.000000
vt -8.840635 1.898938 0.000000
vt -8.840635 2.101062 0.000000
vt -8.767619 2.289538 0.000000
vt -8.631449 2.438910 0.000000
vt -8.450515 2.529004 0.000000
vt -8.249252 2.547654 0.000000
vt -8.054844 2.492340 0.000000
vt -7.893545 2.370533 0.000000
vt -7.787140 2.198683 0.000000
vt -6.150000 2.000000 0.000000
vt -6.187140 1.801317 0.000000
vt -6.293545 1.629467 0.000000
vt -6.454844 1.507660 0.000000
vt -6.649252 1.452346 0.000000
vt -6.850514 1.470996 0.000000
vt -7.031449 1.561090 0.000000
vt -7.167619 1.710462 0.000000
vt -7.240635 1.898938 0.000000
vt -7.240635 2.101062 0.000000
vt -7.167619 2.289538 0.000000
vt -7.031449 2.438910 0.000000
vt -6.850514 2.529004 0.000000
vt -6.649252 2.547654 0.000000
vt -6.454844 2.492340 0.000000
vt -6.293545 2.370533 0.000000
vt -6.187140 2.198683 0.000000
vt -4.550000 2.000000 0.000000
vt -4.587140 1.801317 0.000000
vt -4.693545 1.629467 0.000000
vt -4.854844 1.507660 0.000000
vt -5.049253 1.452346 0.000000
vt -5.250515 1.470996 0.000000
vt -5.431449 1.561090 0.000000
vt -5.567619 1.710462 0.000000
vt -5.640635 1.898938 0.000000
vt -5.640635 2.101062 0.000000
vt -5.567619 2.289538 0.000000
vt -5.431449 2.438910 0.000000
vt -5.250515 2.529004 0.000000
vt -5.049253 2.547654 0.000000
vt -4.854844 2.492340 0.000000
vt -4.693545 2.370533 0.000000
vt -4.587140 2.198683 0.000000
vt -1.700000 2.000000 0.000000
vt -1.737083 1.730203 0.000000
vt -1.845581 1.480416 0.000000
vt -2.017447 1.269164 0.000000
vt -2.239935 1.112115 0.000000
vt -2.496544 1.020916 0.000000
vt -2.768242 1.002331 0.000000
vt -3.034880 1.057739 0.000000
vt -3.276680 1.183030 0.000000
vt -3.475711 1.368912 0.000000
vt -3.617211 1.601599 0.000000
vt -3.690686 1.863833 0.000000
vt -3.690686 2.136167 0.000000
vt -3.617211 2.398401 0.000000
vt -3.475711 2.631088 0.000000
vt -3.276680 2.816970 0.000000
vt -3.034880 2.942261 0.000000
vt -2.768242 2.997669 0.000000
vt -2.496544 2.979084 0.000000
vt -2.239935 2.887885 0.000000
vt -2.017447 2.730836 0.000000
vt -1.845581 2.519584 0.000000
vt -1.737083 2.269797 0.000000
vt -11.300000 2.000000 0.000000
vt -11.337083 1.730203 0.000000
vt -11.445580 1.480416 0.000000
vt -11.617447 1.269164 0.000000
vt -11.839935 1.112115 0.000000
vt -12.096544 1.020916 0.000000
vt -12.368242 1.002331 0.000000
vt -12.634880 1.057739 0.000000
vt -12.876680 1.183030 0.000000
vt -13.075711 1.368912 0.000000
vt -13.217212 1.601599 0.000000
vt -13.290686 1.863833 0.000000
vt -13.290686 2.136167 0.000000
vt -13.217212 2.398401 0.000000
vt -13.075711 2.631088 0.000000
vt -12.876680 2.816970 0.000000
vt -12.634880 2.942261 0.000000
vt -12.368242 2.997669 0.000000
vt -12.096544 2.979084 0.000000
vt -11.839935 2.887885 0.000000
vt -11.617447 2.730836 0.000000
vt -11.445580 2.519584 0.000000
vt -11.337083 2.269797 0.000000
vt 0.000000 0.000000 0.000000
vt 0.100000 0.000000 0.000000
vt 0.100000 0.100000 0.000000
vt 0.000000 0.100000 0.000000
vt 0.000000 0.000000 0.000000
vt 5.000000 0.000000 0.000000
vt 5.000000 0.100000 0.000000
vt 0.000000 0.100000 0.000000
vt 0.000000 0.000000 0.000000
vt 0.100000 0.000000 0.000000
vt 0.100000 0.100000 0.000000
vt 0.000000 0.100000 0.000000
vt -2.500000 -0.050000 0.000000
vt 2.500000 -0.050000 0.000000
vt 2.500000 0.050000 0.000000
vt -2.500000 0.050000 0.000000
vt -2.000000 0.157080 0.000000
vt -2.000000 0.052360 0.000000
vt -2.000000 -0.052360 0.000000
vt -2.000000 -0.157080 0.000000
vt -0.000000 -0.157080 0.000000
vt -0.000000 -0.052360 0.000000
vt -0.000000 0.052360 0.000000
vt -0.000000 0.157080 0.000000
vt 11.800000 0.000000 0.000000
vt 11.800000 2.000000 0.000000
vt 0.200000 2.000000 0.000000
vt 0.200000 0.000000 0.000000
vt 7.500000 5.800000 0.000000
vt 7.473205 5.900000 0.000000
vt 7.400000 5.973205 0.000000
vt 7.300000 6.000000 0.000000
vt 6.500000 6.000000 0.000000
vt 6.500000 5.900000 0.000000
vt 6.800000 5.900000 0.000000
vt 6.985410 5.870634 0.000000
vt 7.152671 5.785410 0.000000
vt 7.285410 5.652671 0.000000
vt 7.370634 5.485410 0.000000
vt 7.400000 5.300000 0.000000
vt 7.400000 -5.300000 0.000000
vt 7.370634 -5.485410 0.000000
vt 7.285410 -5.652671 0.000000
vt 7.152671 -5.785410 0.000000
vt 6.985410 -5.870634 0.000000
vt 6.800000 -5.900000 0.000000
vt -6.800000 -5.900000 0.000000
vt -6.985410 -5.870634 0.000000
vt -7.152671 -5.785410 0.000000
vt -7.285410 -5.652671 0.000000
vt -7.370634 -5.485410 0.000000
vt -7.400000 -5.300000 0.000000
vt -7.400000 5.300000 0.000000
vt -7.370634 5.485410 0.000000
vt -7.285410 5.652671 0.000000
vt -7.152671 5.785410 0.000000
vt -6.985410 5.870634 0.000000
vt -6.800000 5.900000 0.000000
vt -6.500000 5.900000 0.000000
vt -6.500000 6.000000 0.000000
vt -7.300000 6.000000 0.000000
vt -7.400000 5.973205 0.000000
vt -7.473205 5.900000 0.000000
vt -7.500000 5.800000 0.000000
vt -7.500000 -5.800000 0.000000
vt -7.473205 -5.900000 0.000000
vt -7.400000 -5.973205 0.000000
vt -7.300000 -6.000000 0.000000
vt 7.300000 -6.000000 0.000000
vt 7.400000 -5.973205 0.000000
vt 7.473205 -5.900000 0.000000
vt 7.500000 -5.800000 0.000000
vt -2.000000 0.157080 0.000000
vt -2.000000 0.052360 0.000000
vt -2.000000 -0.052360 0.000000
vt -2.000000 -0.157080 0.000000
vt -0.000000 -0.157080 0.000000
vt -0.000000 -0.052360 0.000000
vt -0.000000 0.052360 0.000000
vt -0.000000 0.157080 0.000000
vt 14.800000 0.000000 0.000000
vt 14.800000 2.000000 0.000000
vt 0.200000 2.000000 0.000000
vt 0.200000 0.000000 0.000000
vt -2.000000 0.157080 0.000000
vt -2.000000 0.052360 0.000000
vt -2.000000 -0.052360 0.000000
vt -2.000000 -0.157080 0.000000
vt -0.000000 -0.157080 0.000000
vt -0.000000 -0.052360 0.000000
vt -0.000000 0.052360 0.000000
vt -0.000000 0.157080 0.000000
vt 11.800000 0.000000 0.000000
vt 11.800000 2.000000 0.000000
vt 0.200000 2.000000 0.000000
vt 0.200000 0.000000 0.000000
vt -2.000000 0.157080 0.000000
vt -2.000000 0.052360 0.000000
vt -2.000000 -0.052360 0.000000
vt -2.000000 -0.157080 0.000000
vt -0.000000 -0.157080 0.000000
vt -0.000000 -0.052360 0.000000
vt -0.000000 0.052360 0.000000
vt -0.000000 0.157080 0.000000
vt 0.200000 2.000000 0.000000
vt 0.200000 0.000000 0.000000
vt 14.800000 0.000000 0.000000
vt 14.800000 2.000000 0.000000
vt 14.000000 2.000000 0.000000
vt 13.808659 2.038060 0.000000
vt 13.646446 2.146447 0.000000
vt 13.538060 2.308658 0.000000
vt 13.500000 2.500000 0.000000
vt 13.500000 3.500000 0.000000
vt 13.461940 3.691342 0.000000
vt 13.353554 3.853553 0.000000
vt 13.191341 3.961940 0.000000
vt 13.000000 4.000000 0.000000
vt 2.000000 4.000000 0.000000
vt 1.808658 3.961940 0.000000
vt 1.646447 3.853553 0.000000
vt 1.538060 3.691342 0.000000
vt 1.500000 3.500000 0.000000
vt 1.500000 2.500000 0.000000
vt 1.461940 2.308658 0.000000
vt 1.353553 2.146447 0.000000
vt 1.191342 2.038060 0.000000
vt 1.000000 2.000000 0.000000
vt 11.300000 2.000000 0.000000
vt 11.337083 2.269797 0.000000
vt 11.445580 2.519584 0.000000
vt 11.617447 2.730836 0.000000
vt 11.839935 2.887885 0.000000
vt 12.096544 2.979084 0.000000
vt 12.368242 2.997669 0.000000
vt 12.634880 2.942261 0.000000
vt 12.876680 2.816970 0.000000
vt 13.075711 2.631088 0.000000
vt 13.217212 2.398401 0.000000
vt 13.290686 2.136167 0.000000
vt 13.290686 1.863833 0.000000
vt 13.217212 1.601599 0.000000
vt 13.075711 1.368912 0.000000
vt 12.876680 1.183030 0.000000
vt 12.634880 1.057739 0.000000
vt 12.368242 1.002331 0.000000
vt 12.096544 1.020916 0.000000
vt 11.839935 1.112115 0.000000
vt 11.617447 1.269164 0.000000
vt 11.445580 1.480416 0.000000
vt 11.337083 1.730203 0.000000
vt 1.700000 2.000000 0.000000
vt 1.737083 2.269797 0.000000
vt 1.845581 2.519584 0.000000
vt 2.017447 2.730836 0.000000
vt 2.239935 2.887885 0.000000
vt 2.496544 2.979084 0.000000
vt 2.768242 2.997669 0.000000
vt 3.034880 2.942261 0.000000
vt 3.276680 2.816970 0.000000
vt 3.475711 2.631088 0.000000
vt 3.617211 2.398401 0.000000
vt 3.690686 2.136167 0.000000
vt 3.690686 1.863833 0.000000
vt 3.617211 1.601599 0.000000
vt 3.475711 1.368912 0.000000
vt 3.276680 1.183030 0.000000
vt 3.034880 1.057739 0.000000
vt 2.768242 1.002331 0.000000
vt 2.496544 1.020916 0.000000
vt 2.239935 1.112115 0.000000
vt 2.017447 1.269164 0.000000
vt 1.845581 1.480416 0.000000
vt 1.737083 1.730203 0.000000
vt 4.550000 2.000000 0.000000
vt 4.587140 2.198683 0.000000
vt 4.693545 2.370533 0.000000
vt 4.854844 2.492340 0.000000
vt 5.049253 2.547654 0.000000
vt 5.250515 2.529004 0.000000
vt 5.431449 2.438910 0.000000
vt 5.567619 2.289538 0.000000
vt 5.640635 2.101062 0.000000
vt 5.640635 1.898938 0.000000
vt 5.567619 1.710462 0.000000
vt 5.431449 1.561090 0.000000
vt 5.250515 1.470996 0.000000
vt 5.049253 1.452346 0.000000
vt 4.854844 1.507660 0.000000
vt 4.693545 1.629467 0.000000
vt 4.587140 1.801317 0.000000
vt 6.150000 2.000000 0.000000
vt 6.187140 2.198683 0.000000
vt 6.293545 2.370533 0.000000
vt 6.454844 2.492340 0.000000
vt 6.649252 2.547654 0.000000
vt 6.850514 2.529004 0.000000
vt 7.031449 2.438910 0.000000
vt 7.167619 2.289538 0.000000
vt 7.240635 2.101062 0.000000
vt 7.240635 1.898938 0.000000
vt 7.167619 1.710462 0.000000
vt 7.031449 1.561090 0.000000
vt 6.850514 1.470996 0.000000
vt 6.649252 1.452346 0.000000
vt 6.454844 1.507660 0.000000
vt 6.293545 1.629467 0.000000
vt 6.187140 1.801317 0.000000
vt 7.750000 2.000000 0.000000
vt 7.787140 2.198683 0.000000
vt 7.893545 2.370533 0.000000
vt 8.054844 2.492340 0.000000
vt 8.249252 2.547654 0.000000
vt 8.450515 2.529004 0.000000
vt 8.631449 2.438910 0.000000
vt 8.767619 2.289538 0.000000
vt 8.840635 2.101062 0.000000
vt 8.840635 1.898938 0.000000
vt 8.767619 1.710462 0.000000
vt 8.631449 1.561090 0.000000
vt 8.450515 1.470996 0.000000
vt 8.249252 1.452346 0.000000
vt 8.054844 1.507660 0.000000
vt 7.893545 1.629467 0.000000
vt 7.787140 1.801317 0.000000
vt 9.350000 2.000000 0.000000
vt 9.387140 2.198683 0.000000
vt 9.493546 2.370533 0.000000
vt 9.654844 2.492340 0.000000
vt 9.849253 2.547654 0.000000
vt 10.050514 2.529004 0.000000
vt 10.231449 2.438910 0.000000
vt 10.367620 2.289538 0.000000
vt 10.440636 2.101062 0.000000
vt 10.440636 1.898938 0.000000
vt 10.367620 1.710462 0.000000
vt 10.231449 1.561090 0.000000
vt 10.050514 1.470996 0.000000
vt 9.849253 1.452346 0.000000
vt 9.654844 1.507660 0.000000
vt 9.493546 1.629467 0.000000
vt 9.387140 1.801317 0.000000
vt 0.000000 0.000000 0.000000
vt 0.100000 0.000000 0.000000
vt 0.100000 0.100000 0.000000
vt 0.000000 0.100000 0.000000
vt 0.000000 0.000000 0.000000
vt 0.100000 0.000000 0.000000
vt 0.100000 0.100000 0.000000
vt 0.000000 0.100000 0.000000
vt 0.600000 0.100000 0.000000
vt 0.600000 0.000000 0.000000
vt 0.900000 0.000000 0.000000
vt 0.900000 0.100000 0.000000
vt 0.600000 0.100000 0.000000
vt 0.600000 0.000000 0.000000
vt 11.200000 0.000000 0.000000
vt 11.200000 0.100000 0.000000
vt 0.200000 0.392699 0.000000
vt 0.200000 0.196350 0.000000
vt 0.200000 0.000000 0.000000
vt 0.200000 -0.196350 0.000000
vt 0.200000 -0.392699 0.000000
vt 2.100000 -0.392699 0.000000
vt 2.100000 -0.196350 0.000000
vt 2.100000 0.000000 0.000000
vt 2.100000 0.196350 0.000000
vt 2.100000 0.392699 0.000000
vt 0.200000 0.392699 0.000000
vt 0.200000 0.196350 0.000000
vt 0.200000 0.000000 0.000000
vt 0.200000 -0.196350 0.000000
vt 0.200000 -0.392699 0.000000
vt 2.100000 -0.392699 0.000000
vt 2.100000 -0.196350 0.000000
vt 2.100000 0.000000 0.000000
vt 2.100000 0.196350 0.000000
vt 2.100000 0.392699 0.000000
vt 0.200000 0.392699 0.000000
vt 0.200000 0.196350 0.000000
vt 0.200000 0.000000 0.000000
vt 0.200000 -0.196350 0.000000
vt 0.200000 -0.392699 0.000000
vt 2.100000 -0.392699 0.000000
vt 2.100000 -0.196350 0.000000
vt 2.100000 0.000000 0.000000
vt 2.100000 0.196350 0.000000
vt 2.100000 0.392699 0.000000
vt 0.200000 0.392699 0.000000
vt 0.200000 0.196350 0.000000
vt 0.200000 0.000000 0.000000
vt 0.200000 -0.196350 0.000000
vt 0.200000 -0.392699 0.000000
vt 2.100000 -0.392699 0.000000
vt 2.100000 -0.196350 0.000000
vt 2.100000 0.000000 0.000000
vt 2.100000 0.196350 0.000000
vt 2.100000 0.392699 0.000000
vt 2.800000 0.392699 0.000000
vt 2.800000 0.196350 0.000000
vt 2.800000 0.000000 0.000000
vt 2.800000 -0.196350 0.000000
vt 2.800000 -0.392699 0.000000
vt 3.000000 -0.392699 0.000000
vt 3.000000 -0.196350 0.000000
vt 3.000000 0.000000 0.000000
vt 3.000000 0.196350 0.000000
vt 3.000000 0.392699 0.000000
vt 2.900000 0.392699 0.000000
vt 1.500000 0.000000 0.000000
vt 1.500000 0.200000 0.000000
vt 0.500000 0.200000 0.000000
vt 0.500000 0.000000 0.000000
vt -0.200000 0.392699 0.000000
vt -0.200000 0.196350 0.000000
vt -0.200000 0.000000 0.000000
vt -0.200000 -0.196350 0.000000
vt -0.200000 -0.392699 0.000000
vt -0.000000 -0.392699 0.000000
vt -0.000000 -0.196350 0.000000
vt -0.000000 0.000000 0.000000
vt -0.000000 0.196350 0.000000
vt -0.000000 0.392699 0.000000
vt 3.500000 0.100000 0.000000
vt 3.500000 0.200000 0.000000
vt 0.500000 0.200000 0.000000
vt 0.500000 0.000000 0.000000
vt 11.500000 0.000000 0.000000
vt 11.500000 0.200000 0.000000
vt 8.500000 0.200000 0.000000
vt 8.500000 0.100000 0.000000
vt -0.200000 0.392699 0.000000
vt -0.200000 0.196350 0.000000
vt -0.200000 0.000000 0.000000
vt -0.200000 -0.196350 0.000000
vt -0.200000 -0.392699 0.000000
vt -0.000000 -0.392699 0.000000
vt -0.000000 -0.196350 0.000000
vt -0.000000 0.000000 0.000000
vt -0.000000 0.196350 0.000000
vt -0.000000 0.392699 0.000000
vt -2.800000 -0.392699 0.000000
vt -2.800000 -0.196350 0.000000
vt -2.800000 0.000000 0.000000
vt -2.800000 0.196350 0.000000
vt -2.800000 0.392699 0.000000
vt -2.900000 0.392699 0.000000
vt -3.000000 0.392699 0.000000
vt -3.000000 0.196350 0.000000
vt -3.000000 0.000000 0.000000
vt -3.000000 -0.196350 0.000000
vt -3.000000 -0.392699 0.000000
vt 19.421417 0.000000 0.000000
vt 19.421417 -0.203280 0.000000
vt 19.421417 -0.406559 0.000000
vt 19.421417 -0.609839 0.000000
vt 19.421417 -0.813118 0.000000
vt 19.421417 -1.016398 0.000000
vt 19.421417 -1.219677 0.000000
vt 19.421417 -1.422957 0.000000
vt 19.421417 -1.626236 0.000000
vt 19.421417 1.626236 0.000000
vt 19.421417 1.422957 0.000000
vt 19.421417 1.219677 0.000000
vt 19.421417 1.016398 0.000000
vt 19.421417 0.813118 0.000000
vt 19.421417 0.609839 0.000000
vt 19.421417 0.406559 0.000000
vt 19.421417 0.203280 0.000000
vt 19.621418 0.000000 0.000000
vt 19.621418 0.203280 0.000000
vt 19.621418 0.406559 0.000000
vt 19.621418 0.609839 0.000000
vt 19.621418 0.813118 0.000000
vt 19.621418 1.016398 0.000000
vt 19.621418 1.219677 0.000000
vt 19.621418 1.422957 0.000000
vt 19.621418 -1.829516 0.000000
vt 19.621418 -1.626236 0.000000
vt 19.621418 -1.422957 0.000000
vt 19.621418 -1.219677 0.000000
vt 19.621418 -1.016398 0.000000
vt 19.621418 -0.813118 0.000000
vt 19.621418 -0.609839 0.000000
vt 19.621418 -0.406559 0.000000
vt 19.621418 -0.203280 0.000000
vt 19.621418 1.626236 0.000000
vt 19.621418 1.626236 0.000000
vt 19.421417 -1.829516 0.000000
vt 19.421417 -1.829516 0.000000
vt 19.421417 0.000000 0.000000
vt 19.421417 -0.203280 0.000000
vt 19.421417 -0.406559 0.000000
vt 19.421417 -0.609839 0.000000
vt 19.421417 -0.813118 0.000000
vt 19.421417 -1.016398 0.000000
vt 19.421417 -1.219677 0.000000
vt 19.421417 -1.422957 0.000000
vt 19.421417 -1.626236 0.000000
vt 19.421417 1.626236 0.000000
vt 19.421417 1.422957 0.000000
vt 19.421417 1.219677 0.000000
vt 19.421417 1.016398 0.000000
vt 19.421417 0.813118 0.000000
vt 19.421417 0.609839 0.000000
vt 19.421417 0.406559 0.000000
vt 19.421417 0.203280 0.000000
vt 19.621418 0.000000 0.000000
vt 19.621418 0.203280 0.000000
vt 19.621418 0.406559 0.000000
vt 19.621418 0.609839 0.000000
vt 19.621418 0.813118 0.000000
vt 19.621418 1.016398 0.000000
vt 19.621418 1.219677 0.000000
vt 19.621418 1.422957 0.000000
vt 19.621418 -1.829516 0.000000
vt 19.621418 -1.626236 0.000000
vt 19.621418 -1.422957 0.000000
vt 19.621418 -1.219677 0.000000
vt 19.621418 -1.016398 0.000000
vt 19.621418 -0.813118 0.000000
vt 19.621418 -0.609839 0.000000
vt 19.621418 -0.406559 0.000000
vt 19.621418 -0.203280 0.000000
vt 19.621418 1.626236 0.000000
vt 19.621418 1.626236 0.000000
vt 19.421417 -1.829516 0.000000
vt 19.421417 -1.829516 0.000000
vt 19.421417 0.000000 0.000000
vt 19.421417 -0.203280 0.000000
vt 19.421417 -0.406559 0.000000
vt 19.421417 -0.609839 0.000000
vt 19.421417 -0.813118 0.000000
vt 19.421417 -1.016398 0.000000
vt 19.421417 -1.219677 0.000000
vt 19.421417 -1.422957 0.000000
vt 19.421417 -1.626236 0.000000
vt 19.421417 1.626236 0.000000
vt 19.421417 1.422957 0.000000
vt 19.421417 1.219677 0.000000
vt 19.421417 1.016398 0.000000
vt 19.421417 0.813118 0.000000
vt 19.421417 0.609839 0.000000
vt 19.421417 0.406559 0.000000
vt 19.421417 0.203280 0.000000
vt 19.621418 0.000000 0.000000
vt 19.621418 0.203280 0.000000
vt 19.621418 0.406559 0.000000
vt 19.621418 0.609839 0.000000
vt 19.621418 0.813118 0.000000
vt 19.621418 1.016398 0.000000
vt 19.621418 1.219677 0.000000
vt 19.621418 1.422957 0.000000
vt 19.621418 -1.829516 0.000000
vt 19.621418 -1.626236 0.000000
vt 19.621418 -1.422957 0.000000
vt 19.621418 -1.219677 0.000000
vt 19.621418 -1.016398 0.000000
vt 19.621418 -0.813118 0.000000
vt 19.621418 -0.609839 0.000000
vt 19.621418 -0.406559 0.000000
vt 19.621418 -0.203280 0.000000
vt 19.621418 1.626236 0.000000
vt 19.621418 1.626236 0.000000
vt 19.421417 -1.829516 0.000000
vt 19.421417 -1.829516 0.000000
vt 19.421417 0.000000 0.000000
vt 19.421417 -0.203280 0.000000
vt 19.421417 -0.406559 0.000000
vt 19.421417 -0.609839 0.000000
vt 19.421417 -0.813118 0.000000
vt 19.421417 -1.016398 0.000000
vt 19.421417 -1.219677 0.000000
vt 19.421417 -1.422957 0.000000
vt 19.421417 -1.626236 0.000000
vt 19.421417 1.626236 0.000000
vt 19.421417 1.422957 0.000000
vt 19.421417 1.219677 0.000000
vt 19.421417 1.016398 0.000000
vt 19.421417 0.813118 0.000000
vt 19.421417 0.609839 0.000000
vt 19.421417 0.406559 0.000000
vt 19.421417 0.203280 0.000000
vt 19.621418 0.000000 0.000000
vt 19.621418 0.203280 0.000000
vt 19.621418 0.406559 0.000000
vt 19.621418 0.609839 0.000000
vt 19.621418 0.813118 0.000000
vt 19.621418 1.016398 0.000000
vt 19.621418 1.219677 0.000000
vt 19.621418 1.422957 0.000000
vt 19.621418 -1.829516 0.000000
vt 19.621418 -1.626236 0.000000
vt 19.621418 -1.422957 0.000000
vt 19.621418 -1.219677 0.000000
vt 19.621418 -1.016398 0.000000
vt 19.621418 -0.813118 0.000000
vt 19.621418 -0.609839 0.000000
vt 19.621418 -0.406559 0.000000
vt 19.621418 -0.203280 0.000000
vt 19.621418 1.626236 0.000000
vt 19.621418 1.626236 0.000000
vt 19.421417 -1.829516 0.000000
vt 19.421417 -1.829516 0.000000
vt 19.421417 0.000000 0.000000
vt 19.421417 -0.273182 0.000000
vt 19.421417 -0.546364 0.000000
vt 19.421417 -0.819546 0.000000
vt 19.421417 -1.092728 0.000000
vt 19.421417 -1.365910 0.000000
vt 19.421417 -1.639092 0.000000
vt 19.421417 -1.912274 0.000000
vt 19.421417 -2.185456 0.000000
vt 19.421417 -2.458638 0.000000
vt 19.421417 -2.731820 0.000000
vt 19.421417 -3.005002 0.000000
vt 19.421417 3.005002 0.000000
vt 19.421417 2.731820 0.000000
vt 19.421417 2.458638 0.000000
vt 19.421417 2.185456 0.000000
vt 19.421417 1.912274 0.000000
vt 19.421417 1.639092 0.000000
vt 19.421417 1.365910 0.000000
vt 19.421417 1.092728 0.000000
vt 19.421417 0.819546 0.000000
vt 19.421417 0.546364 0.000000
vt 19.421417 0.273182 0.000000
vt 19.621416 0.000000 0.000000
vt 19.621416 0.273182 0.000000
vt 19.621416 0.546364 0.000000
vt 19.621416 0.819546 0.000000
vt 19.621416 1.092728 0.000000
vt 19.621416 1.365910 0.000000
vt 19.621416 1.639092 0.000000
vt 19.621416 1.912274 0.000000
vt 19.621416 2.185456 0.000000
vt 19.621416 2.458638 0.000000
vt 19.621416 2.731820 0.000000
vt 19.621416 -3.278184 0.000000
vt 19.621416 -3.005002 0.000000
vt 19.621416 -2.731820 0.000000
vt 19.621416 -2.458638 0.000000
vt 19.621416 -2.185456 0.000000
vt 19.621416 -1.912274 0.000000
vt 19.621416 -1.639092 0.000000
vt 19.621416 -1.365910 0.000000
vt 19.621416 -1.092728 0.000000
vt 19.621416 -0.819546 0.000000
vt 19.621416 -0.546364 0.000000
vt 19.621416 -0.273182 0.000000
vt 19.621416 3.005002 0.000000
vt 19.621416 3.005002 0.000000
vt 19.421417 -3.278184 0.000000
vt 19.421417 -3.278184 0.000000
vt 19.421417 0.000000 0.000000
vt 19.421417 -0.273182 0.000000
vt 19.421417 -0.546364 0.000000
vt 19.421417 -0.819546 0.000000
vt 19.421417 -1.092728 0.000000
vt 19.421417 -1.365910 0.000000
vt 19.421417 -1.639092 0.000000
vt 19.421417 -1.912274 0.000000
vt 19.421417 -2.185456 0.000000
vt 19.421417 -2.458638 0.000000
vt 19.421417 -2.731820 0.000000
vt 19.421417 -3.005002 0.000000
vt 19.421417 3.005002 0.000000
vt 19.421417 2.731820 0.000000
vt 19.421417 2.458638 0.000000
vt 19.421417 2.185456 0.000000
vt 19.421417 1.912274 0.000000
vt 19.421417 1.639092 0.000000
vt 19.421417 1.365910 0.000000
vt 19.421417 1.092728 0.000000
vt 19.421417 0.819546 0.000000
vt 19.421417 0.546364 0.000000
vt 19.421417 0.273182 0.000000
vt 19.621416 0.000000 0.000000
vt 19.621416 0.273182 0.000000
vt 19.621416 0.546364 0.000000
vt 19.621416 0.819546 0.000000
vt 19.621416 1.092728 0.000000
vt 19.621416 1.365910 0.000000
vt 19.621416 1.639092 0.000000
vt 19.621416 1.912274 0.000000
vt 19.621416 2.185456 0.000000
vt 19.621416 2.458638 0.000000
vt 19.621416 2.731820 0.000000
vt 19.621416 -3.278184 0.000000
vt 19.621416 -3.005002 0.000000
vt 19.621416 -2.731820 0.000000
vt 19.621416 -2.458638 0.000000
vt 19.621416 -2.185456 0.000000
vt 19.621416 -1.912274 0.000000
vt 19.621416 -1.639092 0.000000
vt 19.621416 -1.365910 0.000000
vt 19.621416 -1.092728 0.000000
vt 19.621416 -0.819546 0.000000
vt 19.621416 -0.546364 0.000000
vt 19.621416 -0.273182 0.000000
vt 19.621416 3.005002 0.000000
vt 19.621416 3.005002 0.000000
vt 19.421417 -3.278184 0.000000
vt 19.421417 -3.278184 0.000000
vt 1.500000 0.000000 0.000000
vt 1.500000 0.200000 0.000000
vt 0.500000 0.200000 0.000000
vt 0.500000 0.000000 0.000000
vt 0.265165 -1.531526 0.000000
vt 0.265165 -1.370313 0.000000
vt 0.265165 -1.209100 0.000000
vt 0.265165 -1.047887 0.000000
vt 0.265165 -0.886673 0.000000
vt 0.265165 -0.725460 0.000000
vt 0.265165 -0.564247 0.000000
vt 0.265165 -0.403033 0.000000
vt 0.265165 -0.241820 0.000000
vt 0.265165 -0.080607 0.000000
vt 0.265165 0.080607 0.000000
vt 0.265165 0.241820 0.000000
vt 0.265165 0.403033 0.000000
vt 0.265165 0.564247 0.000000
vt 0.265165 0.725460 0.000000
vt 0.265165 0.886673 0.000000
vt 0.265165 1.047887 0.000000
vt 0.265165 1.209100 0.000000
vt 0.265165 1.370313 0.000000
vt -0.265165 1.531526 0.000000
vt -0.265165 1.295907 0.000000
vt -0.265165 1.060287 0.000000
vt -0.265165 0.824668 0.000000
vt -0.265165 0.589049 0.000000
vt -0.265165 0.353429 0.000000
vt -0.265165 0.117810 0.000000
vt -0.265165 -0.117810 0.000000
vt -0.265165 -0.353429 0.000000
vt -0.265165 -0.589049 0.000000
vt -0.265165 -0.824668 0.000000
vt -0.265165 -1.060287 0.000000
vt -0.265165 -1.295907 0.000000
vt 0.265165 1.531526 0.000000
vt -0.265165 -1.531526 0.000000
vt -0.265165 -1.531526 0.000000
vt -0.200000 -2.120575 0.000000
vt -0.200000 -1.897357 0.000000
vt -0.200000 -1.674138 0.000000
vt -0.200000 -1.450920 0.000000
vt -0.200000 -1.227701 0.000000
vt -0.200000 -1.004483 0.000000
vt -0.200000 -0.781264 0.000000
vt -0.200000 -0.558046 0.000000
vt -0.200000 -0.334828 0.000000
vt -0.200000 -0.111609 0.000000
vt -0.200000 0.111609 0.000000
vt -0.200000 0.334828 0.000000
vt -0.200000 0.558046 0.000000
vt -0.200000 0.781264 0.000000
vt -0.200000 1.004483 0.000000
vt -0.200000 1.227701 0.000000
vt -0.200000 1.450920 0.000000
vt -0.200000 1.674138 0.000000
vt -0.200000 1.897357 0.000000
vt -0.825000 0.000000 0.000000
vt -0.825000 -0.223218 0.000000
vt -0.825000 -0.446437 0.000000
vt -0.825000 -0.669655 0.000000
vt -0.825000 -0.892874 0.000000
vt -0.825000 -1.116092 0.000000
vt -0.825000 -1.339311 0.000000
vt -0.825000 -1.562529 0.000000
vt -0.825000 -1.785747 0.000000
vt -0.825000 2.232184 0.000000
vt -0.825000 2.008966 0.000000
vt -0.825000 1.785747 0.000000
vt -0.825000 1.562529 0.000000
vt -0.825000 1.339311 0.000000
vt -0.825000 1.116092 0.000000
vt -0.825000 0.892874 0.000000
vt -0.825000 0.669655 0.000000
vt -0.825000 0.446437 0.000000
vt -0.825000 0.223218 0.000000
vt -0.825000 -2.008966 0.000000
vt -0.200000 2.120575 0.000000
vt -0.200000 2.120575 0.000000
vt -0.825000 -2.008966 0.000000
vt -0.170000 0.000000 0.000000
vt -0.137533 0.099923 0.000000
vt -0.052533 0.161680 0.000000
vt 0.052533 0.161680 0.000000
vt 0.137533 0.099923 0.000000
vt 0.170000 0.000000 0.000000
vt 0.137533 -0.099923 0.000000
vt 0.052533 -0.161680 0.000000
vt -0.052533 -0.161680 0.000000
vt -0.137533 -0.099923 0.000000
vt 0.300000 0.000000 0.000000
vt 0.265637 0.139417 0.000000
vt 0.170419 0.246895 0.000000
vt 0.036161 0.297813 0.000000
vt -0.106381 0.280505 0.000000
vt -0.224553 0.198937 0.000000
vt -0.291283 0.071795 0.000000
vt -0.291283 -0.071795 0.000000
vt -0.224553 -0.198937 0.000000
vt -0.106381 -0.280505 0.000000
vt 0.036161 -0.297813 0.000000
vt 0.170419 -0.246895 0.000000
vt 0.265637 -0.139417 0.000000
vt 0.265165 -1.531526 0.000000
vt 0.265165 -1.370313 0.000000
vt 0.265165 -1.209100 0.000000
vt 0.265165 -1.047887 0.000000
vt 0.265165 -0.886673 0.000000
vt 0.265165 -0.725460 0.000000
vt 0.265165 -0.564247 0.000000
vt 0.265165 -0.403033 0.000000
vt 0.265165 -0.241820 0.000000
vt 0.265165 -0.080607 0.000000
vt 0.265165 0.080607 0.000000
vt 0.265165 0.241820 0.000000
vt 0.265165 0.403033 0.000000
vt 0.265165 0.564247 0.000000
vt 0.265165 0.725460 0.000000
vt 0.265165 0.886673 0.000000
vt 0.265165 1.047887 0.000000
vt 0.265165 1.209100 0.000000
vt 0.265165 1.370313 0.000000
vt -0.265165 1.531526 0.000000
vt -0.265165 1.295907 0.000000
vt -0.265165 1.060287 0.000000
vt -0.265165 0.824668 0.000000
vt -0.265165 0.589049 0.000000
vt -0.265165 0.353429 0.000000
vt -0.265165 0.117810 0.000000
vt -0.265165 -0.117810 0.000000
vt -0.265165 -0.353429 0.000000
vt -0.265165 -0.589049 0.000000
vt -0.265165 -0.824668 0.000000
vt -0.265165 -1.060287 0.000000
vt -0.265165 -1.295907 0.000000
vt 0.265165 1.531526 0.000000
vt -0.265165 -1.531526 0.000000
vt -0.265165 -1.531526 0.000000
vt -0.200000 -2.120575 0.000000
vt -0.200000 -1.897357 0.000000
vt -0.200000 -1.674138 0.000000
vt -0.200000 -1.450920 0.000000
vt -0.200000 -1.227701 0.000000
vt -0.200000 -1.004483 0.000000
vt -0.200000 -0.781264 0.000000
vt -0.200000 -0.558046 0.000000
vt -0.200000 -0.334828 0.000000
vt -0.200000 -0.111609 0.000000
vt -0.200000 0.111609 0.000000
vt -0.200000 0.334828 0.000000
vt -0.200000 0.558046 0.000000
vt -0.200000 0.781264 0.000000
vt -0.200000 1.004483 0.000000
vt -0.200000 1.227701 0.000000
vt -0.200000 1.450920 0.000000
vt -0.200000 1.674138 0.000000
vt -0.200000 1.897357 0.000000
vt -0.825000 0.000000 0.000000
vt -0.825000 -0.223218 0.000000
vt -0.825000 -0.446437 0.000000
vt -0.825000 -0.669655 0.000000
vt -0.825000 -0.892874 0.000000
vt -0.825000 -1.116092 0.000000
vt -0.825000 -1.339311 0.000000
vt -0.825000 -1.562529 0.000000
vt -0.825000 -1.785747 0.000000
vt -0.825000 2.232184 0.000000
vt -0.825000 2.008966 0.000000
vt -0.825000 1.785747 0.000000
vt -0.825000 1.562529 0.000000
vt -0.825000 1.339311 0.000000
vt -0.825000 1.116092 0.000000
vt -0.825000 0.892874 0.000000
vt -0.825000 0.669655 0.000000
vt -0.825000 0.446437 0.000000
vt -0.825000 0.223218 0.000000
vt -0.825000 -2.008966 0.000000
vt -0.200000 2.120575 0.000000
vt -0.200000 2.120575 0.000000
vt -0.825000 -2.008966 0.000000
vt -0.170000 0.000000 0.000000
vt -0.137533 0.099923 0.000000
vt -0.052533 0.161680 0.000000
vt 0.052533 0.161680 0.000000
vt 0.137533 0.099923 0.000000
vt 0.170000 0.000000 0.000000
vt 0.137533 -0.099923 0.000000
vt 0.052533 -0.161680 0.000000
vt -0.052533 -0.161680 0.000000
vt -0.137533 -0.099923 0.000000
vt 0.300000 0.000000 0.000000
vt 0.265637 0.139417 0.000000
vt 0.170419 0.246895 0.000000
vt 0.036161 0.297813 0.000000
vt -0.106381 0.280505 0.000000
vt -0.224553 0.198937 0.000000
vt -0.291283 0.071795 0.000000
vt -0.291283 -0.071795 0.000000
vt -0.224553 -0.198937 0.000000
vt -0.106381 -0.280505 0.000000
vt 0.036161 -0.297813 0.000000
vt 0.170419 -0.246895 0.000000
vt 0.265637 -0.139417 0.000000
vt 0.265165 -1.531526 0.000000
vt 0.265165 -1.370313 0.000000
vt 0.265165 -1.209100 0.000000
vt 0.265165 -1.047887 0.000000
vt 0.265165 -0.886673 0.000000
vt 0.265165 -0.725460 0.000000
vt 0.265165 -0.564247 0.000000
vt 0.265165 -0.403033 0.000000
vt 0.265165 -0.241820 0.000000
vt 0.265165 -0.080607 0.000000
vt 0.265165 0.080607 0.000000
vt 0.265165 0.241820 0.000000
vt 0.265165 0.403033 0.000000
vt 0.265165 0.564247 0.000000
vt 0.265165 0.725460 0.000000
vt 0.265165 0.886673 0.000000
vt 0.265165 1.047887 0.000000
vt 0.265165 1.209100 0.000000
vt 0.265165 1.370313 0.000000
vt -0.265165 1.531526 0.000000
vt -0.265165 1.295907 0.000000
vt -0.265165 1.060287 0.000000
vt -0.265165 0.824668 0.000000
vt -0.265165 0.589049 0.000000
vt -0.265165 0.353429 0.000000
vt -0.265165 0.117810 0.000000
vt -0.265165 -0.117810 0.000000
vt -0.265165 -0.353429 0.000000
vt -0.265165 -0.589049 0.000000
vt -0.265165 -0.824668 0.000000
vt -0.265165 -1.060287 0.000000
vt -0.265165 -1.295907 0.000000
vt 0.265165 1.531526 0.000000
vt -0.265165 -1.531526 0.000000
vt -0.265165 -1.531526 0.000000
vt -0.200000 -2.120575 0.000000
vt -0.200000 -1.897357 0.000000
vt -0.200000 -1.674138 0.000000
vt -0.200000 -1.450920 0.000000
vt -0.200000 -1.227701 0.000000
vt -0.200000 -1.004483 0.000000
vt -0.200000 -0.781264 0.000000
vt -0.200000 -0.558046 0.000000
vt -0.200000 -0.334828 0.000000
vt -0.200000 -0.111609 0.000000
vt -0.200000 0.111609 0.000000
vt -0.200000 0.334828 0.000000
vt -0.200000 0.558046 0.000000
vt -0.200000 0.781264 0.000000
vt -0.200000 1.004483 0.000000
vt -0.200000 1.227701 0.000000
vt -0.200000 1.450920 0.000000
vt -0.200000 1.674138 0.000000
vt -0.200000 1.897357 0.000000
vt -0.825000 0.000000 0.000000
vt -0.825000 -0.223218 0.000000
vt -0.825000 -0.446437 0.000000
vt -0.825000 -0.669655 0.000000
vt -0.825000 -0.892874 0.000000
vt -0.825000 -1.116092 0.000000
vt -0.825000 -1.339311 0.000000
vt -0.825000 -1.562529 0.000000
vt -0.825000 -1.785747 0.000000
vt -0.825000 2.232184 0.000000
vt -0.825000 2.008966 0.000000
vt -0.825000 1.785747 0.000000
vt -0.825000 1.562529 0.000000
vt -0.825000 1.339311 0.000000
vt -0.825000 1.116092 0.000000
vt -0.825000 0.892874 0.000000
vt -0.825000 0.669655 0.000000
vt -0.825000 0.446437 0.000000
vt -0.825000 0.223218 0.000000
vt -0.825000 -2.008966 0.000000
vt -0.200000 2.120575 0.000000
vt -0.200000 2.120575 0.000000
vt -0.825000 -2.008966 0.000000
vt -0.170000 0.000000 0.000000
vt -0.137533 0.099923 0.000000
vt -0.052533 0.161680 0.000000
vt 0.052533 0.161680 0.000000
vt 0.137533 0.099923 0.000000
vt 0.170000 0.000000 0.000000
vt 0.137533 -0.099923 0.000000
vt 0.052533 -0.161680 0.000000
vt -0.052533 -0.161680 0.000000
vt -0.137533 -0.099923 0.000000
vt 0.300000 0.000000 0.000000
vt 0.265637 0.139417 0.000000
vt 0.170419 0.246895 0.000000
vt 0.036161 0.297813 0.000000
vt -0.106381 0.280505 0.000000
vt -0.224553 0.198937 0.000000
vt -0.291283 0.071795 0.000000
vt -0.291283 -0.071795 0.000000
vt -0.224553 -0.198937 0.000000
vt -0.106381 -0.280505 0.000000
vt 0.036161 -0.297813 0.000000
vt 0.170419 -0.246895 0.000000
vt 0.265637 -0.139417 0.000000
vt 0.265165 -1.531526 0.000000
vt 0.265165 -1.370313 0.000000
vt 0.265165 -1.209100 0.000000
vt 0.265165 -1.047887 0.000000
vt 0.265165 -0.886673 0.000000
vt 0.265165 -0.725460 0.000000
vt 0.265165 -0.564247 0.000000
vt 0.265165 -0.403033 0.000000
vt 0.265165 -0.241820 0.000000
vt 0.265165 -0.080607 0.000000
vt 0.265165 0.080607 0.000000
vt 0.265165 0.241820 0.000000
vt 0.265165 0.403033 0.000000
vt 0.265165 0.564247 0.000000
vt 0.265165 0.725460 0.000000
vt 0.265165 0.886673 0.000000
vt 0.265165 1.047887 0.000000
vt 0.265165 1.209100 0.000000
vt 0.265165 1.370313 0.000000
vt -0.265165 1.531526 0.000000
vt -0.265165 1.295907 0.000000
vt -0.265165 1.060287 0.000000
vt -0.265165 0.824668 0.000000
vt -0.265165 0.589049 0.000000
vt -0.265165 0.353429 0.000000
vt -0.265165 0.117810 0.000000
vt -0.265165 -0.117810 0.000000
vt -0.265165 -0.353429 0.000000
vt -0.265165 -0.589049 0.000000
vt -0.265165 -0.824668 0.000000
vt -0.265165 -1.060287 0.000000
vt -0.265165 -1.295907 0.000000
vt 0.265165 1.531526 0.000000
vt -0.265165 -1.531526 0.000000
vt -0.265165 -1.531526 0.000000
vt -0.200000 -2.120575 0.000000
vt -0.200000 -1.897357 0.000000
vt -0.200000 -1.674138 0.000000
vt -0.200000 -1.450920 0.000000
vt -0.200000 -1.227701 0.000000
vt -0.200000 -1.004483 0.000000
vt -0.200000 -0.781264 0.000000
vt -0.200000 -0.558046 0.000000
vt -0.200000 -0.334828 0.000000
vt -0.200000 -0.111609 0.000000
vt -0.200000 0.111609 0.000000
vt -0.200000 0.334828 0.000000
vt -0.200000 0.558046 0.000000
vt -0.200000 0.781264 0.000000
vt -0.200000 1.004483 0.000000
vt -0.200000 1.227701 0.000000
vt -0.200000 1.450920 0.000000
vt -0.200000 1.674138 0.000000
vt -0.200000 1.897357 0.000000
vt -0.825000 0.000000 0.000000
vt -0.825000 -0.223218 0.000000
vt -0.825000 -0.446437 0.000000
vt -0.825000 -0.669655 0.000000
vt -0.825000 -0.892874 0.000000
vt -0.825000 -1.116092 0.000000
vt -0.825000 -1.339311 0.000000
vt -0.825000 -1.562529 0.000000
vt -0.825000 -1.785747 0.000000
vt -0.825000 2.232184 0.000000
vt -0.825000 2.008966 0.000000
vt -0.825000 1.785747 0.000000
vt -0.825000 1.562529 0.000000
vt -0.825000 1.339311 0.000000
vt -0.825000 1.116092 0.000000
vt -0.825000 0.892874 0.000000
vt -0.825000 0.669655 0.000000
vt -0.825000 0.446437 0.000000
vt -0.825000 0.223218 0.000000
vt -0.825000 -2.008966 0.000000
vt -0.200000 2.120575 0.000000
vt -0.200000 2.120575 0.000000
vt -0.825000 -2.008966 0.000000
vt -0.170000 0.000000 0.000000
vt -0.137533 0.099923 0.000000
vt -0.052533 0.161680 0.000000
vt 0.052533 0.161680 0.000000
vt 0.137533 0.099923 0.000000
vt 0.170000 0.000000 0.000000
vt 0.137533 -0.099923 0.000000
vt 0.052533 -0.161680 0.000000
vt -0.052533 -0.161680 0.000000
vt -0.137533 -0.099923 0.000000
vt 0.300000 0.000000 0.000000
vt 0.265637 0.139417 0.000000
vt 0.170419 0.246895 0.000000
vt 0.036161 0.297813 0.000000
vt -0.106381 0.280505 0.000000
vt -0.224553 0.198937 0.000000
vt -0.291283 0.071795 0.000000
vt -0.291283 -0.071795 0.000000
vt -0.224553 -0.198937 0.000000
vt -0.106381 -0.280505 0.000000
vt 0.036161 -0.297813 0.000000
vt 0.170419 -0.246895 0.000000
vt 0.265637 -0.139417 0.000000
vt -0.317543 0.000000 0.000000
vt -0.000000 0.000000 0.000000
vt -0.000000 0.500000 0.000000
vt -0.317543 0.500000 0.000000
vt -0.317543 0.000000 0.000000
vt -0.000000 0.000000 0.000000
vt -0.000000 0.500000 0.000000
vt -0.317543 0.500000 0.000000
vt -0.317543 0.000000 0.000000
vt -0.000000 0.000000 0.000000
vt -0.000000 0.500000 0.000000
vt -0.317543 0.500000 0.000000
vt -0.317543 0.000000 0.000000
vt -0.000000 0.000000 0.000000
vt -0.000000 0.500000 0.000000
vt -0.317543 0.500000 0.000000
vt -0.317543 0.000000 0.000000
vt -0.000000 0.000000 0.000000
vt -0.000000 0.500000 0.000000
vt -0.317543 0.500000 0.000000
vt -0.317543 0.000000 0.000000
vt -0.000000 0.000000 0.000000
vt -0.000000 0.500000 0.000000
vt -0.317543 0.500000 0.000000
vt 0.170000 0.000000 0.000000
vt 0.137533 -0.099923 0.000000
vt 0.052533 -0.161680 0.000000
vt -0.052533 -0.161680 0.000000
vt -0.137533 -0.099923 0.000000
vt -0.170000 0.000000 0.000000
vt -0.137533 0.099923 0.000000
vt -0.052533 0.161680 0.000000
vt 0.052533 0.161680 0.000000
vt 0.137533 0.099923 0.000000
vt 0.158771 0.275000 0.000000
vt -0.158771 0.275000 0.000000
vt -0.317543 0.000000 0.000000
vt -0.158771 -0.275000 0.000000
vt 0.158771 -0.275000 0.000000
vt 0.317543 0.000000 0.000000
vt -0.317543 0.000000 0.000000
vt -0.000000 0.000000 0.000000
vt -0.000000 0.500000 0.000000
vt -0.317543 0.500000 0.000000
vt -0.317543 0.000000 0.000000
vt -0.000000 0.000000 0.000000
vt -0.000000 0.500000 0.000000
vt -0.317543 0.500000 0.000000
vt -0.317543 0.000000 0.000000
vt -0.000000 0.000000 0.000000
vt -0.000000 0.500000 0.000000
vt -0.317543 0.500000 0.000000
vt -0.317543 0.000000 0.000000
vt -0.000000 0.000000 0.000000
vt -0.000000 0.500000 0.000000
vt -0.317543 0.500000 0.000000
vt -0.317543 0.000000 0.000000
vt -0.000000 0.000000 0.000000
vt -0.000000 0.500000 0.000000
vt -0.317543 0.500000 0.000000
vt -0.317543 0.000000 0.000000
vt -0.000000 0.000000 0.000000
vt -0.000000 0.500000 0.000000
vt -0.317543 0.500000 0.000000
vt 0.170000 0.000000 0.000000
vt 0.137533 -0.099923 0.000000
vt 0.052533 -0.161680 0.000000
vt -0.052533 -0.161680 0.000000
vt -0.137533 -0.099923 0.000000
vt -0.170000 0.000000 0.000000
vt -0.137533 0.099923 0.000000
vt -0.052533 0.161680 0.000000
vt 0.052533 0.161680 0.000000
vt 0.137533 0.099923 0.000000
vt 0.158771 0.275000 0.000000
vt -0.158771 0.275000 0.000000
vt -0.317543 0.000000 0.000000
vt -0.158771 -0.275000 0.000000
vt 0.158771 -0.275000 0.000000
vt 0.317543 0.000000 0.000000
vt -0.317543 0.000000 0.000000
vt -0.000000 0.000000 0.000000
vt -0.000000 0.500000 0.000000
vt -0.317543 0.500000 0.000000
vt -0.317543 0.000000 0.000000
vt -0.000000 0.000000 0.000000
vt -0.000000 0.500000 0.000000
vt -0.317543 0.500000 0.000000
vt -0.317543 0.000000 0.000000
vt -0.000000 0.000000 0.000000
vt -0.000000 0.500000 0.000000
vt -0.317543 0.500000 0.000000
vt -0.317543 0.000000 0.000000
vt -0.000000 0.000000 0.000000
vt -0.000000 0.500000 0.000000
vt -0.317543 0.500000 0.000000
vt -0.317543 0.000000 0.000000
vt -0.000000 0.000000 0.000000
vt -0.000000 0.500000 0.000000
vt -0.317543 0.500000 0.000000
vt -0.317543 0.000000 0.000000
vt -0.000000 0.000000 0.000000
vt -0.000000 0.500000 0.000000
vt -0.317543 0.500000 0.000000
vt 0.170000 0.000000 0.000000
vt 0.137533 -0.099923 0.000000
vt 0.052533 -0.161680 0.000000
vt -0.052533 -0.161680 0.000000
vt -0.137533 -0.099923 0.000000
vt -0.170000 0.000000 0.000000
vt -0.137533 0.099923 0.000000
vt -0.052533 0.161680 0.000000
vt 0.052533 0.161680 0.000000
vt 0.137533 0.099923 0.000000
vt 0.158771 0.275000 0.000000
vt -0.158771 0.275000 0.000000
vt -0.317543 0.000000 0.000000
vt -0.158771 -0.275000 0.000000
vt 0.158771 -0.275000 0.000000
vt 0.317543 0.000000 0.000000
vt -0.317543 0.000000 0.000000
vt -0.000000 0.000000 0.000000
vt -0.000000 0.500000 0.000000
vt -0.317543 0.500000 0.000000
vt -0.317543 0.000000 0.000000
vt -0.000000 0.000000 0.000000
vt -0.000000 0.500000 0.000000
vt -0.317543 0.500000 0.000000
vt -0.317543 0.000000 0.000000
vt -0.000000 0.000000 0.000000
vt -0.000000 0.500000 0.000000
vt -0.317543 0.500000 0.000000
vt -0.317543 0.000000 0.000000
vt -0.000000 0.000000 0.000000
vt -0.000000 0.500000 0.000000
vt -0.317543 0.500000 0.000000
vt -0.317543 0.000000 0.000000
vt -0.000000 0.000000 0.000000
vt -0.000000 0.500000 0.000000
vt -0.317543 0.500000 0.000000
vt -0.317543 0.000000 0.000000
vt -0.000000 0.000000 0.000000
vt -0.000000 0.500000 0.000000
vt -0.317543 0.500000 0.000000
vt 0.170000 0.000000 0.000000
vt 0.137533 -0.099923 0.000000
vt 0.052533 -0.161680 0.000000
vt -0.052533 -0.161680 0.000000
vt -0.137533 -0.099923 0.000000
vt -0.170000 0.000000 0.000000
vt -0.137533 0.099923 0.000000
vt -0.052533 0.161680 0.000000
vt 0.052533 0.161680 0.000000
vt 0.137533 0.099923 0.000000
vt 0.158771 0.275000 0.000000
vt -0.158771 0.275000 0.000000
vt -0.317543 0.000000 0.000000
vt -0.158771 -0.275000 0.000000
vt 0.158771 -0.275000 0.000000
vt 0.317543 0.000000 0.000000
vt -18.813210 0.534071 0.000000
vt -18.813210 0.427257 0.000000
vt -18.813210 0.320442 0.000000
vt -18.813210 0.213628 0.000000
vt -18.813210 0.106814 0.000000
vt -18.813210 0.000000 0.000000
vt -18.813210 -0.106814 0.000000
vt -18.813210 -0.213628 0.000000
vt -18.813210 -0.320442 0.000000
vt -18.813210 -0.427257 0.000000
vt -18.113207 -0.534071 0.000000
vt -18.113207 -0.427257 0.000000
vt -18.113207 -0.320442 0.000000
vt -18.113207 -0.213628 0.000000
vt -18.113207 -0.106814 0.000000
vt -18.113207 0.000000 0.000000
vt -18.113207 0.106814 0.000000
vt -18.113207 0.213628 0.000000
vt -18.113207 0.320442 0.000000
vt -18.113207 0.427257 0.000000
vt -18.113207 0.534071 0.000000
vt -18.813210 -0.534071 0.000000
vt -18.813210 0.534071 0.000000
vt -18.813210 0.427257 0.000000
vt -18.813210 0.320442 0.000000
vt -18.813210 0.213628 0.000000
vt -18.813210 0.106814 0.000000
vt -18.813210 0.000000 0.000000
vt -18.813210 -0.106814 0.000000
vt -18.813210 -0.213628 0.000000
vt -18.813210 -0.320442 0.000000
vt -18.813210 -0.427257 0.000000
vt -18.113207 -0.534071 0.000000
vt -18.113207 -0.427257 0.000000
vt -18.113207 -0.320442 0.000000
vt -18.113207 -0.213628 0.000000
vt -18.113207 -0.106814 0.000000
vt -18.113207 0.000000 0.000000
vt -18.113207 0.106814 0.000000
vt -18.113207 0.213628 0.000000
vt -18.113207 0.320442 0.000000
vt -18.113207 0.427257 0.000000
vt -18.113207 0.534071 0.000000
vt -18.813210 -0.534071 0.000000
vt -18.813210 0.534071 0.000000
vt -18.813210 0.427257 0.000000
vt -18.813210 0.320442 0.000000
vt -18.813210 0.213628 0.000000
vt -18.813210 0.106814 0.000000
vt -18.813210 0.000000 0.000000
vt -18.813210 -0.106814 0.000000
vt -18.813210 -0.213628 0.000000
vt -18.813210 -0.320442 0.000000
vt -18.813210 -0.427257 0.000000
vt -18.113207 -0.534071 0.000000
vt -18.113207 -0.427257 0.000000
vt -18.113207 -0.320442 0.000000
vt -18.113207 -0.213628 0.000000
vt -18.113207 -0.106814 0.000000
vt -18.113207 0.000000 0.000000
vt -18.113207 0.106814 0.000000
vt -18.113207 0.213628 0.000000
vt -18.113207 0.320442 0.000000
vt -18.113207 0.427257 0.000000
vt -18.113207 0.534071 0.000000
vt -18.813210 -0.534071 0.000000
vt -18.813210 0.534071 0.000000
vt -18.813210 0.427257 0.000000
vt -18.813210 0.320442 0.000000
vt -18.813210 0.213628 0.000000
vt -18.813210 0.106814 0.000000
vt -18.813210 0.000000 0.000000
vt -18.813210 -0.106814 0.000000
vt -18.813210 -0.213628 0.000000
vt -18.813210 -0.320442 0.000000
vt -18.813210 -0.427257 0.000000
vt -18.113207 -0.534071 0.000000
vt -18.113207 -0.427257 0.000000
vt -18.113207 -0.320442 0.000000
vt -18.113207 -0.213628 0.000000
vt -18.113207 -0.106814 0.000000
vt -18.113207 0.000000 0.000000
vt -18.113207 0.106814 0.000000
vt -18.113207 0.213628 0.000000
vt -18.113207 0.320442 0.000000
vt -18.113207 0.427257 0.000000
vt -18.113207 0.534071 0.000000
vt -18.813210 -0.534071 0.000000
vt -0.000000 -4.820043 0.000000
vt -0.275000 -4.661271 0.000000
vt -0.275000 -4.343729 0.000000
vt -0.000000 -4.184958 0.000000
vt 0.275000 -4.343729 0.000000
vt 0.275000 -4.661271 0.000000
vt 0.275000 4.661271 0.000000
vt 0.275000 4.343729 0.000000
vt -0.000000 4.184958 0.000000
vt -0.275000 4.343729 0.000000
vt -0.275000 4.661271 0.000000
vt -0.000000 4.820043 0.000000
vt -7.300000 6.000000 0.000000
vt -7.400000 5.973205 0.000000
vt -7.473205 5.900000 0.000000
vt -7.500000 5.800000 0.000000
vt -7.500000 -5.800000 0.000000
vt -7.473205 -5.900000 0.000000
vt -7.400000 -5.973205 0.000000
vt -7.300000 -6.000000 0.000000
vt 7.300000 -6.000000 0.000000
vt 7.400000 -5.973205 0.000000
vt 7.473205 -5.900000 0.000000
vt 7.500000 -5.800000 0.000000
vt 7.500000 5.800000 0.000000
vt 7.473205 5.900000 0.000000
vt 7.400000 5.973205 0.000000
vt 7.300000 6.000000 0.000000
vt -4.317543 -4.000000 0.000000
vt -4.158772 -3.725000 0.000000
vt -3.841229 -3.725000 0.000000
vt -3.682457 -4.000000 0.000000
vt -3.841229 -4.275000 0.000000
vt -4.158772 -4.275000 0.000000
vt -4.317543 4.000000 0.000000
vt -4.158772 4.275000 0.000000
vt -3.841229 4.275000 0.000000
vt -3.682457 4.000000 0.000000
vt -3.841229 3.725000 0.000000
vt -4.158772 3.725000 0.000000
vt 3.682457 -4.000000 0.000000
vt 3.841229 -3.725000 0.000000
vt 4.158772 -3.725000 0.000000
vt 4.317543 -4.000000 0.000000
vt 4.158772 -4.275000 0.000000
vt 3.841229 -4.275000 0.000000
vt 3.682457 4.000000 0.000000
vt 3.841229 4.275000 0.000000
vt 4.158772 4.275000 0.000000
vt 4.317543 4.000000 0.000000
vt 4.158772 3.725000 0.000000
vt 3.841229 3.725000 0.000000
vn -0.100000 0.000000 0.000000
vn -0.092388 -0.038268 0.000000
vn -0.070711 -0.070711 0.000000
vn -0.038268 -0.092388 0.000000
vn 0.000000 -0.100000 0.000000
vn 0.000000 -0.100000 0.000000
vn -0.050000 -0.086603 0.000000
vn -0.086603 -0.050000 0.000000
vn -0.100000 0.000000 0.000000
vn -0.065493 0.000000 -0.075569
vn -0.065493 0.000000 -0.075569
vn -0.065493 0.000000 -0.075569
vn -0.065493 0.000000 -0.075569
vn -0.065493 0.000000 -0.075569
vn -0.065493 0.000000 -0.075569
vn -0.065493 0.000000 -0.075569
vn -0.065493 0.000000 -0.075569
vn -0.065493 0.000000 -0.075569
vn -0.065493 0.000000 -0.075569
vn -0.065493 0.000000 -0.075569
vn -0.065493 0.000000 -0.075569
vn -0.065493 0.000000 -0.075569
vn -0.065493 0.000000 -0.075569
vn -0.065493 0.000000 -0.075569
vn -0.065493 0.000000 -0.075569
vn -0.065493 0.000000 -0.075569
vn -0.065493 0.000000 -0.075569
vn -0.065493 0.000000 -0.075569
vn -0.065493 0.000000 -0.075569
vn -0.065493 0.000000 -0.075569
vn -0.065493 0.000000 -0.075569
vn -0.065493 0.000000 -0.075569
vn -0.065493 0.000000 -0.075569
vn -0.065493 0.000000 -0.075569
vn -0.065493 0.000000 -0.075569
vn -0.065493 0.000000 -0.075569
vn -0.065493 0.000000 -0.075569
vn -0.100000 0.000000 0.000000
vn -0.100000 0.000000 0.000000
vn -0.100000 0.000000 0.000000
vn -0.100000 0.000000 0.000000
vn -0.100000 0.000000 0.000000
vn -0.100000 0.000000 0.000000
vn -0.100000 0.000000 0.000000
vn -0.100000 0.000000 0.000000
vn 0.000000 0.100000 0.000000
vn -0.038268 0.092388 0.000000
vn -0.070711 0.070711 0.000000
vn -0.092388 0.038268 0.000000
vn -0.100000 0.000000 0.000000
vn -0.100000 0.000000 0.000000
vn -0.086603 0.050000 0.000000
vn -0.050000 0.086603 0.000000
vn 0.000000 0.100000 0.000000
vn 0.000000 0.000000 0.100000
vn -0.057030 0.000000 0.082143
vn -0.093693 0.000000 0.034951
vn -0.096895 0.000000 -0.024724
vn -0.065493 0.000000 -0.075569
vn -0.065493 0.000000 -0.075569
vn -0.096895 0.000000 -0.024724
vn -0.093693 0.000000 0.034951
vn -0.057030 0.000000 0.082143
vn 0.000000 0.000000 0.100000
vn 0.000000 0.000000 0.100000
vn 0.000000 0.000000 0.100000
vn 0.000000 0.000000 0.100000
vn 0.000000 0.000000 0.100000
vn 0.000000 0.000000 0.100000
vn 0.000000 0.000000 0.100000
vn 0.000000 0.000000 0.100000
vn 0.000000 0.000000 0.100000
vn 0.000000 0.000000 0.100000
vn 0.000000 0.000000 0.100000
vn 0.000000 0.000000 0.100000
vn 0.000000 0.000000 0.100000
vn 0.000000 0.000000 0.100000
vn 0.000000 0.000000 0.100000
vn 0.000000 0.000000 0.100000
vn 0.000000 0.000000 0.100000
vn 0.000000 0.000000 0.100000
vn 0.000000 0.000000 0.100000
vn 0.000000 0.000000 0.100000
vn 0.000000 0.000000 0.100000
vn 0.000000 0.000000 0.100000
vn 0.000000 0.000000 0.100000
vn 0.000000 0.000000 0.100000
vn 0.000000 0.000000 0.100000
vn 0.000000 0.000000 0.100000
vn 0.000000 0.000000 0.100000
vn 0.000000 0.000000 0.100000
vn 0.000000 0.000000 0.100000
vn 0.000000 0.000000 0.100000
vn 0.000000 0.000000 0.100000
vn 0.000000 0.000000 0.100000
vn 0.000000 0.000000 0.100000
vn 0.000000 0.000000 0.100000
vn 0.000000 0.000000 0.100000
vn 0.000000 0.000000 0.100000
vn 0.000000 0.000000 0.100000
vn 0.000000 0.000000 0.100000
vn 0.000000 0.000000 0.100000
vn 0.000000 0.000000 0.100000
vn 0.000000 0.000000 0.100000
vn 0.000000 0.000000 0.100000
vn 0.000000 0.000000 0.100000
vn 0.000000 0.000000 0.100000
vn 0.000000 0.000000 0.100000
vn 0.000000 0.000000 0.100000
vn 0.000000 0.000000 0.100000
vn 0.000000 0.000000 0.100000
vn 0.000000 0.000000 0.100000
vn 0.000000 0.000000 0.100000
vn 0.000000 0.000000 0.100000
vn 0.000000 0.000000 0.100000
vn 0.000000 0.000000 0.100000
vn 0.000000 0.000000 0.100000
vn 0.000000 0.000000 0.100000
vn 0.000000 0.000000 0.100000
vn 0.000000 0.000000 0.100000
vn 0.000000 0.000000 0.100000
vn 0.000000 0.000000 0.100000
vn 0.000000 0.000000 0.100000
vn 0.000000 0.000000 0.100000
vn 0.000000 0.000000 0.100000
vn 0.000000 0.000000 0.100000
vn 0.000000 0.000000 0.100000
vn 0.000000 0.000000 0.100000
vn 0.000000 0.000000 0.100000
vn 0.000000 0.000000 0.100000
vn 0.000000 0.000000 0.100000
vn 0.000000 0.000000 0.100000
vn 0.000000 0.000000 0.100000
vn 0.000000 0.000000 0.100000
vn 0.000000 0.000000 0.100000
vn 0.000000 0.000000 0.100000
vn 0.000000 0.000000 0.100000
vn 0.000000 0.000000 0.100000
vn 0.000000 0.000000 0.100000
vn 0.000000 0.000000 0.100000
vn 0.000000 0.000000 0.100000
vn 0.000000 0.000000 0.100000
vn 0.000000 0.000000 0.100000
vn 0.000000 0.000000 0.100000
vn 0.000000 0.000000 0.100000
vn 0.000000 0.000000 0.100000
vn 0.000000 0.000000 0.100000
vn 0.000000 0.000000 0.100000
vn 0.000000 0.000000 0.100000
vn 0.000000 0.000000 0.100000
vn 0.000000 0.000000 0.100000
vn 0.000000 0.000000 0.100000
vn 0.000000 0.000000 0.100000
vn 0.000000 0.000000 0.100000
vn 0.000000 0.000000 0.100000
vn 0.000000 0.000000 0.100000
vn 0.000000 0.000000 0.100000
vn 0.000000 0.000000 0.100000
vn 0.000000 0.000000 0.100000
vn 0.000000 0.000000 0.100000
vn 0.000000 0.000000 0.100000
vn 0.000000 0.000000 0.100000
vn 0.000000 0.000000 0.100000
vn 0.000000 0.000000 0.100000
vn 0.000000 0.000000 0.100000
vn 0.000000 0.000000 0.100000
vn 0.000000 0.000000 0.100000
vn 0.000000 0.000000 0.100000
vn 0.000000 0.000000 0.100000
vn 0.000000 0.000000 0.100000
vn 0.000000 0.000000 0.100000
vn 0.000000 0.000000 0.100000
vn 0.000000 0.000000 0.100000
vn 0.000000 0.000000 0.100000
vn 0.000000 0.000000 0.100000
vn 0.000000 0.000000 0.100000
vn 0.000000 0.000000 0.100000
vn 0.000000 0.000000 0.100000
vn 0.000000 0.000000 0.100000
vn 0.000000 0.000000 0.100000
vn 0.000000 0.000000 0.100000
vn 0.000000 0.000000 0.100000
vn 0.000000 0.000000 0.100000
vn 0.000000 0.000000 0.100000
vn 0.000000 0.000000 0.100000
vn 0.000000 0.000000 0.100000
vn 0.000000 0.000000 0.100000
vn 0.000000 0.000000 0.100000
vn 0.000000 0.000000 0.100000
vn 0.000000 0.000000 0.100000
vn 0.000000 0.000000 0.100000
vn 0.000000 0.000000 0.100000
vn 0.000000 0.000000 0.100000
vn 0.000000 0.000000 0.100000
vn 0.000000 0.000000 0.100000
vn 0.000000 0.000000 0.100000
vn 0.000000 0.000000 0.100000
vn 0.000000 0.000000 0.100000
vn 0.000000 0.000000 0.100000
vn 0.000000 0.000000 0.100000
vn 0.000000 0.000000 0.100000
vn 0.000000 0.000000 0.100000
vn 0.000000 0.000000 0.100000
vn 0.000000 0.000000 0.100000
vn 0.000000 0.000000 0.100000
vn 0.000000 0.000000 0.100000
vn 0.000000 0.000000 0.100000
vn 0.000000 0.000000 0.100000
vn 0.000000 0.000000 0.100000
vn 0.000000 0.000000 0.100000
vn 0.000000 0.000000 0.100000
vn 0.000000 0.000000 0.100000
vn 0.000000 0.000000 0.100000
vn 0.000000 0.000000 0.100000
vn 0.000000 0.000000 0.100000
vn 0.000000 0.000000 0.100000
vn 0.000000 0.000000 0.100000
vn 0.000000 0.000000 0.100000
vn 0.000000 0.000000 0.100000
vn 0.000000 0.000000 0.100000
vn 0.000000 0.000000 0.100000
vn 0.000000 0.000000 0.100000
vn 0.000000 0.000000 0.100000
vn 0.000000 0.000000 0.100000
vn 0.000000 0.000000 0.100000
vn 0.000000 0.000000 0.100000
vn 0.000000 0.000000 0.100000
vn 0.000000 0.000000 0.100000
vn 0.000000 0.000000 0.100000
vn 0.000000 0.000000 0.100000
vn 0.000000 0.000000 0.100000
vn 0.000000 0.000000 0.100000
vn -0.100000 0.000000 0.000000
vn -0.100000 0.000000 0.000000
vn -0.086603 -0.050000 0.000000
vn -0.050000 -0.086603 0.000000
vn 0.000000 -0.100000 0.000000
vn 0.000000 -0.100000 0.000000
vn -0.050000 -0.086603 0.000000
vn -0.086603 -0.050000 0.000000
vn 0.000000 -0.100000 0.000000
vn 0.000000 -0.100000 0.000000
vn 0.000000 -0.100000 0.000000
vn 0.000000 -0.100000 0.000000
vn 0.000000 -0.100000 0.000000
vn 0.000000 -0.100000 0.000000
vn 0.000000 -0.100000 0.000000
vn 0.000000 -0.100000 0.000000
vn 0.000000 -0.100000 0.000000
vn 0.000000 0.100000 0.000000
vn 0.000000 0.100000 0.000000
vn -0.050000 0.086603 0.000000
vn -0.086603 0.050000 0.000000
vn -0.100000 0.000000 0.000000
vn -0.100000 0.000000 0.000000
vn -0.086603 0.050000 0.000000
vn -0.050000 0.086603 0.000000
vn -0.100000 0.000000 0.000000
vn -0.100000 0.000000 0.000000
vn -0.100000 0.000000 0.000000
vn -0.100000 0.000000 0.000000
vn -0.100000 0.000000 0.000000
vn -0.100000 0.000000 0.000000
vn -0.100000 0.000000 0.000000
vn -0.100000 0.000000 0.000000
vn -0.100000 0.000000 0.000000
vn -0.100000 0.000000 0.000000
vn -0.100000 0.000000 0.000000
vn -0.100000 0.000000 0.000000
vn 0.000000 0.100000 0.000000
vn -0.038268 0.092388 0.000000
vn -0.070711 0.070711 0.000000
vn -0.092388 0.038268 0.000000
vn -0.100000 0.000000 0.000000
vn -0.100000 0.000000 0.000000
vn -0.086603 0.050000 0.000000
vn -0.050000 0.086603 0.000000
vn 0.000000 0.100000 0.000000
vn -0.100000 0.000000 0.000000
vn -0.100000 0.000000 0.000000
vn -0.100000 0.000000 0.000000
vn -0.100000 0.000000 0.000000
vn -0.100000 0.000000 0.000000
vn -0.100000 0.000000 0.000000
vn -0.100000 0.000000 0.000000
vn -0.100000 0.000000 0.000000
vn -0.065493 0.000000 -0.075569
vn -0.065493 0.000000 -0.075569
vn -0.065493 0.000000 -0.075569
vn -0.065493 0.000000 -0.075569
vn -0.065493 0.000000 -0.075569
vn -0.065493 0.000000 -0.075569
vn -0.065493 0.000000 -0.075569
vn -0.065493 0.000000 -0.075569
vn -0.065493 0.000000 -0.075569
vn -0.065493 0.000000 -0.075569
vn -0.065493 0.000000 -0.075569
vn -0.065493 0.000000 -0.075569
vn -0.065493 0.000000 -0.075569
vn -0.065493 0.000000 -0.075569
vn -0.065493 0.000000 -0.075569
vn -0.065493 0.000000 -0.075569
vn -0.065493 0.000000 -0.075569
vn -0.065493 0.000000 -0.075569
vn -0.065493 0.000000 -0.075569
vn -0.065493 0.000000 -0.075569
vn -0.065493 0.000000 -0.075569
vn -0.065493 0.000000 -0.075569
vn -0.065493 0.000000 -0.075569
vn -0.065493 0.000000 -0.075569
vn -0.065493 0.000000 -0.075569
vn -0.065493 0.000000 -0.075569
vn -0.065493 0.000000 -0.075569
vn -0.065493 0.000000 -0.075569
vn -0.100000 0.000000 0.000000
vn -0.092388 -0.038268 0.000000
vn -0.070711 -0.070711 0.000000
vn -0.038268 -0.092388 0.000000
vn 0.000000 -0.100000 0.000000
vn 0.000000 -0.100000 0.000000
vn -0.050000 -0.086603 0.000000
vn -0.086603 -0.050000 0.000000
vn -0.100000 0.000000 0.000000
vn 0.000000 -0.100000 0.000000
vn 0.000000 -0.100000 0.000000
vn 0.000000 -0.100000 0.000000
vn 0.000000 -0.100000 0.000000
vn 0.000000 -0.100000 0.000000
vn 0.000000 -0.100000 0.000000
vn 0.000000 -0.100000 0.000000
vn 0.000000 -0.100000 0.000000
vn 0.000000 -0.100000 0.000000
vn -0.100000 0.000000 0.000000
vn -0.086603 0.050000 0.000000
vn -0.050000 0.086603 0.000000
vn 0.000000 0.100000 0.000000
vn 0.000000 0.100000 0.000000
vn -0.050000 0.086603 0.000000
vn -0.086603 0.050000 0.000000
vn -0.100000 0.000000 0.000000
vn 0.000000 0.100000 0.000000
vn 0.000000 0.100000 0.000000
vn 0.000000 0.100000 0.000000
vn 0.000000 0.100000 0.000000
vn 0.000000 0.100000 0.000000
vn 0.000000 0.100000 0.000000
vn 0.000000 0.100000 0.000000
vn 0.000000 0.100000 0.000000
vn 0.000000 0.100000 0.000000
vn -0.065493 0.000000 -0.075569
vn -0.096895 0.000000 -0.024724
vn -0.093693 0.000000 0.034951
vn -0.057030 0.000000 0.082143
vn 0.000000 0.000000 0.100000
vn 0.000000 0.000000 0.100000
vn -0.057030 0.000000 0.082143
vn -0.093693 0.000000 0.034951
vn -0.096895 0.000000 -0.024724
vn -0.065493 0.000000 -0.075569
vn -0.100000 0.000000 0.000000
vn -0.100000 0.000000 0.000000
vn -0.086603 -0.050000 0.000000
vn -0.050000 -0.086603 0.000000
vn 0.000000 -0.100000 0.000000
vn 0.000000 -0.100000 0.000000
vn -0.050000 -0.086603 0.000000
vn -0.086603 -0.050000 0.000000
vn 0.100000 0.000000 0.000000
vn 0.092388 0.038268 0.000000
vn 0.070711 0.070711 0.000000
vn 0.038268 0.092388 0.000000
vn 0.000000 0.100000 0.000000
vn 0.000000 0.100000 0.000000
vn 0.050000 0.086603 0.000000
vn 0.086603 0.050000 0.000000
vn 0.100000 0.000000 0.000000
vn 0.065493 0.000000 -0.075569
vn 0.065493 0.000000 -0.075569
vn 0.065493 0.000000 -0.075569
vn 0.065493 0.000000 -0.075569
vn 0.065493 0.000000 -0.075569
vn 0.065493 0.000000 -0.075569
vn 0.065493 0.000000 -0.075569
vn 0.065493 0.000000 -0.075569
vn 0.065493 0.000000 -0.075569
vn 0.065493 0.000000 -0.075569
vn 0.065493 0.000000 -0.075569
vn 0.065493 0.000000 -0.075569
vn 0.065493 0.000000 -0.075569
vn 0.065493 0.000000 -0.075569
vn 0.065493 0.000000 -0.075569
vn 0.065493 0.000000 -0.075569
vn 0.065493 0.000000 -0.075569
vn 0.065493 0.000000 -0.075569
vn 0.065493 0.000000 -0.075569
vn 0.065493 0.000000 -0.075569
vn 0.065493 0.000000 -0.075569
vn 0.065493 0.000000 -0.075569
vn 0.065493 0.000000 -0.075569
vn 0.065493 0.000000 -0.075569
vn 0.065493 0.000000 -0.075569
vn 0.065493 0.000000 -0.075569
vn 0.065493 0.000000 -0.075569
vn 0.065493 0.000000 -0.075569
vn 0.100000 0.000000 0.000000
vn 0.100000 0.000000 0.000000
vn 0.100000 0.000000 0.000000
vn 0.100000 0.000000 0.000000
vn 0.100000 0.000000 0.000000
vn 0.100000 0.000000 0.000000
vn 0.100000 0.000000 0.000000
vn 0.100000 0.000000 0.000000
vn 0.000000 -0.100000 0.000000
vn 0.038268 -0.092388 0.000000
vn 0.070711 -0.070711 0.000000
vn 0.092388 -0.038268 0.000000
vn 0.100000 0.000000 0.000000
vn 0.100000 0.000000 0.000000
vn 0.086603 -0.050000 0.000000
vn 0.050000 -0.086603 0.000000
vn 0.000000 -0.100000 0.000000
vn 0.000000 -0.100000 0.000000
vn 0.038268 -0.092388 0.000000
vn 0.070711 -0.070711 0.000000
vn 0.092388 -0.038268 0.000000
vn 0.100000 0.000000 0.000000
vn 0.100000 0.000000 0.000000
vn 0.086603 -0.050000 0.000000
vn 0.050000 -0.086603 0.000000
vn 0.000000 -0.100000 0.000000
vn 0.100000 0.000000 0.000000
vn 0.100000 0.000000 0.000000
vn 0.100000 0.000000 0.000000
vn 0.100000 0.000000 0.000000
vn 0.100000 0.000000 0.000000
vn 0.100000 0.000000 0.000000
vn 0.100000 0.000000 0.000000
vn 0.100000 0.000000 0.000000
vn 0.065493 0.000000 -0.075569
vn 0.065493 0.000000 -0.075569
vn 0.065493 0.000000 -0.075569
vn 0.065493 0.000000 -0.075569
vn 0.065493 0.000000 -0.075569
vn 0.065493 0.000000 -0.075569
vn 0.065493 0.000000 -0.075569
vn 0.065493 0.000000 -0.075569
vn 0.065493 0.000000 -0.075569
vn 0.065493 0.000000 -0.075569
vn 0.065493 0.000000 -0.075569
vn 0.065493 0.000000 -0.075569
vn 0.065493 0.000000 -0.075569
vn 0.065493 0.000000 -0.075569
vn 0.065493 0.000000 -0.075569
vn 0.065493 0.000000 -0.075569
vn 0.065493 0.000000 -0.075569
vn 0.065493 0.000000 -0.075569
vn 0.065493 0.000000 -0.075569
vn 0.065493 0.000000 -0.075569
vn 0.065493 0.000000 -0.075569
vn 0.065493 0.000000 -0.075569
vn 0.065493 0.000000 -0.075569
vn 0.065493 0.000000 -0.075569
vn 0.065493 0.000000 -0.075569
vn 0.065493 0.000000 -0.075569
vn 0.065493 0.000000 -0.075569
vn 0.065493 0.000000 -0.075569
vn 0.100000 0.000000 0.000000
vn 0.092388 0.038268 0.000000
vn 0.070711 0.070711 0.000000
vn 0.038268 0.092388 0.000000
vn 0.000000 0.100000 0.000000
vn 0.000000 0.100000 0.000000
vn 0.050000 0.086603 0.000000
vn 0.086603 0.050000 0.000000
vn 0.100000 0.000000 0.000000
vn 0.000000 0.100000 0.000000
vn 0.000000 0.100000 0.000000
vn 0.000000 0.100000 0.000000
vn 0.000000 0.100000 0.000000
vn 0.000000 0.100000 0.000000
vn 0.000000 0.100000 0.000000
vn 0.000000 0.100000 0.000000
vn 0.000000 0.100000 0.000000
vn 0.000000 0.100000 0.000000
vn 0.086603 0.000000 0.050000
vn 0.080156 0.000000 0.059792
vn 0.063048 0.000000 0.077621
vn 0.035578 0.000000 0.093457
vn 0.000000 0.000000 0.100000
vn 0.000000 0.000000 0.100000
vn 0.035578 0.000000 0.093457
vn 0.063048 0.000000 0.077621
vn 0.080156 0.000000 0.059792
vn 0.086603 0.000000 0.050000
vn 0.100000 0.000000 0.000000
vn 0.100000 0.000000 0.000000
vn 0.100000 0.000000 0.000000
vn 0.100000 0.000000 0.000000
vn 0.100000 0.000000 0.000000
vn 0.100000 0.000000 0.000000
vn 0.100000 0.000000 0.000000
vn 0.100000 0.000000 0.000000
vn 0.065493 0.000000 -0.075569
vn 0.096895 0.000000 -0.024724
vn 0.093693 0.000000 0.034951
vn 0.057030 0.000000 0.082143
vn 0.000000 0.000000 0.100000
vn 0.000000 0.000000 0.100000
vn 0.057030 0.000000 0.082143
vn 0.093693 0.000000 0.034951
vn 0.096895 0.000000 -0.024724
vn 0.065493 0.000000 -0.075569
vn 0.000000 -0.100000 0.000000
vn 0.000000 -0.100000 0.000000
vn 0.004478 -0.099900 0.000000
vn 0.008947 -0.099599 0.000000
vn 0.013397 -0.099098 0.000000
vn 0.048976 -0.087186 0.000000
vn 0.076453 -0.064459 0.000000
vn 0.093552 -0.035327 0.000000
vn 0.100000 0.000000 0.000000
vn 0.100000 0.000000 0.000000
vn 0.086603 -0.050000 0.000000
vn 0.050000 -0.086603 0.000000
vn 0.100000 0.000000 0.000000
vn 0.100000 0.000000 0.000000
vn 0.093552 0.035327 0.000000
vn 0.076453 0.064459 0.000000
vn 0.048976 0.087186 0.000000
vn 0.013397 0.099098 0.000000
vn 0.008947 0.099599 0.000000
vn 0.004478 0.099900 0.000000
vn 0.000000 0.100000 0.000000
vn 0.000000 0.100000 0.000000
vn 0.050000 0.086603 0.000000
vn 0.086603 0.050000 0.000000
vn 0.086603 0.000000 0.050000
vn 0.080156 0.000000 0.059792
vn 0.063048 0.000000 0.077621
vn 0.035578 0.000000 0.093457
vn 0.000000 0.000000 0.100000
vn 0.000000 0.000000 0.100000
vn 0.035578 0.000000 0.093457
vn 0.063048 0.000000 0.077621
vn 0.080156 0.000000 0.059792
vn 0.086603 0.000000 0.050000
vn 0.100000 0.000000 0.000000
vn 0.100000 0.000000 0.000000
vn 0.100000 0.000000 0.000000
vn 0.100000 0.000000 0.000000
vn 0.000000 0.100000 0.000000
vn 0.050000 0.086603 0.000000
vn 0.086603 0.050000 0.000000
vn 0.100000 0.000000 0.000000
vn 0.100000 0.000000 0.000000
vn 0.093552 0.035327 0.000000
vn 0.076453 0.064459 0.000000
vn 0.048976 0.087186 0.000000
vn 0.013397 0.099098 0.000000
vn 0.008947 0.099599 0.000000
vn 0.004478 0.099900 0.000000
vn 0.000000 0.100000 0.000000
vn 0.100000 0.000000 0.000000
vn 0.086603 -0.050000 0.000000
vn 0.050000 -0.086603 0.000000
vn 0.000000 -0.100000 0.000000
vn 0.000000 -0.100000 0.000000
vn 0.004478 -0.099900 0.000000
vn 0.008947 -0.099599 0.000000
vn 0.013397 -0.099098 0.000000
vn 0.048976 -0.087186 0.000000
vn 0.076453 -0.064459 0.000000
vn 0.093552 -0.035327 0.000000
vn 0.100000 0.000000 0.000000
vn 0.065493 0.000000 -0.075569
vn 0.096895 0.000000 -0.024724
vn 0.093693 0.000000 0.034951
vn 0.057030 0.000000 0.082143
vn 0.000000 0.000000 0.100000
vn 0.000000 0.000000 0.100000
vn 0.057030 0.000000 0.082143
vn 0.093693 0.000000 0.034951
vn 0.096895 0.000000 -0.024724
vn 0.065493 0.000000 -0.075569
vn 0.100000 0.000000 0.000000
vn 0.080902 0.058779 0.000000
vn 0.030902 0.095106 0.000000
vn -0.030902 0.095106 0.000000
vn -0.080902 0.058779 0.000000
vn -0.100000 0.000000 0.000000
vn -0.080902 -0.058779 0.000000
vn -0.030902 -0.095106 0.000000
vn 0.030902 -0.095106 0.000000
vn 0.080902 -0.058779 0.000000
vn 0.100000 0.000000 0.000000
vn 0.092388 -0.038268 0.000000
vn 0.070711 -0.070711 0.000000
vn 0.038268 -0.092388 0.000000
vn 0.000000 -0.100000 0.000000
vn -0.038268 -0.092388 0.000000
vn -0.070711 -0.070711 0.000000
vn -0.092388 -0.038268 0.000000
vn -0.100000 0.000000 0.000000
vn -0.092388 0.038268 0.000000
vn -0.070711 0.070711 0.000000
vn -0.038268 0.092388 0.000000
vn 0.000000 0.100000 0.000000
vn 0.038268 0.092388 0.000000
vn 0.070711 0.070711 0.000000
vn 0.092388 0.038268 0.000000
vn 0.100000 0.000000 0.000000
vn 0.100000 0.000000 0.000000
vn 0.100000 0.000000 0.000000
vn 0.100000 0.000000 0.000000
vn 0.080902 -0.058779 0.000000
vn 0.030902 -0.095106 0.000000
vn -0.030902 -0.095106 0.000000
vn -0.080902 -0.058779 0.000000
vn -0.100000 0.000000 0.000000
vn -0.080902 0.058779 0.000000
vn -0.030902 0.095106 0.000000
vn 0.030902 0.095106 0.000000
vn 0.080902 0.058779 0.000000
vn -0.100000 0.000000 0.000000
vn -0.080902 -0.058779 0.000000
vn -0.030902 -0.095106 0.000000
vn 0.030902 -0.095106 0.000000
vn 0.080902 -0.058779 0.000000
vn 0.100000 0.000000 0.000000
vn 0.080902 0.058779 0.000000
vn 0.030902 0.095106 0.000000
vn -0.030902 0.095106 0.000000
vn -0.080902 0.058779 0.000000
vn 0.100000 0.000000 0.000000
vn 0.100000 0.000000 0.000000
vn -0.100000 0.000000 0.000000
vn -0.080902 -0.058779 0.000000
vn -0.030902 -0.095106 0.000000
vn 0.030902 -0.095106 0.000000
vn 0.080902 -0.058779 0.000000
vn 0.100000 0.000000 0.000000
vn 0.080902 0.058779 0.000000
vn 0.030902 0.095106 0.000000
vn -0.030902 0.095106 0.000000
vn -0.080902 0.058779 0.000000
vn 0.100000 0.000000 0.000000
vn 0.080902 -0.058779 0.000000
vn 0.030902 -0.095106 0.000000
vn -0.030902 -0.095106 0.000000
vn -0.080902 -0.058779 0.000000
vn -0.100000 0.000000 0.000000
vn -0.080902 0.058779 0.000000
vn -0.030902 0.095106 0.000000
vn 0.030902 0.095106 0.000000
vn 0.080902 0.058779 0.000000
vn 0.100000 0.000000 0.000000
vn 0.100000 0.000000 0.000000
vn 0.100000 0.000000 0.000000
vn 0.092388 -0.038268 0.000000
vn 0.070711 -0.070711 0.000000
vn 0.038268 -0.092388 0.000000
vn 0.000000 -0.100000 0.000000
vn -0.038268 -0.092388 0.000000
vn -0.070711 -0.070711 0.000000
vn -0.092388 -0.038268 0.000000
vn -0.100000 0.000000 0.000000
vn -0.092388 0.038268 0.000000
vn -0.070711 0.070711 0.000000
vn -0.038268 0.092388 0.000000
vn 0.000000 0.100000 0.000000
vn 0.038268 0.092388 0.000000
vn 0.070711 0.070711 0.000000
vn 0.092388 0.038268 0.000000
vn 0.100000 0.000000 0.000000
vn 0.080902 0.058779 0.000000
vn 0.030902 0.095106 0.000000
vn -0.030902 0.095106 0.000000
vn -0.080902 0.058779 0.000000
vn -0.100000 0.000000 0.000000
vn -0.080902 -0.058779 0.000000
vn -0.030902 -0.095106 0.000000
vn 0.030902 -0.095106 0.000000
vn 0.080902 -0.058779 0.000000
vn 0.100000 0.000000 0.000000
vn 0.100000 0.000000 0.000000
vn 0.100000 0.000000 0.000000
vn 0.100000 0.000000 0.000000
vn 0.080902 0.058779 0.000000
vn 0.030902 0.095106 0.000000
vn -0.030902 0.095106 0.000000
vn -0.080902 0.058779 0.000000
vn -0.100000 0.000000 0.000000
vn -0.080902 -0.058779 0.000000
vn -0.030902 -0.095106 0.000000
vn 0.030902 -0.095106 0.000000
vn 0.080902 -0.058779 0.000000
vn 0.100000 0.000000 0.000000
vn 0.092388 -0.038268 0.000000
vn 0.070711 -0.070711 0.000000
vn 0.038268 -0.092388 0.000000
vn 0.000000 -0.100000 0.000000
vn -0.038268 -0.092388 0.000000
vn -0.070711 -0.070711 0.000000
vn -0.092388 -0.038268 0.000000
vn -0.100000 0.000000 0.000000
vn -0.092388 0.038268 0.000000
vn -0.070711 0.070711 0.000000
vn -0.038268 0.092388 0.000000
vn 0.000000 0.100000 0.000000
vn 0.038268 0.092388 0.000000
vn 0.070711 0.070711 0.000000
vn 0.092388 0.038268 0.000000
vn 0.100000 0.000000 0.000000
vn 0.100000 0.000000 0.000000
vn 0.100000 0.000000 0.000000
vn 0.100000 0.000000 0.000000
vn 0.080902 -0.058779 0.000000
vn 0.030902 -0.095106 0.000000
vn -0.030902 -0.095106 0.000000
vn -0.080902 -0.058779 0.000000
vn -0.100000 0.000000 0.000000
vn -0.080902 0.058779 0.000000
vn -0.030902 0.095106 0.000000
vn 0.030902 0.095106 0.000000
vn 0.080902 0.058779 0.000000
vn -0.100000 0.000000 0.000000
vn -0.080902 -0.058779 0.000000
vn -0.030902 -0.095106 0.000000
vn 0.030902 -0.095106 0.000000
vn 0.080902 -0.058779 0.000000
vn 0.100000 0.000000 0.000000
vn 0.080902 0.058779 0.000000
vn 0.030902 0.095106 0.000000
vn -0.030902 0.095106 0.000000
vn -0.080902 0.058779 0.000000
vn 0.100000 0.000000 0.000000
vn 0.100000 0.000000 0.000000
vn 0.100000 0.000000 0.000000
vn 0.080902 0.058779 0.000000
vn 0.030902 0.095106 0.000000
vn -0.030902 0.095106 0.000000
vn -0.080902 0.058779 0.000000
vn -0.100000 0.000000 0.000000
vn -0.080902 -0.058779 0.000000
vn -0.030902 -0.095106 0.000000
vn 0.030902 -0.095106 0.000000
vn 0.080902 -0.058779 0.000000
vn 0.100000 0.000000 0.000000
vn 0.092388 -0.038268 0.000000
vn 0.070711 -0.070711 0.000000
vn 0.038268 -0.092388 0.000000
vn 0.000000 -0.100000 0.000000
vn -0.038268 -0.092388 0.000000
vn -0.070711 -0.070711 0.000000
vn -0.092388 -0.038268 0.000000
vn -0.100000 0.000000 0.000000
vn -0.092388 0.038268 0.000000
vn -0.070711 0.070711 0.000000
vn -0.038268 0.092388 0.000000
vn 0.000000 0.100000 0.000000
vn 0.038268 0.092388 0.000000
vn 0.070711 0.070711 0.000000
vn 0.092388 0.038268 0.000000
vn 0.100000 0.000000 0.000000
vn 0.100000 0.000000 0.000000
vn 0.100000 0.000000 0.000000
vn 0.100000 0.000000 0.000000
vn 0.080902 -0.058779 0.000000
vn 0.030902 -0.095106 0.000000
vn -0.030902 -0.095106 0.000000
vn -0.080902 -0.058779 0.000000
vn -0.100000 0.000000 0.000000
vn -0.080902 0.058779 0.000000
vn -0.030902 0.095106 0.000000
vn 0.030902 0.095106 0.000000
vn 0.080902 0.058779 0.000000
vn -0.100000 0.000000 0.000000
vn -0.080902 -0.058779 0.000000
vn -0.030902 -0.095106 0.000000
vn 0.030902 -0.095106 0.000000
vn 0.080902 -0.058779 0.000000
vn 0.100000 0.000000 0.000000
vn 0.080902 0.058779 0.000000
vn 0.030902 0.095106 0.000000
vn -0.030902 0.095106 0.000000
vn -0.080902 0.058779 0.000000
vn 0.100000 0.000000 0.000000
vn 0.100000 0.000000 0.000000
vn 0.000000 -0.100000 0.000000
vn 0.000000 -0.100000 0.000000
vn 0.000000 -0.100000 0.000000
vn 0.000000 -0.100000 0.000000
vn 0.000000 0.000000 0.100000
vn 0.000000 0.000000 0.100000
vn 0.000000 0.000000 0.100000
vn 0.000000 0.000000 0.100000
vn 0.000000 0.000000 0.100000
vn 0.000000 0.000000 0.100000
vn 0.000000 0.000000 0.100000
vn 0.000000 0.000000 0.100000
vn 0.000000 0.000000 0.100000
vn 0.000000 0.000000 0.100000
vn 0.000000 0.000000 0.100000
vn 0.000000 0.000000 0.100000
vn 0.000000 0.000000 0.100000
vn 0.000000 0.000000 0.100000
vn 0.000000 0.100000 0.000000
vn 0.000000 0.100000 0.000000
vn 0.000000 0.100000 0.000000
vn 0.000000 0.100000 0.000000
vn 0.000000 0.000000 -0.100000
vn 0.000000 0.000000 -0.100000
vn 0.000000 0.000000 -0.100000
vn 0.000000 0.000000 -0.100000
vn 0.000000 0.000000 -0.100000
vn 0.000000 0.000000 -0.100000
vn 0.000000 0.000000 -0.100000
vn 0.000000 0.000000 -0.100000
vn 0.000000 0.000000 -0.100000
vn 0.000000 0.000000 -0.100000
vn 0.000000 0.000000 -0.100000
vn 0.000000 0.000000 -0.100000
vn 0.000000 0.000000 -0.100000
vn 0.000000 0.000000 -0.100000
vn -0.100000 0.000000 0.000000
vn -0.100000 0.000000 0.000000
vn -0.100000 0.000000 0.000000
vn -0.100000 0.000000 0.000000
vn 0.000000 0.100000 0.000000
vn 0.000000 0.100000 0.000000
vn 0.000000 0.100000 0.000000
vn 0.000000 0.100000 0.000000
vn 0.000000 0.000000 -0.100000
vn 0.000000 0.000000 -0.100000
vn 0.000000 0.000000 -0.100000
vn 0.000000 0.000000 -0.100000
vn 0.000000 0.000000 -0.100000
vn 0.000000 0.000000 -0.100000
vn 0.000000 0.000000 -0.100000
vn 0.000000 0.000000 -0.100000
vn 0.000000 0.000000 -0.100000
vn 0.000000 0.000000 -0.100000
vn 0.000000 0.000000 -0.100000
vn 0.000000 0.000000 -0.100000
vn 0.000000 0.000000 -0.100000
vn 0.000000 0.000000 -0.100000
vn 0.000000 -0.100000 0.000000
vn 0.000000 -0.100000 0.000000
vn 0.000000 -0.100000 0.000000
vn 0.000000 -0.100000 0.000000
vn 0.000000 0.000000 0.100000
vn 0.000000 0.000000 0.100000
vn 0.000000 0.000000 0.100000
vn 0.000000 0.000000 0.100000
vn 0.000000 0.000000 0.100000
vn 0.000000 0.000000 0.100000
vn 0.000000 0.000000 0.100000
vn 0.000000 0.000000 0.100000
vn 0.000000 0.000000 0.100000
vn 0.000000 0.000000 0.100000
vn 0.000000 0.000000 0.100000
vn 0.000000 0.000000 0.100000
vn 0.000000 0.000000 0.100000
vn 0.000000 0.000000 0.100000
vn -0.100000 0.000000 0.000000
vn -0.100000 0.000000 0.000000
vn -0.100000 0.000000 0.000000
vn -0.100000 0.000000 0.000000
vn 0.000000 -0.100000 0.000000
vn 0.000000 -0.100000 0.000000
vn 0.000000 -0.100000 0.000000
vn 0.000000 -0.100000 0.000000
vn 0.000000 0.000000 -0.100000
vn 0.000000 0.000000 -0.100000
vn 0.000000 0.000000 -0.100000
vn 0.000000 0.000000 -0.100000
vn 0.000000 0.000000 -0.100000
vn 0.000000 0.000000 -0.100000
vn 0.000000 0.000000 -0.100000
vn 0.000000 0.000000 -0.100000
vn 0.000000 0.000000 -0.100000
vn 0.000000 0.000000 -0.100000
vn 0.000000 0.000000 -0.100000
vn 0.000000 0.000000 -0.100000
vn 0.000000 0.000000 -0.100000
vn 0.000000 0.000000 -0.100000
vn 0.000000 0.100000 0.000000
vn 0.000000 0.100000 0.000000
vn 0.000000 0.100000 0.000000
vn 0.000000 0.100000 0.000000
vn 0.000000 0.000000 0.100000
vn 0.000000 0.000000 0.100000
vn 0.000000 0.000000 0.100000
vn 0.000000 0.000000 0.100000
vn 0.000000 0.000000 0.100000
vn 0.000000 0.000000 0.100000
vn 0.000000 0.000000 0.100000
vn 0.000000 0.000000 0.100000
vn 0.000000 0.000000 0.100000
vn 0.000000 0.000000 0.100000
vn 0.000000 0.000000 0.100000
vn 0.000000 0.000000 0.100000
vn 0.000000 0.000000 0.100000
vn 0.000000 0.000000 0.100000
vn 0.100000 0.000000 0.000000
vn 0.100000 0.000000 0.000000
vn 0.100000 0.000000 0.000000
vn 0.100000 0.000000 0.000000
vn 0.000000 -0.100000 0.000000
vn 0.000000 -0.100000 0.000000
vn 0.000000 -0.100000 0.000000
vn 0.000000 -0.100000 0.000000
vn 0.000000 0.000000 -0.100000
vn 0.000000 0.000000 -0.100000
vn 0.000000 0.000000 -0.100000
vn 0.000000 0.000000 -0.100000
vn 0.000000 0.000000 -0.100000
vn 0.000000 0.000000 -0.100000
vn 0.000000 0.000000 -0.100000
vn 0.000000 0.000000 -0.100000
vn 0.000000 0.000000 -0.100000
vn 0.000000 0.000000 -0.100000
vn 0.000000 0.000000 -0.100000
vn 0.000000 0.000000 -0.100000
vn 0.000000 0.000000 -0.100000
vn 0.000000 0.000000 -0.100000
vn 0.000000 0.100000 0.000000
vn 0.000000 0.100000 0.000000
vn 0.000000 0.100000 0.000000
vn 0.000000 0.100000 0.000000
vn 0.000000 0.000000 0.100000
vn 0.000000 0.000000 0.100000
vn 0.000000 0.000000 0.100000
vn 0.000000 0.000000 0.100000
vn 0.000000 0.000000 0.100000
vn 0.000000 0.000000 0.100000
vn 0.000000 0.000000 0.100000
vn 0.000000 0.000000 0.100000
vn 0.000000 0.000000 0.100000
vn 0.000000 0.000000 0.100000
vn 0.000000 0.000000 0.100000
vn 0.000000 0.000000 0.100000
vn 0.000000 0.000000 0.100000
vn 0.000000 0.000000 0.100000
vn 0.100000 0.000000 0.000000
vn 0.100000 0.000000 0.000000
vn 0.100000 0.000000 0.000000
vn 0.100000 0.000000 0.000000
vn 0.000000 0.000000 0.100000
vn 0.000000 0.000000 0.100000
vn 0.000000 0.000000 0.100000
vn 0.000000 0.000000 0.100000
vn 0.000000 0.000000 0.100000
vn 0.000000 0.000000 0.100000
vn 0.000000 0.000000 0.100000
vn 0.000000 0.000000 0.100000
vn 0.000000 0.000000 0.100000
vn 0.000000 0.000000 0.100000
vn 0.000000 0.000000 0.100000
vn 0.000000 0.000000 0.100000
vn 0.000000 0.000000 0.100000
vn 0.000000 0.000000 0.100000
vn 0.000000 0.000000 0.100000
vn 0.000000 0.000000 0.100000
vn 0.000000 0.000000 0.100000
vn 0.000000 0.000000 0.100000
vn 0.000000 0.000000 0.100000
vn 0.000000 0.000000 0.100000
vn 0.000000 0.000000 0.100000
vn 0.000000 0.000000 0.100000
vn 0.000000 0.000000 0.100000
vn 0.000000 0.000000 0.100000
vn 0.000000 0.000000 0.100000
vn 0.000000 0.000000 0.100000
vn 0.000000 -0.100000 0.000000
vn 0.000000 -0.100000 0.000000
vn 0.000000 -0.100000 0.000000
vn 0.000000 -0.100000 0.000000
vn 0.000000 -0.100000 0.000000
vn 0.000000 -0.100000 0.000000
vn 0.000000 -0.100000 0.000000
vn 0.000000 -0.100000 0.000000
vn 0.000000 -0.100000 0.000000
vn 0.000000 0.000000 0.100000
vn 0.000000 0.000000 0.100000
vn 0.000000 0.000000 0.100000
vn 0.000000 0.000000 0.100000
vn 0.000000 0.000000 0.100000
vn 0.000000 0.000000 0.100000
vn 0.000000 0.000000 0.100000
vn 0.000000 0.000000 0.100000
vn 0.000000 0.000000 0.100000
vn 0.000000 0.000000 0.100000
vn 0.000000 0.000000 0.100000
vn 0.000000 0.000000 0.100000
vn 0.000000 0.000000 0.100000
vn 0.000000 0.000000 0.100000
vn 0.000000 0.000000 0.100000
vn 0.000000 0.000000 0.100000
vn 0.000000 0.000000 0.100000
vn 0.000000 0.000000 0.100000
vn 0.000000 0.000000 0.100000
vn 0.000000 0.000000 0.100000
vn 0.000000 0.000000 0.100000
vn 0.000000 0.000000 0.100000
vn 0.000000 0.000000 0.100000
vn 0.000000 0.000000 0.100000
vn 0.000000 0.000000 0.100000
vn 0.000000 0.000000 0.100000
vn 0.000000 0.100000 0.000000
vn 0.000000 0.100000 0.000000
vn 0.000000 0.100000 0.000000
vn 0.000000 0.100000 0.000000
vn 0.000000 0.100000 0.000000
vn 0.000000 0.100000 0.000000
vn 0.000000 0.100000 0.000000
vn 0.000000 0.100000 0.000000
vn 0.000000 0.100000 0.000000
vn 0.000000 0.000000 0.100000
vn 0.000000 0.000000 0.100000
vn 0.000000 0.000000 0.100000
vn 0.000000 0.000000 0.100000
vn 0.000000 0.000000 0.100000
vn 0.000000 0.000000 0.100000
vn 0.000000 0.000000 0.100000
vn 0.000000 0.000000 0.100000
vn 0.000000 0.000000 0.100000
vn 0.000000 0.000000 0.100000
vn 0.000000 0.000000 0.100000
vn 0.000000 0.000000 0.100000
vn 0.000000 0.000000 0.100000
vn 0.000000 0.000000 0.100000
vn 0.000000 0.000000 0.100000
vn 0.000000 0.000000 0.100000
vn 0.000000 0.000000 0.100000
vn 0.000000 0.000000 0.100000
vn 0.000000 0.000000 0.100000
vn 0.000000 0.000000 0.100000
vn 0.000000 0.000000 0.100000
vn 0.000000 0.000000 0.100000
vn 0.000000 0.000000 0.100000
vn 0.000000 0.000000 0.100000
vn 0.000000 0.000000 0.100000
vn 0.000000 0.000000 0.100000
vn 0.000000 -0.100000 0.000000
vn 0.000000 -0.100000 0.000000
vn 0.000000 -0.100000 0.000000
vn 0.000000 -0.100000 0.000000
vn 0.000000 -0.100000 0.000000
vn 0.000000 -0.100000 0.000000
vn 0.000000 -0.100000 0.000000
vn 0.000000 -0.100000 0.000000
vn 0.000000 -0.100000 0.000000
vn 0.000000 0.100000 0.000000
vn 0.000000 0.100000 0.000000
vn 0.000000 0.100000 0.000000
vn 0.000000 0.100000 0.000000
vn 0.000000 0.100000 0.000000
vn 0.000000 0.100000 0.000000
vn 0.000000 0.100000 0.000000
vn 0.000000 0.100000 0.000000
vn 0.000000 0.100000 0.000000
vn 0.000000 0.000000 0.100000
vn 0.000000 0.000000 0.100000
vn 0.000000 0.000000 0.100000
vn 0.000000 0.000000 0.100000
vn 0.000000 0.000000 0.100000
vn 0.000000 0.000000 0.100000
vn 0.000000 0.000000 0.100000
vn 0.000000 0.000000 0.100000
vn 0.000000 0.000000 0.100000
vn 0.000000 0.000000 0.100000
vn 0.000000 0.000000 0.100000
vn 0.000000 0.000000 0.100000
vn 0.000000 0.000000 0.100000
vn 0.000000 0.000000 0.100000
vn 0.000000 0.000000 0.100000
vn 0.000000 0.000000 0.100000
vn 0.000000 0.000000 0.100000
vn 0.000000 0.000000 0.100000
vn 0.000000 0.000000 0.100000
vn 0.000000 0.000000 0.100000
vn 0.000000 0.000000 0.100000
vn 0.000000 0.000000 0.100000
vn 0.000000 0.000000 0.100000
vn 0.000000 0.000000 0.100000
vn 0.000000 0.000000 0.100000
vn 0.000000 0.000000 0.100000
vn 0.100000 0.000000 0.000000
vn 0.080902 -0.058779 0.000000
vn 0.030902 -0.095106 0.000000
vn -0.030902 -0.095106 0.000000
vn -0.080902 -0.058779 0.000000
vn -0.100000 0.000000 0.000000
vn -0.080902 0.058779 0.000000
vn -0.030902 0.095106 0.000000
vn 0.030902 0.095106 0.000000
vn 0.080902 0.058779 0.000000
vn 0.100000 0.000000 0.000000
vn 0.080902 0.058779 0.000000
vn 0.030902 0.095106 0.000000
vn -0.030902 0.095106 0.000000
vn -0.080902 0.058779 0.000000
vn -0.100000 0.000000 0.000000
vn -0.080902 -0.058779 0.000000
vn -0.030902 -0.095106 0.000000
vn 0.030902 -0.095106 0.000000
vn 0.080902 -0.058779 0.000000
vn 0.100000 0.000000 0.000000
vn 0.100000 0.000000 0.000000
vn 0.100000 0.000000 0.000000
vn 0.080902 -0.058779 0.000000
vn 0.030902 -0.095106 0.000000
vn -0.030902 -0.095106 0.000000
vn -0.080902 -0.058779 0.000000
vn -0.100000 0.000000 0.000000
vn -0.080902 0.058779 0.000000
vn -0.030902 0.095106 0.000000
vn 0.030902 0.095106 0.000000
vn 0.080902 0.058779 0.000000
vn 0.100000 0.000000 0.000000
vn 0.080902 0.058779 0.000000
vn 0.030902 0.095106 0.000000
vn -0.030902 0.095106 0.000000
vn -0.080902 0.058779 0.000000
vn -0.100000 0.000000 0.000000
vn -0.080902 -0.058779 0.000000
vn -0.030902 -0.095106 0.000000
vn 0.030902 -0.095106 0.000000
vn 0.080902 -0.058779 0.000000
vn 0.100000 0.000000 0.000000
vn 0.100000 0.000000 0.000000
vn -0.050000 0.086603 0.000000
vn -0.050000 0.086603 0.000000
vn -0.050000 0.086603 0.000000
vn -0.050000 0.086603 0.000000
vn 0.050000 0.086603 0.000000
vn 0.050000 0.086603 0.000000
vn 0.050000 0.086603 0.000000
vn 0.050000 0.086603 0.000000
vn 0.100000 0.000000 0.000000
vn 0.100000 0.000000 0.000000
vn 0.100000 0.000000 0.000000
vn 0.100000 0.000000 0.000000
vn 0.050000 -0.086603 0.000000
vn 0.050000 -0.086603 0.000000
vn 0.050000 -0.086603 0.000000
vn 0.050000 -0.086603 0.000000
vn -0.050000 -0.086603 0.000000
vn -0.050000 -0.086603 0.000000
vn -0.050000 -0.086603 0.000000
vn -0.050000 -0.086603 0.000000
vn -0.100000 0.000000 0.000000
vn -0.100000 0.000000 0.000000
vn -0.100000 0.000000 0.000000
vn -0.100000 0.000000 0.000000
vn 0.000000 0.000000 -0.100000
vn 0.000000 0.000000 -0.100000
vn 0.000000 0.000000 -0.100000
vn 0.000000 0.000000 -0.100000
vn 0.000000 0.000000 -0.100000
vn 0.000000 0.000000 -0.100000
vn 0.000000 0.000000 -0.100000
vn 0.000000 0.000000 -0.100000
vn 0.000000 0.000000 -0.100000
vn 0.000000 0.000000 -0.100000
vn 0.000000 0.000000 -0.100000
vn 0.000000 0.000000 -0.100000
vn 0.000000 0.000000 -0.100000
vn 0.000000 0.000000 -0.100000
vn 0.000000 0.000000 -0.100000
vn 0.000000 0.000000 -0.100000
vn 0.100000 0.000000 0.000000
vn 0.100000 0.000000 0.000000
vn 0.100000 0.000000 0.000000
vn 0.100000 0.000000 0.000000
vn 0.050000 -0.086603 0.000000
vn 0.050000 -0.086603 0.000000
vn 0.050000 -0.086603 0.000000
vn 0.050000 -0.086603 0.000000
vn -0.050000 -0.086603 0.000000
vn -0.050000 -0.086603 0.000000
vn -0.050000 -0.086603 0.000000
vn -0.050000 -0.086603 0.000000
vn -0.100000 0.000000 0.000000
vn -0.100000 0.000000 0.000000
vn -0.100000 0.000000 0.000000
vn -0.100000 0.000000 0.000000
vn -0.050000 0.086603 0.000000
vn -0.050000 0.086603 0.000000
vn -0.050000 0.086603 0.000000
vn -0.050000 0.086603 0.000000
vn 0.050000 0.086603 0.000000
vn 0.050000 0.086603 0.000000
vn 0.050000 0.086603 0.000000
vn 0.050000 0.086603 0.000000
vn 0.000000 0.000000 -0.100000
vn 0.000000 0.000000 -0.100000
vn 0.000000 0.000000 -0.100000
vn 0.000000 0.000000 -0.100000
vn 0.000000 0.000000 -0.100000
vn 0.000000 0.000000 -0.100000
vn 0.000000 0.000000 -0.100000
vn 0.000000 0.000000 -0.100000
vn 0.000000 0.000000 -0.100000
vn 0.000000 0.000000 -0.100000
vn 0.000000 0.000000 -0.100000
vn 0.000000 0.000000 -0.100000
vn 0.000000 0.000000 -0.100000
vn 0.000000 0.000000 -0.100000
vn 0.000000 0.000000 -0.100000
vn 0.000000 0.000000 -0.100000
vn -0.100000 0.000000 0.000000
vn -0.086603 0.050000 0.000000
vn -0.050000 0.086603 0.000000
vn 0.000000 0.100000 0.000000
vn 0.000000 0.100000 0.000000
vn -0.050000 0.086603 0.000000
vn -0.086603 0.050000 0.000000
vn -0.100000 0.000000 0.000000
vn 0.000000 0.100000 0.000000
vn 0.000000 0.100000 0.000000
vn 0.000000 0.100000 0.000000
vn 0.000000 0.100000 0.000000
vn 0.000000 0.000000 0.100000
vn 0.000000 0.000000 0.100000
vn 0.000000 0.000000 0.100000
vn 0.000000 0.000000 0.100000
vn 0.000000 0.000000 0.100000
vn 0.000000 0.000000 0.100000
vn 0.000000 0.000000 0.100000
vn 0.000000 0.000000 0.100000
vn 0.000000 0.000000 0.100000
vn 0.000000 0.000000 0.100000
vn 0.000000 0.000000 0.100000
vn 0.000000 0.000000 0.100000
vn 0.000000 0.000000 0.100000
vn 0.000000 0.000000 0.100000
vn 0.000000 0.000000 0.100000
vn 0.000000 0.000000 0.100000
vn 0.000000 0.000000 0.100000
vn 0.000000 0.000000 0.100000
vn 0.000000 0.000000 0.100000
vn 0.000000 0.000000 0.100000
vn 0.000000 0.000000 0.100000
vn 0.000000 0.000000 0.100000
vn 0.000000 0.000000 0.100000
vn 0.000000 0.000000 0.100000
vn 0.000000 0.000000 0.100000
vn 0.000000 0.000000 0.100000
vn 0.100000 0.000000 0.000000
vn 0.086603 -0.050000 0.000000
vn 0.050000 -0.086603 0.000000
vn 0.000000 -0.100000 0.000000
vn 0.000000 -0.100000 0.000000
vn 0.050000 -0.086603 0.000000
vn 0.086603 -0.050000 0.000000
vn 0.100000 0.000000 0.000000
vn 0.000000 0.000000 0.100000
vn 0.000000 0.000000 0.100000
vn 0.000000 0.000000 0.100000
vn 0.000000 0.000000 0.100000
vn 0.000000 0.000000 0.100000
vn 0.000000 0.000000 0.100000
vn 0.000000 0.000000 0.100000
vn 0.000000 0.000000 0.100000
vn 0.000000 0.000000 0.100000
vn 0.000000 0.000000 0.100000
vn 0.000000 0.000000 0.100000
vn 0.000000 0.000000 0.100000
vn 0.000000 0.000000 0.100000
vn 0.000000 0.000000 0.100000
vn 0.000000 0.000000 0.100000
vn 0.000000 0.000000 0.100000
vn 0.000000 0.000000 0.100000
vn 0.000000 0.000000 0.100000
vn 0.000000 0.000000 0.100000
vn 0.000000 0.000000 0.100000
vn 0.000000 0.000000 0.100000
vn 0.000000 0.000000 0.100000
vn 0.000000 0.000000 0.100000
vn 0.000000 0.000000 0.100000
vn 0.000000 0.000000 0.100000
vn 0.000000 0.000000 0.100000
vn 0.100000 0.000000 0.000000
vn 0.100000 0.000000 0.000000
vn 0.100000 0.000000 0.000000
vn 0.100000 0.000000 0.000000
vn 0.000000 0.100000 0.000000
vn 0.050000 0.086603 0.000000
vn 0.086603 0.050000 0.000000
vn 0.100000 0.000000 0.000000
vn 0.100000 0.000000 0.000000
vn 0.086603 0.050000 0.000000
vn 0.050000 0.086603 0.000000
vn 0.000000 0.100000 0.000000
vn 0.100000 0.000000 0.000000
vn 0.100000 0.000000 0.000000
vn 0.100000 0.000000 0.000000
vn 0.100000 0.000000 0.000000
vn 0.000000 -0.100000 0.000000
vn -0.050000 -0.086603 0.000000
vn -0.086603 -0.050000 0.000000
vn -0.100000 0.000000 0.000000
vn -0.100000 0.000000 0.000000
vn -0.086603 -0.050000 0.000000
vn -0.050000 -0.086603 0.000000
vn 0.000000 -0.100000 0.000000
vn -0.100000 0.000000 0.000000
vn -0.100000 0.000000 0.000000
vn -0.100000 0.000000 0.000000
vn -0.100000 0.000000 0.000000
vn 0.100000 0.000000 0.000000
vn 0.086603 -0.050000 0.000000
vn 0.050000 -0.086603 0.000000
vn 0.000000 -0.100000 0.000000
vn 0.000000 -0.100000 0.000000
vn 0.050000 -0.086603 0.000000
vn 0.086603 -0.050000 0.000000
vn 0.100000 0.000000 0.000000
vn 0.000000 0.100000 0.000000
vn 0.050000 0.086603 0.000000
vn 0.086603 0.050000 0.000000
vn 0.100000 0.000000 0.000000
vn 0.100000 0.000000 0.000000
vn 0.086603 0.050000 0.000000
vn 0.050000 0.086603 0.000000
vn 0.000000 0.100000 0.000000
vn 0.000000 -0.100000 0.000000
vn -0.050000 -0.086603 0.000000
vn -0.086603 -0.050000 0.000000
vn -0.100000 0.000000 0.000000
vn -0.100000 0.000000 0.000000
vn -0.086603 -0.050000 0.000000
vn -0.050000 -0.086603 0.000000
vn 0.000000 -0.100000 0.000000
vn -0.100000 0.000000 0.000000
vn -0.100000 0.000000 0.000000
vn -0.100000 0.000000 0.000000
vn -0.100000 0.000000 0.000000
vn -0.100000 0.000000 0.000000
vn -0.086603 0.050000 0.000000
vn -0.050000 0.086603 0.000000
vn 0.000000 0.100000 0.000000
vn 0.000000 0.100000 0.000000
vn -0.050000 0.086603 0.000000
vn -0.086603 0.050000 0.000000
vn -0.100000 0.000000 0.000000
vn 0.000000 -0.100000 0.000000
vn 0.000000 -0.100000 0.000000
vn 0.000000 -0.100000 0.000000
vn 0.000000 -0.100000 0.000000
vn 0.000000 0.100000 0.000000
vn 0.000000 0.100000 0.000000
vn 0.000000 0.100000 0.000000
vn 0.000000 0.100000 0.000000
vn 0.000000 -0.100000 0.000000
vn 0.000000 -0.100000 0.000000
vn 0.000000 -0.100000 0.000000
vn 0.000000 -0.100000 0.000000
vn -0.100000 0.000000 0.000000
vn -0.095106 0.030902 0.000000
vn -0.080902 0.058779 0.000000
vn -0.058779 0.080902 0.000000
vn -0.030902 0.095106 0.000000
vn 0.000000 0.100000 0.000000
vn 0.000000 0.100000 0.000000
vn -0.030902 0.095106 0.000000
vn -0.058779 0.080902 0.000000
vn -0.080902 0.058779 0.000000
vn -0.095106 0.030902 0.000000
vn -0.100000 0.000000 0.000000
vn 0.000000 0.100000 0.000000
vn 0.000000 0.100000 0.000000
vn 0.000000 0.100000 0.000000
vn 0.000000 0.100000 0.000000
vn 0.000000 0.000000 0.100000
vn 0.000000 0.000000 0.100000
vn 0.000000 0.000000 0.100000
vn 0.000000 0.000000 0.100000
vn 0.000000 0.000000 0.100000
vn 0.000000 0.000000 0.100000
vn 0.000000 0.000000 0.100000
vn 0.000000 0.000000 0.100000
vn 0.000000 0.000000 0.100000
vn 0.000000 0.000000 0.100000
vn 0.000000 0.000000 0.100000
vn 0.000000 0.000000 0.100000
vn 0.000000 0.000000 0.100000
vn 0.000000 0.000000 0.100000
vn 0.000000 0.000000 0.100000
vn 0.000000 0.000000 0.100000
vn 0.000000 0.000000 0.100000
vn 0.000000 0.000000 0.100000
vn 0.000000 0.000000 0.100000
vn 0.000000 0.000000 0.100000
vn 0.000000 0.000000 0.100000
vn 0.000000 0.000000 0.100000
vn 0.000000 0.000000 0.100000
vn 0.000000 0.000000 0.100000
vn 0.000000 0.000000 0.100000
vn 0.000000 0.000000 0.100000
vn 0.000000 0.000000 0.100000
vn 0.000000 0.000000 0.100000
vn 0.000000 0.000000 0.100000
vn 0.000000 0.000000 0.100000
vn 0.000000 0.000000 0.100000
vn 0.000000 0.000000 0.100000
vn 0.000000 0.000000 0.100000
vn 0.000000 0.000000 0.100000
vn 0.000000 0.000000 0.100000
vn 0.000000 0.000000 0.100000
vn 0.000000 0.000000 0.100000
vn 0.000000 0.000000 0.100000
vn 0.000000 0.000000 0.100000
vn 0.000000 0.000000 0.100000
vn 0.000000 0.000000 0.100000
vn 0.000000 0.000000 0.100000
vn 0.000000 0.000000 0.100000
vn 0.000000 0.000000 0.100000
vn 0.000000 0.000000 0.100000
vn 0.000000 0.000000 0.100000
vn 0.000000 0.000000 0.100000
vn 0.000000 0.000000 0.100000
vn 0.000000 0.000000 0.100000
vn 0.000000 0.000000 0.100000
vn 0.000000 0.000000 0.100000
vn 0.000000 0.000000 0.100000
vn 0.000000 0.100000 0.000000
vn 0.030902 0.095106 0.000000
vn 0.058779 0.080902 0.000000
vn 0.080902 0.058779 0.000000
vn 0.095106 0.030902 0.000000
vn 0.100000 0.000000 0.000000
vn 0.100000 0.000000 0.000000
vn 0.095106 0.030902 0.000000
vn 0.080902 0.058779 0.000000
vn 0.058779 0.080902 0.000000
vn 0.030902 0.095106 0.000000
vn 0.000000 0.100000 0.000000
vn 0.100000 0.000000 0.000000
vn 0.100000 0.000000 0.000000
vn 0.100000 0.000000 0.000000
vn 0.100000 0.000000 0.000000
vn 0.100000 0.000000 0.000000
vn 0.095106 -0.030902 0.000000
vn 0.080902 -0.058779 0.000000
vn 0.058779 -0.080902 0.000000
vn 0.030902 -0.095106 0.000000
vn 0.000000 -0.100000 0.000000
vn 0.000000 -0.100000 0.000000
vn 0.030902 -0.095106 0.000000
vn 0.058779 -0.080902 0.000000
vn 0.080902 -0.058779 0.000000
vn 0.095106 -0.030902 0.000000
vn 0.100000 0.000000 0.000000
vn 0.000000 -0.100000 0.000000
vn 0.000000 -0.100000 0.000000
vn 0.000000 -0.100000 0.000000
vn 0.000000 -0.100000 0.000000
vn 0.000000 -0.100000 0.000000
vn -0.030902 -0.095106 0.000000
vn -0.058779 -0.080902 0.000000
vn -0.080902 -0.058779 0.000000
vn -0.095106 -0.030902 0.000000
vn -0.100000 0.000000 0.000000
vn -0.100000 0.000000 0.000000
vn -0.095106 -0.030902 0.000000
vn -0.080902 -0.058779 0.000000
vn -0.058779 -0.080902 0.000000
vn -0.030902 -0.095106 0.000000
vn 0.000000 -0.100000 0.000000
vn 0.000000 0.100000 0.000000
vn 0.000000 0.100000 0.000000
vn 0.000000 0.100000 0.000000
vn 0.000000 0.100000 0.000000
vn 0.000000 -0.100000 0.000000
vn 0.000000 -0.100000 0.000000
vn 0.000000 -0.100000 0.000000
vn 0.000000 -0.100000 0.000000
vn 0.000000 -0.100000 0.000000
vn 0.000000 -0.100000 0.000000
vn 0.000000 -0.100000 0.000000
vn 0.000000 -0.100000 0.000000
vn 0.000000 -0.100000 0.000000
vn 0.000000 -0.100000 0.000000
vn 0.000000 -0.100000 0.000000
vn 0.000000 -0.100000 0.000000
vn 0.000000 -0.100000 0.000000
vn 0.000000 -0.100000 0.000000
vn 0.000000 -0.100000 0.000000
vn 0.000000 -0.100000 0.000000
vn 0.000000 -0.100000 0.000000
vn 0.000000 -0.100000 0.000000
vn 0.000000 -0.100000 0.000000
vn 0.000000 -0.100000 0.000000
vn 0.000000 -0.100000 0.000000
vn 0.000000 -0.100000 0.000000
vn 0.000000 -0.100000 0.000000
vn 0.000000 -0.100000 0.000000
vn 0.000000 -0.100000 0.000000
vn 0.000000 -0.100000 0.000000
vn 0.000000 -0.100000 0.000000
vn 0.000000 -0.100000 0.000000
vn 0.000000 -0.100000 0.000000
vn 0.000000 -0.100000 0.000000
vn 0.000000 -0.100000 0.000000
vn 0.000000 -0.100000 0.000000
vn 0.000000 -0.100000 0.000000
vn 0.000000 -0.100000 0.000000
vn 0.000000 -0.100000 0.000000
vn 0.000000 -0.100000 0.000000
vn 0.000000 -0.100000 0.000000
vn 0.000000 -0.100000 0.000000
vn 0.000000 -0.100000 0.000000
vn 0.000000 -0.100000 0.000000
vn 0.000000 -0.100000 0.000000
vn 0.000000 -0.100000 0.000000
vn 0.000000 -0.100000 0.000000
vn 0.000000 -0.100000 0.000000
vn 0.000000 -0.100000 0.000000
vn 0.000000 -0.100000 0.000000
vn 0.000000 -0.100000 0.000000
vn 0.000000 -0.100000 0.000000
vn 0.000000 -0.100000 0.000000
vn 0.000000 -0.100000 0.000000
vn 0.000000 -0.100000 0.000000
vn 0.000000 -0.100000 0.000000
vn 0.000000 -0.100000 0.000000
vn 0.000000 -0.100000 0.000000
vn 0.000000 -0.100000 0.000000
vn 0.000000 -0.100000 0.000000
vn 0.000000 -0.100000 0.000000
vn 0.000000 -0.100000 0.000000
vn 0.000000 -0.100000 0.000000
vn 0.000000 -0.100000 0.000000
vn 0.000000 -0.100000 0.000000
vn 0.000000 -0.100000 0.000000
vn 0.000000 -0.100000 0.000000
vn 0.000000 -0.100000 0.000000
vn 0.000000 -0.100000 0.000000
vn 0.000000 -0.100000 0.000000
vn 0.000000 -0.100000 0.000000
vn 0.000000 -0.100000 0.000000
vn 0.000000 -0.100000 0.000000
vn 0.000000 -0.100000 0.000000
vn 0.000000 -0.100000 0.000000
vn 0.000000 -0.100000 0.000000
vn 0.000000 -0.100000 0.000000
vn 0.000000 -0.100000 0.000000
vn 0.000000 -0.100000 0.000000
vn 0.000000 -0.100000 0.000000
vn 0.000000 -0.100000 0.000000
vn 0.000000 -0.100000 0.000000
vn 0.000000 -0.100000 0.000000
vn 0.000000 -0.100000 0.000000
vn 0.000000 -0.100000 0.000000
vn 0.000000 -0.100000 0.000000
vn 0.000000 -0.100000 0.000000
vn 0.000000 -0.100000 0.000000
vn 0.000000 -0.100000 0.000000
vn 0.000000 -0.100000 0.000000
vn 0.000000 -0.100000 0.000000
vn 0.000000 -0.100000 0.000000
vn 0.000000 -0.100000 0.000000
vn 0.000000 -0.100000 0.000000
vn 0.000000 -0.100000 0.000000
vn 0.000000 -0.100000 0.000000
vn 0.000000 -0.100000 0.000000
vn 0.000000 -0.100000 0.000000
vn 0.000000 -0.100000 0.000000
vn 0.000000 -0.100000 0.000000
vn 0.000000 -0.100000 0.000000
vn 0.000000 -0.100000 0.000000
vn 0.000000 -0.100000 0.000000
vn 0.000000 -0.100000 0.000000
vn 0.000000 -0.100000 0.000000
vn 0.000000 -0.100000 0.000000
vn 0.000000 -0.100000 0.000000
vn 0.000000 -0.100000 0.000000
vn 0.000000 -0.100000 0.000000
vn 0.000000 -0.100000 0.000000
vn 0.000000 -0.100000 0.000000
vn 0.000000 -0.100000 0.000000
vn 0.000000 -0.100000 0.000000
vn 0.000000 -0.100000 0.000000
vn 0.000000 -0.100000 0.000000
vn 0.000000 -0.100000 0.000000
vn 0.000000 -0.100000 0.000000
vn 0.000000 -0.100000 0.000000
vn 0.000000 -0.100000 0.000000
vn 0.000000 -0.100000 0.000000
vn 0.000000 -0.100000 0.000000
vn 0.000000 -0.100000 0.000000
vn 0.000000 -0.100000 0.000000
vn 0.000000 -0.100000 0.000000
vn 0.000000 -0.100000 0.000000
vn 0.000000 -0.100000 0.000000
vn 0.000000 -0.100000 0.000000
vn 0.000000 -0.100000 0.000000
vn 0.000000 -0.100000 0.000000
vn 0.000000 -0.100000 0.000000
vn 0.000000 -0.100000 0.000000
vn 0.000000 -0.100000 0.000000
vn 0.000000 -0.100000 0.000000
vn 0.000000 -0.100000 0.000000
vn 0.000000 -0.100000 0.000000
vn 0.000000 -0.100000 0.000000
vn 0.000000 -0.100000 0.000000
vn 0.000000 -0.100000 0.000000
vn 0.000000 -0.100000 0.000000
vn 0.000000 -0.100000 0.000000
vn 0.000000 -0.100000 0.000000
vn 0.000000 -0.100000 0.000000
vn 0.000000 -0.100000 0.000000
vn 0.000000 -0.100000 0.000000
vn 0.000000 -0.100000 0.000000
vn 0.000000 -0.100000 0.000000
vn 0.000000 -0.100000 0.000000
vn 0.000000 -0.100000 0.000000
vn -0.100000 0.000000 0.000000
vn -0.100000 0.000000 0.000000
vn -0.100000 0.000000 0.000000
vn -0.100000 0.000000 0.000000
vn 0.000000 0.100000 0.000000
vn 0.000000 0.100000 0.000000
vn 0.000000 0.100000 0.000000
vn 0.000000 0.100000 0.000000
vn 0.100000 0.000000 0.000000
vn 0.100000 0.000000 0.000000
vn 0.100000 0.000000 0.000000
vn 0.100000 0.000000 0.000000
vn 0.000000 0.000000 0.100000
vn 0.000000 0.000000 0.100000
vn 0.000000 0.000000 0.100000
vn 0.000000 0.000000 0.100000
vn 0.000000 0.100000 0.000000
vn 0.050000 0.086603 0.000000
vn 0.086603 0.050000 0.000000
vn 0.100000 0.000000 0.000000
vn 0.100000 0.000000 0.000000
vn 0.086603 0.050000 0.000000
vn 0.050000 0.086603 0.000000
vn 0.000000 0.100000 0.000000
vn 0.100000 0.000000 0.000000
vn 0.100000 0.000000 0.000000
vn 0.100000 0.000000 0.000000
vn 0.100000 0.000000 0.000000
vn 0.000000 0.000000 0.100000
vn 0.000000 0.000000 0.100000
vn 0.000000 0.000000 0.100000
vn 0.000000 0.000000 0.100000
vn 0.000000 0.000000 0.100000
vn 0.000000 0.000000 0.100000
vn 0.000000 0.000000 0.100000
vn 0.000000 0.000000 0.100000
vn 0.000000 0.000000 0.100000
vn 0.000000 0.000000 0.100000
vn 0.000000 0.000000 0.100000
vn 0.000000 0.000000 0.100000
vn 0.000000 0.000000 0.100000
vn 0.000000 0.000000 0.100000
vn 0.000000 0.000000 0.100000
vn 0.000000 0.000000 0.100000
vn 0.000000 0.000000 0.100000
vn 0.000000 0.000000 0.100000
vn 0.000000 0.000000 0.100000
vn 0.000000 0.000000 0.100000
vn 0.000000 0.000000 0.100000
vn 0.000000 0.000000 0.100000
vn 0.000000 0.000000 0.100000
vn 0.000000 0.000000 0.100000
vn 0.000000 0.000000 0.100000
vn 0.000000 0.000000 0.100000
vn 0.000000 0.000000 0.100000
vn 0.000000 0.000000 0.100000
vn 0.000000 0.000000 0.100000
vn 0.000000 0.000000 0.100000
vn 0.000000 0.000000 0.100000
vn 0.000000 0.000000 0.100000
vn 0.000000 0.000000 0.100000
vn 0.000000 0.000000 0.100000
vn 0.000000 0.000000 0.100000
vn 0.000000 0.000000 0.100000
vn 0.000000 0.000000 0.100000
vn 0.000000 0.000000 0.100000
vn 0.000000 0.000000 0.100000
vn 0.000000 0.000000 0.100000
vn 0.000000 0.000000 0.100000
vn 0.000000 0.000000 0.100000
vn 0.000000 0.000000 0.100000
vn 0.000000 0.000000 0.100000
vn 0.100000 0.000000 0.000000
vn 0.086603 -0.050000 0.000000
vn 0.050000 -0.086603 0.000000
vn 0.000000 -0.100000 0.000000
vn 0.000000 -0.100000 0.000000
vn 0.050000 -0.086603 0.000000
vn 0.086603 -0.050000 0.000000
vn 0.100000 0.000000 0.000000
vn 0.000000 -0.100000 0.000000
vn 0.000000 -0.100000 0.000000
vn 0.000000 -0.100000 0.000000
vn 0.000000 -0.100000 0.000000
vn 0.000000 -0.100000 0.000000
vn -0.050000 -0.086603 0.000000
vn -0.086603 -0.050000 0.000000
vn -0.100000 0.000000 0.000000
vn -0.100000 0.000000 0.000000
vn -0.086603 -0.050000 0.000000
vn -0.050000 -0.086603 0.000000
vn 0.000000 -0.100000 0.000000
vn -0.100000 0.000000 0.000000
vn -0.100000 0.000000 0.000000
vn -0.100000 0.000000 0.000000
vn -0.100000 0.000000 0.000000
vn -0.100000 0.000000 0.000000
vn -0.086603 0.050000 0.000000
vn -0.050000 0.086603 0.000000
vn 0.000000 0.100000 0.000000
vn 0.000000 0.100000 0.000000
vn -0.050000 0.086603 0.000000
vn -0.086603 0.050000 0.000000
vn -0.100000 0.000000 0.000000
vn 0.000000 0.100000 0.000000
vn 0.000000 0.100000 0.000000
vn 0.000000 0.100000 0.000000
vn 0.000000 0.100000 0.000000
vn 0.000000 0.100000 0.000000
vn 0.000000 0.100000 0.000000
vn 0.000000 0.100000 0.000000
vn 0.000000 0.100000 0.000000
vn 0.000000 0.100000 0.000000
vn 0.000000 0.100000 0.000000
vn 0.000000 0.100000 0.000000
vn 0.000000 0.100000 0.000000
vn 0.000000 0.100000 0.000000
vn 0.000000 0.100000 0.000000
vn 0.000000 0.100000 0.000000
vn 0.000000 0.100000 0.000000
vn 0.000000 0.100000 0.000000
vn 0.000000 0.100000 0.000000
vn 0.000000 0.100000 0.000000
vn 0.000000 0.100000 0.000000
vn 0.000000 0.100000 0.000000
vn 0.000000 0.100000 0.000000
vn 0.000000 0.100000 0.000000
vn 0.000000 0.100000 0.000000
vn 0.000000 0.100000 0.000000
vn 0.000000 0.100000 0.000000
vn 0.000000 0.100000 0.000000
vn 0.000000 0.100000 0.000000
vn 0.000000 0.100000 0.000000
vn 0.000000 0.100000 0.000000
vn 0.000000 0.100000 0.000000
vn 0.000000 0.100000 0.000000
vn 0.000000 0.100000 0.000000
vn 0.000000 0.100000 0.000000
vn 0.000000 0.100000 0.000000
vn 0.000000 0.100000 0.000000
vn 0.000000 0.100000 0.000000
vn 0.000000 0.100000 0.000000
vn 0.000000 0.100000 0.000000
vn 0.000000 0.100000 0.000000
vn 0.000000 0.100000 0.000000
vn 0.000000 0.100000 0.000000
vn 0.000000 0.100000 0.000000
vn 0.000000 0.100000 0.000000
vn 0.000000 0.100000 0.000000
vn 0.000000 0.100000 0.000000
vn 0.000000 0.100000 0.000000
vn 0.000000 0.100000 0.000000
vn 0.000000 0.100000 0.000000
vn 0.000000 0.100000 0.000000
vn 0.000000 0.100000 0.000000
vn 0.000000 0.100000 0.000000
vn 0.000000 0.100000 0.000000
vn 0.000000 0.100000 0.000000
vn 0.000000 0.100000 0.000000
vn 0.000000 0.100000 0.000000
vn 0.000000 0.100000 0.000000
vn 0.000000 0.100000 0.000000
vn 0.000000 0.100000 0.000000
vn 0.000000 0.100000 0.000000
vn 0.000000 0.100000 0.000000
vn 0.000000 0.100000 0.000000
vn 0.000000 0.100000 0.000000
vn 0.000000 0.100000 0.000000
vn 0.000000 0.100000 0.000000
vn 0.000000 0.100000 0.000000
vn 0.000000 0.100000 0.000000
vn 0.000000 0.100000 0.000000
vn 0.000000 0.100000 0.000000
vn 0.000000 0.100000 0.000000
vn 0.000000 0.100000 0.000000
vn 0.000000 0.100000 0.000000
vn 0.000000 0.100000 0.000000
vn 0.000000 0.100000 0.000000
vn 0.000000 0.100000 0.000000
vn 0.000000 0.100000 0.000000
vn 0.000000 0.100000 0.000000
vn 0.000000 0.100000 0.000000
vn 0.000000 0.100000 0.000000
vn 0.000000 0.100000 0.000000
vn 0.000000 0.100000 0.000000
vn 0.000000 0.100000 0.000000
vn 0.000000 0.100000 0.000000
vn 0.000000 0.100000 0.000000
vn 0.000000 0.100000 0.000000
vn 0.000000 0.100000 0.000000
vn 0.000000 0.100000 0.000000
vn 0.000000 0.100000 0.000000
vn 0.000000 0.100000 0.000000
vn 0.000000 0.100000 0.000000
vn 0.000000 0.100000 0.000000
vn 0.000000 0.100000 0.000000
vn 0.000000 0.100000 0.000000
vn 0.000000 0.100000 0.000000
vn 0.000000 0.100000 0.000000
vn 0.000000 0.100000 0.000000
vn 0.000000 0.100000 0.000000
vn 0.000000 0.100000 0.000000
vn 0.000000 0.100000 0.000000
vn 0.000000 0.100000 0.000000
vn 0.000000 0.100000 0.000000
vn 0.000000 0.100000 0.000000
vn 0.000000 0.100000 0.000000
vn 0.000000 0.100000 0.000000
vn 0.000000 0.100000 0.000000
vn 0.000000 0.100000 0.000000
vn 0.000000 0.100000 0.000000
vn 0.000000 0.100000 0.000000
vn 0.000000 0.100000 0.000000
vn 0.000000 0.100000 0.000000
vn 0.000000 0.100000 0.000000
vn 0.000000 0.100000 0.000000
vn 0.000000 0.100000 0.000000
vn 0.000000 0.100000 0.000000
vn 0.000000 0.100000 0.000000
vn 0.000000 0.100000 0.000000
vn 0.000000 0.100000 0.000000
vn 0.000000 0.100000 0.000000
vn 0.000000 0.100000 0.000000
vn 0.000000 0.100000 0.000000
vn 0.000000 0.100000 0.000000
vn 0.000000 0.100000 0.000000
vn 0.000000 0.100000 0.000000
vn 0.000000 0.100000 0.000000
vn 0.000000 0.100000 0.000000
vn 0.000000 0.100000 0.000000
vn 0.000000 0.100000 0.000000
vn 0.000000 0.100000 0.000000
vn 0.000000 0.100000 0.000000
vn 0.000000 0.100000 0.000000
vn 0.000000 0.100000 0.000000
vn 0.000000 0.100000 0.000000
vn 0.000000 0.100000 0.000000
vn 0.000000 0.100000 0.000000
vn 0.000000 0.100000 0.000000
vn 0.000000 0.100000 0.000000
vn 0.000000 0.100000 0.000000
vn 0.000000 0.100000 0.000000
vn 0.100000 0.000000 0.000000
vn 0.100000 0.000000 0.000000
vn 0.100000 0.000000 0.000000
vn 0.100000 0.000000 0.000000
vn -0.100000 0.000000 0.000000
vn -0.100000 0.000000 0.000000
vn -0.100000 0.000000 0.000000
vn -0.100000 0.000000 0.000000
vn 0.000000 0.100000 0.000000
vn 0.000000 0.100000 0.000000
vn 0.000000 0.100000 0.000000
vn 0.000000 0.100000 0.000000
vn -0.100000 0.000000 0.000000
vn -0.100000 0.000000 0.000000
vn -0.100000 0.000000 0.000000
vn -0.100000 0.000000 0.000000
vn 0.000000 0.100000 0.000000
vn 0.038268 0.092388 0.000000
vn 0.070711 0.070711 0.000000
vn 0.092388 0.038268 0.000000
vn 0.100000 0.000000 0.000000
vn 0.100000 0.000000 0.000000
vn 0.092388 0.038268 0.000000
vn 0.070711 0.070711 0.000000
vn 0.038268 0.092388 0.000000
vn 0.000000 0.100000 0.000000
vn -0.100000 0.000000 0.000000
vn -0.092388 0.038268 0.000000
vn -0.070711 0.070711 0.000000
vn -0.038268 0.092388 0.000000
vn 0.000000 0.100000 0.000000
vn 0.000000 0.100000 0.000000
vn -0.038268 0.092388 0.000000
vn -0.070711 0.070711 0.000000
vn -0.092388 0.038268 0.000000
vn -0.100000 0.000000 0.000000
vn 0.000000 -0.100000 0.000000
vn -0.038268 -0.092388 0.000000
vn -0.070711 -0.070711 0.000000
vn -0.092388 -0.038268 0.000000
vn -0.100000 0.000000 0.000000
vn -0.100000 0.000000 0.000000
vn -0.092388 -0.038268 0.000000
vn -0.070711 -0.070711 0.000000
vn -0.038268 -0.092388 0.000000
vn 0.000000 -0.100000 0.000000
vn 0.100000 0.000000 0.000000
vn 0.092388 -0.038268 0.000000
vn 0.070711 -0.070711 0.000000
vn 0.038268 -0.092388 0.000000
vn 0.000000 -0.100000 0.000000
vn 0.000000 -0.100000 0.000000
vn 0.038268 -0.092388 0.000000
vn 0.070711 -0.070711 0.000000
vn 0.092388 -0.038268 0.000000
vn 0.100000 0.000000 0.000000
vn 0.000000 0.000000 0.100000
vn -0.038268 0.000000 0.092388
vn -0.070711 0.000000 0.070711
vn -0.092388 0.000000 0.038268
vn -0.100000 0.000000 0.000000
vn -0.100000 0.000000 0.000000
vn -0.092388 0.000000 0.038268
vn -0.070711 0.000000 0.070711
vn -0.038268 0.000000 0.092388
vn 0.000000 0.000000 0.100000
vn 0.000000 0.000000 0.100000
vn -0.100000 0.000000 0.000000
vn -0.100000 0.000000 0.000000
vn -0.100000 0.000000 0.000000
vn -0.100000 0.000000 0.000000
vn -0.100000 0.000000 0.000000
vn -0.092388 0.000000 0.038268
vn -0.070711 0.000000 0.070711
vn -0.038268 0.000000 0.092388
vn 0.000000 0.000000 0.100000
vn 0.000000 0.000000 0.100000
vn -0.038268 0.000000 0.092388
vn -0.070711 0.000000 0.070711
vn -0.092388 0.000000 0.038268
vn -0.100000 0.000000 0.000000
vn 0.000000 0.000000 0.100000
vn 0.000000 0.000000 0.100000
vn 0.000000 0.000000 0.100000
vn 0.000000 0.000000 0.100000
vn 0.000000 0.000000 0.100000
vn 0.000000 0.000000 0.100000
vn 0.000000 0.000000 0.100000
vn 0.000000 0.000000 0.100000
vn 0.000000 0.000000 0.100000
vn 0.038268 0.000000 0.092388
vn 0.070711 0.000000 0.070711
vn 0.092388 0.000000 0.038268
vn 0.100000 0.000000 0.000000
vn 0.100000 0.000000 0.000000
vn 0.092388 0.000000 0.038268
vn 0.070711 0.000000 0.070711
vn 0.038268 0.000000 0.092388
vn 0.000000 0.000000 0.100000
vn 0.100000 0.000000 0.000000
vn 0.092388 0.000000 0.038268
vn 0.070711 0.000000 0.070711
vn 0.038268 0.000000 0.092388
vn 0.000000 0.000000 0.100000
vn 0.000000 0.000000 0.100000
vn 0.000000 0.000000 0.100000
vn 0.038268 0.000000 0.092388
vn 0.070711 0.000000 0.070711
vn 0.092388 0.000000 0.038268
vn 0.100000 0.000000 0.000000
vn -0.100000 0.000000 0.000000
vn -0.093247 0.000000 -0.036124
vn -0.073901 0.000000 -0.067370
vn -0.044574 0.000000 -0.089516
vn -0.009227 0.000000 -0.099573
vn 0.027366 0.000000 -0.096183
vn 0.060263 0.000000 -0.079802
vn 0.085022 0.000000 -0.052643
vn 0.098297 0.000000 -0.018375
vn 0.098297 0.000000 0.018375
vn 0.085022 0.000000 0.052643
vn 0.060263 0.000000 0.079802
vn 0.027366 0.000000 0.096183
vn -0.009227 0.000000 0.099573
vn -0.044574 0.000000 0.089516
vn -0.073901 0.000000 0.067370
vn -0.093247 0.000000 0.036124
vn -0.100000 0.000000 0.000000
vn -0.093247 0.000000 0.036124
vn -0.073901 0.000000 0.067370
vn -0.044574 0.000000 0.089516
vn -0.009227 0.000000 0.099573
vn 0.027366 0.000000 0.096183
vn 0.060263 0.000000 0.079802
vn 0.085022 0.000000 0.052643
vn 0.098297 0.000000 0.018375
vn 0.098297 0.000000 -0.018375
vn 0.085022 0.000000 -0.052643
vn 0.060263 0.000000 -0.079802
vn 0.027366 0.000000 -0.096183
vn -0.009227 0.000000 -0.099573
vn -0.044574 0.000000 -0.089516
vn -0.073901 0.000000 -0.067370
vn -0.093247 0.000000 -0.036124
vn 0.098297 0.000000 0.018375
vn 0.098297 0.000000 0.018375
vn 0.098297 0.000000 0.018375
vn 0.098297 0.000000 0.018375
vn -0.100000 0.000000 0.000000
vn -0.093247 0.000000 -0.036124
vn -0.073901 0.000000 -0.067370
vn -0.044574 0.000000 -0.089516
vn -0.009227 0.000000 -0.099573
vn 0.027366 0.000000 -0.096183
vn 0.060263 0.000000 -0.079802
vn 0.085022 0.000000 -0.052643
vn 0.098297 0.000000 -0.018375
vn 0.098297 0.000000 0.018375
vn 0.085022 0.000000 0.052643
vn 0.060263 0.000000 0.079802
vn 0.027366 0.000000 0.096183
vn -0.009227 0.000000 0.099573
vn -0.044574 0.000000 0.089516
vn -0.073901 0.000000 0.067370
vn -0.093247 0.000000 0.036124
vn -0.100000 0.000000 0.000000
vn -0.093247 0.000000 0.036124
vn -0.073901 0.000000 0.067370
vn -0.044574 0.000000 0.089516
vn -0.009227 0.000000 0.099573
vn 0.027366 0.000000 0.096183
vn 0.060263 0.000000 0.079802
vn 0.085022 0.000000 0.052643
vn 0.098297 0.000000 0.018375
vn 0.098297 0.000000 -0.018375
vn 0.085022 0.000000 -0.052643
vn 0.060263 0.000000 -0.079802
vn 0.027366 0.000000 -0.096183
vn -0.009227 0.000000 -0.099573
vn -0.044574 0.000000 -0.089516
vn -0.073901 0.000000 -0.067370
vn -0.093247 0.000000 -0.036124
vn 0.098297 0.000000 0.018375
vn 0.098297 0.000000 0.018375
vn 0.098297 0.000000 0.018375
vn 0.098297 0.000000 0.018375
vn -0.100000 0.000000 0.000000
vn -0.093247 0.000000 -0.036124
vn -0.073901 0.000000 -0.067370
vn -0.044574 0.000000 -0.089516
vn -0.009227 0.000000 -0.099573
vn 0.027366 0.000000 -0.096183
vn 0.060263 0.000000 -0.079802
vn 0.085022 0.000000 -0.052643
vn 0.098297 0.000000 -0.018375
vn 0.098297 0.000000 0.018375
vn 0.085022 0.000000 0.052643
vn 0.060263 0.000000 0.079802
vn 0.027366 0.000000 0.096183
vn -0.009227 0.000000 0.099573
vn -0.044574 0.000000 0.089516
vn -0.073901 0.000000 0.067370
vn -0.093247 0.000000 0.036124
vn -0.100000 0.000000 0.000000
vn -0.093247 0.000000 0.036124
vn -0.073901 0.000000 0.067370
vn -0.044574 0.000000 0.089516
vn -0.009227 0.000000 0.099573
vn 0.027366 0.000000 0.096183
vn 0.060263 0.000000 0.079802
vn 0.085022 0.000000 0.052643
vn 0.098297 0.000000 0.018375
vn 0.098297 0.000000 -0.018375
vn 0.085022 0.000000 -0.052643
vn 0.060263 0.000000 -0.079802
vn 0.027366 0.000000 -0.096183
vn -0.009227 0.000000 -0.099573
vn -0.044574 0.000000 -0.089516
vn -0.073901 0.000000 -0.067370
vn -0.093247 0.000000 -0.036124
vn 0.098297 0.000000 0.018375
vn 0.098297 0.000000 0.018375
vn 0.098297 0.000000 0.018375
vn 0.098297 0.000000 0.018375
vn -0.100000 0.000000 0.000000
vn -0.093247 0.000000 -0.036124
vn -0.073901 0.000000 -0.067370
vn -0.044574 0.000000 -0.089516
vn -0.009227 0.000000 -0.099573
vn 0.027366 0.000000 -0.096183
vn 0.060263 0.000000 -0.079802
vn 0.085022 0.000000 -0.052643
vn 0.098297 0.000000 -0.018375
vn 0.098297 0.000000 0.018375
vn 0.085022 0.000000 0.052643
vn 0.060263 0.000000 0.079802
vn 0.027366 0.000000 0.096183
vn -0.009227 0.000000 0.099573
vn -0.044574 0.000000 0.089516
vn -0.073901 0.000000 0.067370
vn -0.093247 0.000000 0.036124
vn -0.100000 0.000000 0.000000
vn -0.093247 0.000000 0.036124
vn -0.073901 0.000000 0.067370
vn -0.044574 0.000000 0.089516
vn -0.009227 0.000000 0.099573
vn 0.027366 0.000000 0.096183
vn 0.060263 0.000000 0.079802
vn 0.085022 0.000000 0.052643
vn 0.098297 0.000000 0.018375
vn 0.098297 0.000000 -0.018375
vn 0.085022 0.000000 -0.052643
vn 0.060263 0.000000 -0.079802
vn 0.027366 0.000000 -0.096183
vn -0.009227 0.000000 -0.099573
vn -0.044574 0.000000 -0.089516
vn -0.073901 0.000000 -0.067370
vn -0.093247 0.000000 -0.036124
vn 0.098297 0.000000 0.018375
vn 0.098297 0.000000 0.018375
vn 0.098297 0.000000 0.018375
vn 0.098297 0.000000 0.018375
vn -0.100000 0.000000 0.000000
vn -0.096292 0.000000 -0.026980
vn -0.085442 0.000000 -0.051958
vn -0.068255 0.000000 -0.073084
vn -0.046007 0.000000 -0.088789
vn -0.020346 0.000000 -0.097908
vn 0.006824 0.000000 -0.099767
vn 0.033488 0.000000 -0.094226
vn 0.057668 0.000000 -0.081697
vn 0.077571 0.000000 -0.063109
vn 0.091721 0.000000 -0.039840
vn 0.099069 0.000000 -0.013617
vn 0.099069 0.000000 0.013617
vn 0.091721 0.000000 0.039840
vn 0.077571 0.000000 0.063109
vn 0.057668 0.000000 0.081697
vn 0.033488 0.000000 0.094226
vn 0.006824 0.000000 0.099767
vn -0.020346 0.000000 0.097908
vn -0.046007 0.000000 0.088789
vn -0.068255 0.000000 0.073084
vn -0.085442 0.000000 0.051958
vn -0.096292 0.000000 0.026980
vn -0.100000 0.000000 0.000000
vn -0.096292 0.000000 0.026980
vn -0.085442 0.000000 0.051958
vn -0.068255 0.000000 0.073084
vn -0.046007 0.000000 0.088789
vn -0.020346 0.000000 0.097908
vn 0.006824 0.000000 0.099767
vn 0.033488 0.000000 0.094226
vn 0.057668 0.000000 0.081697
vn 0.077571 0.000000 0.063109
vn 0.091721 0.000000 0.039840
vn 0.099069 0.000000 0.013617
vn 0.099069 0.000000 -0.013617
vn 0.091721 0.000000 -0.039840
vn 0.077571 0.000000 -0.063109
vn 0.057668 0.000000 -0.081697
vn 0.033488 0.000000 -0.094226
vn 0.006824 0.000000 -0.099767
vn -0.020346 0.000000 -0.097908
vn -0.046007 0.000000 -0.088789
vn -0.068255 0.000000 -0.073084
vn -0.085442 0.000000 -0.051958
vn -0.096292 0.000000 -0.026980
vn 0.099069 0.000000 0.013617
vn 0.099069 0.000000 0.013617
vn 0.099069 0.000000 0.013617
vn 0.099069 0.000000 0.013617
vn -0.100000 0.000000 0.000000
vn -0.096292 0.000000 -0.026980
vn -0.085442 0.000000 -0.051958
vn -0.068255 0.000000 -0.073084
vn -0.046007 0.000000 -0.088789
vn -0.020346 0.000000 -0.097908
vn 0.006824 0.000000 -0.099767
vn 0.033488 0.000000 -0.094226
vn 0.057668 0.000000 -0.081697
vn 0.077571 0.000000 -0.063109
vn 0.091721 0.000000 -0.039840
vn 0.099069 0.000000 -0.013617
vn 0.099069 0.000000 0.013617
vn 0.091721 0.000000 0.039840
vn 0.077571 0.000000 0.063109
vn 0.057668 0.000000 0.081697
vn 0.033488 0.000000 0.094226
vn 0.006824 0.000000 0.099767
vn -0.020346 0.000000 0.097908
vn -0.046007 0.000000 0.088789
vn -0.068255 0.000000 0.073084
vn -0.085442 0.000000 0.051958
vn -0.096292 0.000000 0.026980
vn -0.100000 0.000000 0.000000
vn -0.096292 0.000000 0.026980
vn -0.085442 0.000000 0.051958
vn -0.068255 0.000000 0.073084
vn -0.046007 0.000000 0.088789
vn -0.020346 0.000000 0.097908
vn 0.006824 0.000000 0.099767
vn 0.033488 0.000000 0.094226
vn 0.057668 0.000000 0.081697
vn 0.077571 0.000000 0.063109
vn 0.091721 0.000000 0.039840
vn 0.099069 0.000000 0.013617
vn 0.099069 0.000000 -0.013617
vn 0.091721 0.000000 -0.039840
vn 0.077571 0.000000 -0.063109
vn 0.057668 0.000000 -0.081697
vn 0.033488 0.000000 -0.094226
vn 0.006824 0.000000 -0.099767
vn -0.020346 0.000000 -0.097908
vn -0.046007 0.000000 -0.088789
vn -0.068255 0.000000 -0.073084
vn -0.085442 0.000000 -0.051958
vn -0.096292 0.000000 -0.026980
vn 0.099069 0.000000 0.013617
vn 0.099069 0.000000 0.013617
vn 0.099069 0.000000 0.013617
vn 0.099069 0.000000 0.013617
vn 0.100000 0.000000 0.000000
vn 0.100000 0.000000 0.000000
vn 0.100000 0.000000 0.000000
vn 0.100000 0.000000 0.000000
vn 0.070711 0.000000 0.070711
vn 0.066879 0.022960 0.070711
vn 0.055801 0.043431 0.070711
vn 0.038675 0.059197 0.070711
vn 0.017358 0.068547 0.070711
vn -0.005839 0.070469 0.070711
vn -0.028404 0.064755 0.070711
vn -0.047891 0.052024 0.070711
vn -0.062188 0.033655 0.070711
vn -0.069746 0.011639 0.070711
vn -0.069746 -0.011639 0.070711
vn -0.062188 -0.033655 0.070711
vn -0.047891 -0.052024 0.070711
vn -0.028404 -0.064755 0.070711
vn -0.005839 -0.070469 0.070711
vn 0.017358 -0.068547 0.070711
vn 0.038675 -0.059197 0.070711
vn 0.055801 -0.043431 0.070711
vn 0.066879 -0.022960 0.070711
vn 0.070711 0.000000 0.070711
vn 0.062611 -0.032861 0.070711
vn 0.040168 -0.058194 0.070711
vn 0.008523 -0.070195 0.070711
vn -0.025074 -0.066116 0.070711
vn -0.052928 -0.046890 0.070711
vn -0.068656 -0.016922 0.070711
vn -0.068656 0.016922 0.070711
vn -0.052928 0.046890 0.070711
vn -0.025074 0.066116 0.070711
vn 0.008523 0.070195 0.070711
vn 0.040168 0.058194 0.070711
vn 0.062611 0.032861 0.070711
vn 0.070711 0.000000 0.070711
vn 0.070711 0.000000 0.070711
vn 0.070711 0.000000 0.070711
vn -0.100000 0.000000 0.000000
vn -0.094582 -0.032470 0.000000
vn -0.078914 -0.061421 0.000000
vn -0.054695 -0.083717 0.000000
vn -0.024549 -0.096940 0.000000
vn 0.008258 -0.099658 0.000000
vn 0.040170 -0.091577 0.000000
vn 0.067728 -0.073572 0.000000
vn 0.087947 -0.047595 0.000000
vn 0.098636 -0.016459 0.000000
vn 0.098636 0.016459 0.000000
vn 0.087947 0.047595 0.000000
vn 0.067728 0.073572 0.000000
vn 0.040170 0.091577 0.000000
vn 0.008258 0.099658 0.000000
vn -0.024549 0.096940 0.000000
vn -0.054695 0.083717 0.000000
vn -0.078914 0.061421 0.000000
vn -0.094582 0.032470 0.000000
vn 0.100000 0.000000 0.000000
vn 0.094582 -0.032470 0.000000
vn 0.078914 -0.061421 0.000000
vn 0.054695 -0.083717 0.000000
vn 0.024549 -0.096940 0.000000
vn -0.008258 -0.099658 0.000000
vn -0.040170 -0.091577 0.000000
vn -0.067728 -0.073572 0.000000
vn -0.087947 -0.047595 0.000000
vn -0.098636 -0.016459 0.000000
vn -0.098636 0.016459 0.000000
vn -0.087947 0.047595 0.000000
vn -0.067728 0.073572 0.000000
vn -0.040170 0.091577 0.000000
vn -0.008258 0.099658 0.000000
vn 0.024549 0.096940 0.000000
vn 0.054695 0.083717 0.000000
vn 0.078914 0.061421 0.000000
vn 0.094582 0.032470 0.000000
vn -0.098636 -0.016459 0.000000
vn -0.100000 0.000000 0.000000
vn -0.100000 0.000000 0.000000
vn -0.098636 -0.016459 0.000000
vn 0.000000 0.000000 0.100000
vn 0.000000 0.000000 0.100000
vn 0.000000 0.000000 0.100000
vn 0.000000 0.000000 0.100000
vn 0.000000 0.000000 0.100000
vn 0.000000 0.000000 0.100000
vn 0.000000 0.000000 0.100000
vn 0.000000 0.000000 0.100000
vn 0.000000 0.000000 0.100000
vn 0.000000 0.000000 0.100000
vn 0.000000 0.000000 0.100000
vn 0.000000 0.000000 0.100000
vn 0.000000 0.000000 0.100000
vn 0.000000 0.000000 0.100000
vn 0.000000 0.000000 0.100000
vn 0.000000 0.000000 0.100000
vn 0.000000 0.000000 0.100000
vn 0.000000 0.000000 0.100000
vn 0.000000 0.000000 0.100000
vn 0.000000 0.000000 0.100000
vn 0.000000 0.000000 0.100000
vn 0.000000 0.000000 0.100000
vn 0.000000 0.000000 0.100000
vn 0.070711 0.000000 0.070711
vn 0.066879 0.022960 0.070711
vn 0.055801 0.043431 0.070711
vn 0.038675 0.059197 0.070711
vn 0.017358 0.068547 0.070711
vn -0.005839 0.070469 0.070711
vn -0.028404 0.064755 0.070711
vn -0.047891 0.052024 0.070711
vn -0.062188 0.033655 0.070711
vn -0.069746 0.011639 0.070711
vn -0.069746 -0.011639 0.070711
vn -0.062188 -0.033655 0.070711
vn -0.047891 -0.052024 0.070711
vn -0.028404 -0.064755 0.070711
vn -0.005839 -0.070469 0.070711
vn 0.017358 -0.068547 0.070711
vn 0.038675 -0.059197 0.070711
vn 0.055801 -0.043431 0.070711
vn 0.066879 -0.022960 0.070711
vn 0.070711 0.000000 0.070711
vn 0.062611 -0.032861 0.070711
vn 0.040168 -0.058194 0.070711
vn 0.008523 -0.070195 0.070711
vn -0.025074 -0.066116 0.070711
vn -0.052928 -0.046890 0.070711
vn -0.068656 -0.016922 0.070711
vn -0.068656 0.016922 0.070711
vn -0.052928 0.046890 0.070711
vn -0.025074 0.066116 0.070711
vn 0.008523 0.070195 0.070711
vn 0.040168 0.058194 0.070711
vn 0.062611 0.032861 0.070711
vn 0.070711 0.000000 0.070711
vn 0.070711 0.000000 0.070711
vn 0.070711 0.000000 0.070711
vn -0.100000 0.000000 0.000000
vn -0.094582 -0.032470 0.000000
vn -0.078914 -0.061421 0.000000
vn -0.054695 -0.083717 0.000000
vn -0.024549 -0.096940 0.000000
vn 0.008258 -0.099658 0.000000
vn 0.040170 -0.091577 0.000000
vn 0.067728 -0.073572 0.000000
vn 0.087947 -0.047595 0.000000
vn 0.098636 -0.016459 0.000000
vn 0.098636 0.016459 0.000000
vn 0.087947 0.047595 0.000000
vn 0.067728 0.073572 0.000000
vn 0.040170 0.091577 0.000000
vn 0.008258 0.099658 0.000000
vn -0.024549 0.096940 0.000000
vn -0.054695 0.083717 0.000000
vn -0.078914 0.061421 0.000000
vn -0.094582 0.032470 0.000000
vn 0.100000 0.000000 0.000000
vn 0.094582 -0.032470 0.000000
vn 0.078914 -0.061421 0.000000
vn 0.054695 -0.083717 0.000000
vn 0.024549 -0.096940 0.000000
vn -0.008258 -0.099658 0.000000
vn -0.040170 -0.091577 0.000000
vn -0.067728 -0.073572 0.000000
vn -0.087947 -0.047595 0.000000
vn -0.098636 -0.016459 0.000000
vn -0.098636 0.016459 0.000000
vn -0.087947 0.047595 0.000000
vn -0.067728 0.073572 0.000000
vn -0.040170 0.091577 0.000000
vn -0.008258 0.099658 0.000000
vn 0.024549 0.096940 0.000000
vn 0.054695 0.083717 0.000000
vn 0.078914 0.061421 0.000000
vn 0.094582 0.032470 0.000000
vn -0.098636 -0.016459 0.000000
vn -0.100000 0.000000 0.000000
vn -0.100000 0.000000 0.000000
vn -0.098636 -0.016459 0.000000
vn 0.000000 0.000000 0.100000
vn 0.000000 0.000000 0.100000
vn 0.000000 0.000000 0.100000
vn 0.000000 0.000000 0.100000
vn 0.000000 0.000000 0.100000
vn 0.000000 0.000000 0.100000
vn 0.000000 0.000000 0.100000
vn 0.000000 0.000000 0.100000
vn 0.000000 0.000000 0.100000
vn 0.000000 0.000000 0.100000
vn 0.000000 0.000000 0.100000
vn 0.000000 0.000000 0.100000
vn 0.000000 0.000000 0.100000
vn 0.000000 0.000000 0.100000
vn 0.000000 0.000000 0.100000
vn 0.000000 0.000000 0.100000
vn 0.000000 0.000000 0.100000
vn 0.000000 0.000000 0.100000
vn 0.000000 0.000000 0.100000
vn 0.000000 0.000000 0.100000
vn 0.000000 0.000000 0.100000
vn 0.000000 0.000000 0.100000
vn 0.000000 0.000000 0.100000
vn 0.070711 0.000000 0.070711
vn 0.066879 0.022960 0.070711
vn 0.055801 0.043431 0.070711
vn 0.038675 0.059197 0.070711
vn 0.017358 0.068547 0.070711
vn -0.005839 0.070469 0.070711
vn -0.028404 0.064755 0.070711
vn -0.047891 0.052024 0.070711
vn -0.062188 0.033655 0.070711
vn -0.069746 0.011639 0.070711
vn -0.069746 -0.011639 0.070711
vn -0.062188 -0.033655 0.070711
vn -0.047891 -0.052024 0.070711
vn -0.028404 -0.064755 0.070711
vn -0.005839 -0.070469 0.070711
vn 0.017358 -0.068547 0.070711
vn 0.038675 -0.059197 0.070711
vn 0.055801 -0.043431 0.070711
vn 0.066879 -0.022960 0.070711
vn 0.070711 0.000000 0.070711
vn 0.062611 -0.032861 0.070711
vn 0.040168 -0.058194 0.070711
vn 0.008523 -0.070195 0.070711
vn -0.025074 -0.066116 0.070711
vn -0.052928 -0.046890 0.070711
vn -0.068656 -0.016922 0.070711
vn -0.068656 0.016922 0.070711
vn -0.052928 0.046890 0.070711
vn -0.025074 0.066116 0.070711
vn 0.008523 0.070195 0.070711
vn 0.040168 0.058194 0.070711
vn 0.062611 0.032861 0.070711
vn 0.070711 0.000000 0.070711
vn 0.070711 0.000000 0.070711
vn 0.070711 0.000000 0.070711
vn -0.100000 0.000000 0.000000
vn -0.094582 -0.032470 0.000000
vn -0.078914 -0.061421 0.000000
vn -0.054695 -0.083717 0.000000
vn -0.024549 -0.096940 0.000000
vn 0.008258 -0.099658 0.000000
vn 0.040170 -0.091577 0.000000
vn 0.067728 -0.073572 0.000000
vn 0.087947 -0.047595 0.000000
vn 0.098636 -0.016459 0.000000
vn 0.098636 0.016459 0.000000
vn 0.087947 0.047595 0.000000
vn 0.067728 0.073572 0.000000
vn 0.040170 0.091577 0.000000
vn 0.008258 0.099658 0.000000
vn -0.024549 0.096940 0.000000
vn -0.054695 0.083717 0.000000
vn -0.078914 0.061421 0.000000
vn -0.094582 0.032470 0.000000
vn 0.100000 0.000000 0.000000
vn 0.094582 -0.032470 0.000000
vn 0.078914 -0.061421 0.000000
vn 0.054695 -0.083717 0.000000
vn 0.024549 -0.096940 0.000000
vn -0.008258 -0.099658 0.000000
vn -0.040170 -0.091577 0.000000
vn -0.067728 -0.073572 0.000000
vn -0.087947 -0.047595 0.000000
vn -0.098636 -0.016459 0.000000
vn -0.098636 0.016459 0.000000
vn -0.087947 0.047595 0.000000
vn -0.067728 0.073572 0.000000
vn -0.040170 0.091577 0.000000
vn -0.008258 0.099658 0.000000
vn 0.024549 0.096940 0.000000
vn 0.054695 0.083717 0.000000
vn 0.078914 0.061421 0.000000
vn 0.094582 0.032470 0.000000
vn -0.098636 -0.016459 0.000000
vn -0.100000 0.000000 0.000000
vn -0.100000 0.000000 0.000000
vn -0.098636 -0.016459 0.000000
vn 0.000000 0.000000 0.100000
vn 0.000000 0.000000 0.100000
vn 0.000000 0.000000 0.100000
vn 0.000000 0.000000 0.100000
vn 0.000000 0.000000 0.100000
vn 0.000000 0.000000 0.100000
vn 0.000000 0.000000 0.100000
vn 0.000000 0.000000 0.100000
vn 0.000000 0.000000 0.100000
vn 0.000000 0.000000 0.100000
vn 0.000000 0.000000 0.100000
vn 0.000000 0.000000 0.100000
vn 0.000000 0.000000 0.100000
vn 0.000000 0.000000 0.100000
vn 0.000000 0.000000 0.100000
vn 0.000000 0.000000 0.100000
vn 0.000000 0.000000 0.100000
vn 0.000000 0.000000 0.100000
vn 0.000000 0.000000 0.100000
vn 0.000000 0.000000 0.100000
vn 0.000000 0.000000 0.100000
vn 0.000000 0.000000 0.100000
vn 0.000000 0.000000 0.100000
vn 0.070711 0.000000 0.070711
vn 0.066879 0.022960 0.070711
vn 0.055801 0.043431 0.070711
vn 0.038675 0.059197 0.070711
vn 0.017358 0.068547 0.070711
vn -0.005839 0.070469 0.070711
vn -0.028404 0.064755 0.070711
vn -0.047891 0.052024 0.070711
vn -0.062188 0.033655 0.070711
vn -0.069746 0.011639 0.070711
vn -0.069746 -0.011639 0.070711
vn -0.062188 -0.033655 0.070711
vn -0.047891 -0.052024 0.070711
vn -0.028404 -0.064755 0.070711
vn -0.005839 -0.070469 0.070711
vn 0.017358 -0.068547 0.070711
vn 0.038675 -0.059197 0.070711
vn 0.055801 -0.043431 0.070711
vn 0.066879 -0.022960 0.070711
vn 0.070711 0.000000 0.070711
vn 0.062611 -0.032861 0.070711
vn 0.040168 -0.058194 0.070711
vn 0.008523 -0.070195 0.070711
vn -0.025074 -0.066116 0.070711
vn -0.052928 -0.046890 0.070711
vn -0.068656 -0.016922 0.070711
vn -0.068656 0.016922 0.070711
vn -0.052928 0.046890 0.070711
vn -0.025074 0.066116 0.070711
vn 0.008523 0.070195 0.070711
vn 0.040168 0.058194 0.070711
vn 0.062611 0.032861 0.070711
vn 0.070711 0.000000 0.070711
vn 0.070711 0.000000 0.070711
vn 0.070711 0.000000 0.070711
vn -0.100000 0.000000 0.000000
vn -0.094582 -0.032470 0.000000
vn -0.078914 -0.061421 0.000000
vn -0.054695 -0.083717 0.000000
vn -0.024549 -0.096940 0.000000
vn 0.008258 -0.099658 0.000000
vn 0.040170 -0.091577 0.000000
vn 0.067728 -0.073572 0.000000
vn 0.087947 -0.047595 0.000000
vn 0.098636 -0.016459 0.000000
vn 0.098636 0.016459 0.000000
vn 0.087947 0.047595 0.000000
vn 0.067728 0.073572 0.000000
vn 0.040170 0.091577 0.000000
vn 0.008258 0.099658 0.000000
vn -0.024549 0.096940 0.000000
vn -0.054695 0.083717 0.000000
vn -0.078914 0.061421 0.000000
vn -0.094582 0.032470 0.000000
vn 0.100000 0.000000 0.000000
vn 0.094582 -0.032470 0.000000
vn 0.078914 -0.061421 0.000000
vn 0.054695 -0.083717 0.000000
vn 0.024549 -0.096940 0.000000
vn -0.008258 -0.099658 0.000000
vn -0.040170 -0.091577 0.000000
vn -0.067728 -0.073572 0.000000
vn -0.087947 -0.047595 0.000000
vn -0.098636 -0.016459 0.000000
vn -0.098636 0.016459 0.000000
vn -0.087947 0.047595 0.000000
vn -0.067728 0.073572 0.000000
vn -0.040170 0.091577 0.000000
vn -0.008258 0.099658 0.000000
vn 0.024549 0.096940 0.000000
vn 0.054695 0.083717 0.000000
vn 0.078914 0.061421 0.000000
vn 0.094582 0.032470 0.000000
vn -0.098636 -0.016459 0.000000
vn -0.100000 0.000000 0.000000
vn -0.100000 0.000000 0.000000
vn -0.098636 -0.016459 0.000000
vn 0.000000 0.000000 0.100000
vn 0.000000 0.000000 0.100000
vn 0.000000 0.000000 0.100000
vn 0.000000 0.000000 0.100000
vn 0.000000 0.000000 0.100000
vn 0.000000 0.000000 0.100000
vn 0.000000 0.000000 0.100000
vn 0.000000 0.000000 0.100000
vn 0.000000 0.000000 0.100000
vn 0.000000 0.000000 0.100000
vn 0.000000 0.000000 0.100000
vn 0.000000 0.000000 0.100000
vn 0.000000 0.000000 0.100000
vn 0.000000 0.000000 0.100000
vn 0.000000 0.000000 0.100000
vn 0.000000 0.000000 0.100000
vn 0.000000 0.000000 0.100000
vn 0.000000 0.000000 0.100000
vn 0.000000 0.000000 0.100000
vn 0.000000 0.000000 0.100000
vn 0.000000 0.000000 0.100000
vn 0.000000 0.000000 0.100000
vn 0.000000 0.000000 0.100000
vn -0.086603 -0.050000 0.000000
vn -0.086603 -0.050000 0.000000
vn -0.086603 -0.050000 0.000000
vn -0.086603 -0.050000 0.000000
vn -0.086603 0.050000 0.000000
vn -0.086603 0.050000 0.000000
vn -0.086603 0.050000 0.000000
vn -0.086603 0.050000 0.000000
vn 0.000000 0.100000 0.000000
vn 0.000000 0.100000 0.000000
vn 0.000000 0.100000 0.000000
vn 0.000000 0.100000 0.000000
vn 0.086603 0.050000 0.000000
vn 0.086603 0.050000 0.000000
vn 0.086603 0.050000 0.000000
vn 0.086603 0.050000 0.000000
vn 0.086603 -0.050000 0.000000
vn 0.086603 -0.050000 0.000000
vn 0.086603 -0.050000 0.000000
vn 0.086603 -0.050000 0.000000
vn 0.000000 -0.100000 0.000000
vn 0.000000 -0.100000 0.000000
vn 0.000000 -0.100000 0.000000
vn 0.000000 -0.100000 0.000000
vn 0.000000 0.000000 -0.100000
vn 0.000000 0.000000 -0.100000
vn 0.000000 0.000000 -0.100000
vn 0.000000 0.000000 -0.100000
vn 0.000000 0.000000 -0.100000
vn 0.000000 0.000000 -0.100000
vn 0.000000 0.000000 -0.100000
vn 0.000000 0.000000 -0.100000
vn 0.000000 0.000000 -0.100000
vn 0.000000 0.000000 -0.100000
vn 0.000000 0.000000 -0.100000
vn 0.000000 0.000000 -0.100000
vn 0.000000 0.000000 -0.100000
vn 0.000000 0.000000 -0.100000
vn 0.000000 0.000000 -0.100000
vn 0.000000 0.000000 -0.100000
vn -0.086603 -0.050000 0.000000
vn -0.086603 -0.050000 0.000000
vn -0.086603 -0.050000 0.000000
vn -0.086603 -0.050000 0.000000
vn -0.086603 0.050000 0.000000
vn -0.086603 0.050000 0.000000
vn -0.086603 0.050000 0.000000
vn -0.086603 0.050000 0.000000
vn 0.000000 0.100000 0.000000
vn 0.000000 0.100000 0.000000
vn 0.000000 0.100000 0.000000
vn 0.000000 0.100000 0.000000
vn 0.086603 0.050000 0.000000
vn 0.086603 0.050000 0.000000
vn 0.086603 0.050000 0.000000
vn 0.086603 0.050000 0.000000
vn 0.086603 -0.050000 0.000000
vn 0.086603 -0.050000 0.000000
vn 0.086603 -0.050000 0.000000
vn 0.086603 -0.050000 0.000000
vn 0.000000 -0.100000 0.000000
vn 0.000000 -0.100000 0.000000
vn 0.000000 -0.100000 0.000000
vn 0.000000 -0.100000 0.000000
vn 0.000000 0.000000 -0.100000
vn 0.000000 0.000000 -0.100000
vn 0.000000 0.000000 -0.100000
vn 0.000000 0.000000 -0.100000
vn 0.000000 0.000000 -0.100000
vn 0.000000 0.000000 -0.100000
vn 0.000000 0.000000 -0.100000
vn 0.000000 0.000000 -0.100000
vn 0.000000 0.000000 -0.100000
vn 0.000000 0.000000 -0.100000
vn 0.000000 0.000000 -0.100000
vn 0.000000 0.000000 -0.100000
vn 0.000000 0.000000 -0.100000
vn 0.000000 0.000000 -0.100000
vn 0.000000 0.000000 -0.100000
vn 0.000000 0.000000 -0.100000
vn -0.086603 -0.050000 0.000000
vn -0.086603 -0.050000 0.000000
vn -0.086603 -0.050000 0.000000
vn -0.086603 -0.050000 0.000000
vn -0.086603 0.050000 0.000000
vn -0.086603 0.050000 0.000000
vn -0.086603 0.050000 0.000000
vn -0.086603 0.050000 0.000000
vn 0.000000 0.100000 0.000000
vn 0.000000 0.100000 0.000000
vn 0.000000 0.100000 0.000000
vn 0.000000 0.100000 0.000000
vn 0.086603 0.050000 0.000000
vn 0.086603 0.050000 0.000000
vn 0.086603 0.050000 0.000000
vn 0.086603 0.050000 0.000000
vn 0.086603 -0.050000 0.000000
vn 0.086603 -0.050000 0.000000
vn 0.086603 -0.050000 0.000000
vn 0.086603 -0.050000 0.000000
vn 0.000000 -0.100000 0.000000
vn 0.000000 -0.100000 0.000000
vn 0.000000 -0.100000 0.000000
vn 0.000000 -0.100000 0.000000
vn 0.000000 0.000000 -0.100000
vn 0.000000 0.000000 -0.100000
vn 0.000000 0.000000 -0.100000
vn 0.000000 0.000000 -0.100000
vn 0.000000 0.000000 -0.100000
vn 0.000000 0.000000 -0.100000
vn 0.000000 0.000000 -0.100000
vn 0.000000 0.000000 -0.100000
vn 0.000000 0.000000 -0.100000
vn 0.000000 0.000000 -0.100000
vn 0.000000 0.000000 -0.100000
vn 0.000000 0.000000 -0.100000
vn 0.000000 0.000000 -0.100000
vn 0.000000 0.000000 -0.100000
vn 0.000000 0.000000 -0.100000
vn 0.000000 0.000000 -0.100000
vn -0.086603 -0.050000 0.000000
vn -0.086603 -0.050000 0.000000
vn -0.086603 -0.050000 0.000000
vn -0.086603 -0.050000 0.000000
vn -0.086603 0.050000 0.000000
vn -0.086603 0.050000 0.000000
vn -0.086603 0.050000 0.000000
vn -0.086603 0.050000 0.000000
vn 0.000000 0.100000 0.000000
vn 0.000000 0.100000 0.000000
vn 0.000000 0.100000 0.000000
vn 0.000000 0.100000 0.000000
vn 0.086603 0.050000 0.000000
vn 0.086603 0.050000 0.000000
vn 0.086603 0.050000 0.000000
vn 0.086603 0.050000 0.000000
vn 0.086603 -0.050000 0.000000
vn 0.086603 -0.050000 0.000000
vn 0.086603 -0.050000 0.000000
vn 0.086603 -0.050000 0.000000
vn 0.000000 -0.100000 0.000000
vn 0.000000 -0.100000 0.000000
vn 0.000000 -0.100000 0.000000
vn 0.000000 -0.100000 0.000000
vn 0.000000 0.000000 -0.100000
vn 0.000000 0.000000 -0.100000
vn 0.000000 0.000000 -0.100000
vn 0.000000 0.000000 -0.100000
vn 0.000000 0.000000 -0.100000
vn 0.000000 0.000000 -0.100000
vn 0.000000 0.000000 -0.100000
vn 0.000000 0.000000 -0.100000
vn 0.000000 0.000000 -0.100000
vn 0.000000 0.000000 -0.100000
vn 0.000000 0.000000 -0.100000
vn 0.000000 0.000000 -0.100000
vn 0.000000 0.000000 -0.100000
vn 0.000000 0.000000 -0.100000
vn 0.000000 0.000000 -0.100000
vn 0.000000 0.000000 -0.100000
vn 0.100000 0.000000 0.000000
vn 0.080902 -0.058779 0.000000
vn 0.030902 -0.095106 0.000000
vn -0.030902 -0.095106 0.000000
vn -0.080902 -0.058779 0.000000
vn -0.100000 0.000000 0.000000
vn -0.080902 0.058779 0.000000
vn -0.030902 0.095106 0.000000
vn 0.030902 0.095106 0.000000
vn 0.080902 0.058779 0.000000
vn 0.100000 0.000000 0.000000
vn 0.080902 0.058779 0.000000
vn 0.030902 0.095106 0.000000
vn -0.030902 0.095106 0.000000
vn -0.080902 0.058779 0.000000
vn -0.100000 0.000000 0.000000
vn -0.080902 -0.058779 0.000000
vn -0.030902 -0.095106 0.000000
vn 0.030902 -0.095106 0.000000
vn 0.080902 -0.058779 0.000000
vn 0.100000 0.000000 0.000000
vn 0.100000 0.000000 0.000000
vn 0.100000 0.000000 0.000000
vn 0.080902 -0.058779 0.000000
vn 0.030902 -0.095106 0.000000
vn -0.030902 -0.095106 0.000000
vn -0.080902 -0.058779 0.000000
vn -0.100000 0.000000 0.000000
vn -0.080902 0.058779 0.000000
vn -0.030902 0.095106 0.000000
vn 0.030902 0.095106 0.000000
vn 0.080902 0.058779 0.000000
vn 0.100000 0.000000 0.000000
vn 0.080902 0.058779 0.000000
vn 0.030902 0.095106 0.000000
vn -0.030902 0.095106 0.000000
vn -0.080902 0.058779 0.000000
vn -0.100000 0.000000 0.000000
vn -0.080902 -0.058779 0.000000
vn -0.030902 -0.095106 0.000000
vn 0.030902 -0.095106 0.000000
vn 0.080902 -0.058779 0.000000
vn 0.100000 0.000000 0.000000
vn 0.100000 0.000000 0.000000
vn 0.100000 0.000000 0.000000
vn 0.080902 -0.058779 0.000000
vn 0.030902 -0.095106 0.000000
vn -0.030902 -0.095106 0.000000
vn -0.080902 -0.058779 0.000000
vn -0.100000 0.000000 0.000000
vn -0.080902 0.058779 0.000000
vn -0.030902 0.095106 0.000000
vn 0.030902 0.095106 0.000000
vn 0.080902 0.058779 0.000000
vn 0.100000 0.000000 0.000000
vn 0.080902 0.058779 0.000000
vn 0.030902 0.095106 0.000000
vn -0.030902 0.095106 0.000000
vn -0.080902 0.058779 0.000000
vn -0.100000 0.000000 0.000000
vn -0.080902 -0.058779 0.000000
vn -0.030902 -0.095106 0.000000
vn 0.030902 -0.095106 0.000000
vn 0.080902 -0.058779 0.000000
vn 0.100000 0.000000 0.000000
vn 0.100000 0.000000 0.000000
vn 0.100000 0.000000 0.000000
vn 0.080902 -0.058779 0.000000
vn 0.030902 -0.095106 0.000000
vn -0.030902 -0.095106 0.000000
vn -0.080902 -0.058779 0.000000
vn -0.100000 0.000000 0.000000
vn -0.080902 0.058779 0.000000
vn -0.030902 0.095106 0.000000
vn 0.030902 0.095106 0.000000
vn 0.080902 0.058779 0.000000
vn 0.100000 0.000000 0.000000
vn 0.080902 0.058779 0.000000
vn 0.030902 0.095106 0.000000
vn -0.030902 0.095106 0.000000
vn -0.080902 0.058779 0.000000
vn -0.100000 0.000000 0.000000
vn -0.080902 -0.058779 0.000000
vn -0.030902 -0.095106 0.000000
vn 0.030902 -0.095106 0.000000
vn 0.080902 -0.058779 0.000000
vn 0.100000 0.000000 0.000000
vn 0.100000 0.000000 0.000000
vn 0.000000 0.000000 -0.100000
vn 0.000000 0.000000 -0.100000
vn 0.000000 0.000000 -0.100000
vn 0.000000 0.000000 -0.100000
vn 0.000000 0.000000 -0.100000
vn 0.000000 0.000000 -0.100000
vn 0.000000 0.000000 -0.100000
vn 0.000000 0.000000 -0.100000
vn 0.000000 0.000000 -0.100000
vn 0.000000 0.000000 -0.100000
vn 0.000000 0.000000 -0.100000
vn 0.000000 0.000000 -0.100000
vn 0.000000 0.000000 -0.100000
vn 0.000000 0.000000 -0.100000
vn 0.000000 0.000000 -0.100000
vn 0.000000 0.000000 -0.100000
vn 0.000000 0.000000 -0.100000
vn 0.000000 0.000000 -0.100000
vn 0.000000 0.000000 -0.100000
vn 0.000000 0.000000 -0.100000
vn 0.000000 0.000000 -0.100000
vn 0.000000 0.000000 -0.100000
vn 0.000000 0.000000 -0.100000
vn 0.000000 0.000000 -0.100000
vn 0.000000 0.000000 -0.100000
vn 0.000000 0.000000 -0.100000
vn 0.000000 0.000000 -0.100000
vn 0.000000 0.000000 -0.100000
vn 0.000000 0.000000 -0.100000
vn 0.000000 0.000000 -0.100000
vn 0.000000 0.000000 -0.100000
vn 0.000000 0.000000 -0.100000
vn 0.000000 0.000000 -0.100000
vn 0.000000 0.000000 -0.100000
vn 0.000000 0.000000 -0.100000
vn 0.000000 0.000000 -0.100000
vn 0.000000 0.000000 -0.100000
vn 0.000000 0.000000 -0.100000
vn 0.000000 0.000000 -0.100000
vn 0.000000 0.000000 -0.100000
vn 0.000000 0.000000 -0.100000
vn 0.000000 0.000000 -0.100000
vn 0.000000 0.000000 -0.100000
vn 0.000000 0.000000 -0.100000
vn 0.000000 0.000000 -0.100000
vn 0.000000 0.000000 -0.100000
vn 0.000000 0.000000 -0.100000
vn 0.000000 0.000000 -0.100000
vn 0.000000 0.000000 -0.100000
vn 0.000000 0.000000 -0.100000
vn 0.000000 0.000000 -0.100000
vn 0.000000 0.000000 -0.100000
usemtl 191,191,191
f 994/1/1 1012/2/2 995/9/9
f 995/9/9 1012/2/2 1016/8/8
f 1016/8/8 1012/2/2 1022/3/3
f 1016/8/8 1022/3/3 1026/7/7
f 1026/7/7 1022/3/3 1030/4/4
f 1026/7/7 1030/4/4 1037/6/6
f 1037/6/6 1030/4/4 1036/5/5
f 1030/11/11 1022/12/12 1036/10/10
f 1036/10/10 1022/12/12 1012/13/13
f 1036/10/10 1012/13/13 994/14/14
f 1000/15/15 1054/22/22 994/14/14
f 994/14/14 1054/22/22 1062/23/23
f 994/14/14 1062/23/23 1036/10/10
f 1036/10/10 1062/23/23 1078/24/24
f 1036/10/10 1078/24/24 1082/25/25
f 1013/16/16 1038/19/19 1000/15/15
f 1000/15/15 1038/19/19 1063/37/37
f 1000/15/15 1063/37/37 1054/22/22
f 1013/16/16 1023/17/17 1038/19/19
f 1038/19/19 1023/17/17 1031/18/18
f 1168/20/20 1099/34/34 1038/19/19
f 1038/19/19 1099/34/34 1083/35/35
f 1038/19/19 1083/35/35 1079/36/36
f 1167/21/21 1143/30/30 1168/20/20
f 1168/20/20 1143/30/30 1140/31/31
f 1168/20/20 1140/31/31 1124/32/32
f 1036/10/10 1098/26/26 1167/21/21
f 1167/21/21 1098/26/26 1119/27/27
f 1167/21/21 1119/27/27 1123/28/28
f 1082/25/25 1098/26/26 1036/10/10
f 1123/28/28 1139/29/29 1167/21/21
f 1167/21/21 1139/29/29 1143/30/30
f 1124/32/32 1120/33/33 1168/20/20
f 1168/20/20 1120/33/33 1099/34/34
f 1079/36/36 1063/37/37 1038/19/19
f 999/39/39 1000/45/45 998/38/38
f 998/38/38 1000/45/45 994/42/42
f 998/38/38 994/42/42 996/41/41
f 996/41/41 994/42/42 997/40/40
f 997/40/40 994/42/42 995/43/43
f 997/40/40 995/43/43 1001/44/44
f 1000/45/45 999/39/39 1001/44/44
f 1001/44/44 999/39/39 997/40/40
f 1038/46/46 1031/47/47 1039/54/54
f 1039/54/54 1031/47/47 1027/53/53
f 1027/53/53 1031/47/47 1023/48/48
f 1027/53/53 1023/48/48 1017/52/52
f 1017/52/52 1023/48/48 1013/49/49
f 1017/52/52 1013/49/49 1001/51/51
f 1001/51/51 1013/49/49 1000/50/50
f 1152/64/64 1151/55/55 1164/63/63
f 1164/63/63 1151/55/55 1163/56/56
f 1164/63/63 1163/56/56 1172/62/62
f 1172/62/62 1163/56/56 1171/57/57
f 1172/62/62 1171/57/57 1176/61/61
f 1176/61/61 1171/57/57 1175/58/58
f 1176/61/61 1175/58/58 1168/60/60
f 1168/60/60 1175/58/58 1167/59/59
f 708/66/66 786/172/172 710/65/65
f 710/65/65 786/172/172 780/154/154
f 710/65/65 780/154/154 702/80/80
f 702/80/80 780/154/154 787/155/155
f 702/80/80 787/155/155 690/79/79
f 690/79/79 787/155/155 795/156/156
f 690/79/79 795/156/156 803/157/157
f 786/172/172 708/66/66 794/171/171
f 794/171/171 708/66/66 700/67/67
f 794/171/171 700/67/67 802/170/170
f 802/170/170 700/67/67 688/68/68
f 802/170/170 688/68/68 830/169/169
f 830/169/169 688/68/68 1157/228/228
f 830/169/169 1157/228/228 886/168/168
f 886/168/168 1157/228/228 926/167/167
f 926/167/167 1157/228/228 940/166/166
f 940/166/166 1157/228/228 1151/177/177
f 940/166/166 1151/177/177 952/165/165
f 952/165/165 1151/177/177 1152/178/178
f 952/165/165 1152/178/178 960/164/164
f 960/164/164 1152/178/178 961/163/163
f 961/163/163 1152/178/178 953/162/162
f 953/162/162 1152/178/178 941/161/161
f 941/161/161 1152/178/178 1241/182/182
f 941/161/161 1241/182/182 927/160/160
f 927/160/160 1241/182/182 928/110/110
f 927/160/160 928/110/110 887/159/159
f 887/159/159 928/110/110 888/111/111
f 887/159/159 888/111/111 831/158/158
f 831/158/158 888/111/111 832/112/112
f 831/158/158 832/112/112 803/157/157
f 803/157/157 832/112/112 804/113/113
f 803/157/157 804/113/113 670/78/78
f 670/78/78 804/113/113 672/93/93
f 670/78/78 672/93/93 616/94/94
f 688/68/68 668/69/69 1157/228/228
f 1157/228/228 668/69/69 612/70/70
f 1157/228/228 612/70/70 127/227/227
f 127/227/227 612/70/70 590/71/71
f 127/227/227 590/71/71 430/130/130
f 430/130/130 590/71/71 472/129/129
f 472/129/129 590/71/71 582/72/72
f 472/129/129 582/72/72 486/128/128
f 486/128/128 582/72/72 494/127/127
f 494/127/127 582/72/72 570/73/73
f 494/127/127 570/73/73 502/126/126
f 502/126/126 570/73/73 572/74/74
f 502/126/126 572/74/74 584/75/75
f 592/76/76 495/124/124 584/75/75
f 584/75/75 495/124/124 503/125/125
f 584/75/75 503/125/125 502/126/126
f 495/124/124 592/76/76 487/123/123
f 487/123/123 592/76/76 614/77/77
f 487/123/123 614/77/77 473/122/122
f 473/122/122 614/77/77 474/148/148
f 473/122/122 474/148/148 432/149/149
f 474/148/148 614/77/77 616/94/94
f 616/94/94 614/77/77 670/78/78
f 670/78/78 690/79/79 803/157/157
f 586/96/96 574/81/81 505/144/144
f 505/144/144 574/81/81 576/82/82
f 505/144/144 576/82/82 497/143/143
f 497/143/143 576/82/82 588/83/83
f 497/143/143 588/83/83 489/142/142
f 489/142/142 588/83/83 475/141/141
f 475/141/141 588/83/83 596/84/84
f 475/141/141 596/84/84 433/140/140
f 433/140/140 596/84/84 129/198/198
f 433/140/140 129/198/198 377/139/139
f 377/139/139 129/198/198 349/138/138
f 349/138/138 129/198/198 136/207/207
f 349/138/138 136/207/207 341/137/137
f 341/137/137 136/207/207 329/136/136
f 329/136/136 136/207/207 135/208/208
f 329/136/136 135/208/208 321/135/135
f 321/135/135 135/208/208 328/153/153
f 328/153/153 135/208/208 340/152/152
f 340/152/152 135/208/208 348/151/151
f 348/151/151 135/208/208 29/212/212
f 348/151/151 29/212/212 376/150/150
f 376/150/150 29/212/212 27/213/213
f 376/150/150 27/213/213 375/120/120
f 375/120/120 27/213/213 347/119/119
f 347/119/119 27/213/213 134/217/217
f 347/119/119 134/217/217 339/118/118
f 339/118/118 134/217/217 327/117/117
f 327/117/117 134/217/217 320/116/116
f 320/116/116 134/217/217 326/134/134
f 326/134/134 134/217/217 133/218/218
f 326/134/134 133/218/218 338/133/133
f 338/133/133 133/218/218 346/132/132
f 346/132/132 133/218/218 127/227/227
f 346/132/132 127/227/227 374/131/131
f 374/131/131 127/227/227 430/130/130
f 596/84/84 618/85/85 129/198/198
f 129/198/198 618/85/85 674/86/86
f 129/198/198 674/86/86 1159/197/197
f 1159/197/197 674/86/86 694/87/87
f 1159/197/197 694/87/87 833/101/101
f 833/101/101 694/87/87 805/100/100
f 805/100/100 694/87/87 706/88/88
f 805/100/100 706/88/88 797/99/99
f 797/99/99 706/88/88 714/89/89
f 797/99/99 714/89/89 789/98/98
f 789/98/98 714/89/89 712/90/90
f 789/98/98 712/90/90 781/97/97
f 781/97/97 712/90/90 704/91/91
f 781/97/97 704/91/91 788/115/115
f 788/115/115 704/91/91 692/92/92
f 788/115/115 692/92/92 796/114/114
f 796/114/114 692/92/92 804/113/113
f 804/113/113 692/92/92 672/93/93
f 474/148/148 616/94/94 488/147/147
f 488/147/147 616/94/94 594/95/95
f 488/147/147 594/95/95 496/146/146
f 496/146/146 594/95/95 586/96/96
f 496/146/146 586/96/96 504/145/145
f 504/145/145 586/96/96 505/144/144
f 833/101/101 889/102/102 1159/197/197
f 1159/197/197 889/102/102 929/103/103
f 1159/197/197 929/103/103 943/104/104
f 1159/197/197 943/104/104 1154/188/188
f 1154/188/188 943/104/104 955/105/105
f 1154/188/188 955/105/105 1153/187/187
f 1153/187/187 955/105/105 963/106/106
f 1153/187/187 963/106/106 962/107/107
f 962/107/107 954/108/108 1153/187/187
f 1153/187/187 954/108/108 942/109/109
f 1153/187/187 942/109/109 1243/183/183
f 1243/183/183 942/109/109 928/110/110
f 1243/183/183 928/110/110 1241/182/182
f 376/150/150 375/120/120 432/149/149
f 432/149/149 375/120/120 431/121/121
f 432/149/149 431/121/121 473/122/122
f 1223/174/174 1195/176/176 1239/173/173
f 1239/173/173 1195/176/176 1151/177/177
f 1239/173/173 1151/177/177 1237/232/232
f 1237/232/232 1151/177/177 1219/231/231
f 1219/231/231 1151/177/177 1207/230/230
f 1207/230/230 1151/177/177 1183/229/229
f 1183/229/229 1151/177/177 1157/228/228
f 1223/174/174 1211/175/175 1195/176/176
f 1152/178/178 1197/179/179 1241/182/182
f 1241/182/182 1197/179/179 1225/181/181
f 1225/181/181 1197/179/179 1213/180/180
f 1153/187/187 1243/183/183 1199/186/186
f 1199/186/186 1243/183/183 1227/184/184
f 1199/186/186 1227/184/184 1215/185/185
f 1201/189/189 1245/192/192 1154/188/188
f 1154/188/188 1245/192/192 1247/193/193
f 1154/188/188 1247/193/193 1221/194/194
f 1217/190/190 1229/191/191 1201/189/189
f 1201/189/189 1229/191/191 1245/192/192
f 1221/194/194 1209/195/195 1154/188/188
f 1154/188/188 1209/195/195 1185/196/196
f 1154/188/188 1185/196/196 1159/197/197
f 129/198/198 103/199/199 136/207/207
f 136/207/207 103/199/199 67/200/200
f 136/207/207 67/200/200 51/201/201
f 51/201/201 33/202/202 136/207/207
f 136/207/207 33/202/202 31/203/203
f 136/207/207 31/203/203 91/206/206
f 91/206/206 31/203/203 48/204/204
f 91/206/206 48/204/204 60/205/205
f 135/208/208 89/209/209 29/212/212
f 29/212/212 89/209/209 47/211/211
f 47/211/211 89/209/209 59/210/210
f 134/217/217 27/213/213 87/216/216
f 87/216/216 27/213/213 46/214/214
f 87/216/216 46/214/214 58/215/215
f 85/219/219 25/222/222 133/218/218
f 133/218/218 25/222/222 23/223/223
f 133/218/218 23/223/223 49/224/224
f 57/220/220 45/221/221 85/219/219
f 85/219/219 45/221/221 25/222/222
f 49/224/224 65/225/225 133/218/218
f 133/218/218 65/225/225 101/226/226
f 133/218/218 101/226/226 127/227/227
f 1239/233/233 1240/234/234 1223/240/240
f 1223/240/240 1240/234/234 1224/235/235
f 1223/240/240 1224/235/235 1211/239/239
f 1211/239/239 1224/235/235 1212/236/236
f 1211/239/239 1212/236/236 1195/238/238
f 1195/238/238 1212/236/236 1196/237/237
f 1037/241/241 1036/242/242 1196/249/249
f 1196/249/249 1036/242/242 1167/243/243
f 1196/249/249 1167/243/243 1175/244/244
f 1196/249/249 1175/244/244 1195/248/248
f 1195/248/248 1175/244/244 1171/245/245
f 1195/248/248 1171/245/245 1163/246/246
f 1163/246/246 1151/247/247 1195/248/248
f 1197/250/250 1198/251/251 1213/257/257
f 1213/257/257 1198/251/251 1214/252/252
f 1213/257/257 1214/252/252 1225/256/256
f 1225/256/256 1214/252/252 1226/253/253
f 1225/256/256 1226/253/253 1241/255/255
f 1241/255/255 1226/253/253 1242/254/254
f 1239/259/259 1237/260/260 1240/258/258
f 1240/258/258 1237/260/260 1238/261/261
f 1240/258/258 1238/261/261 1242/269/269
f 1242/269/269 1238/261/261 1248/262/262
f 1242/269/269 1248/262/262 1244/266/266
f 1244/266/266 1248/262/262 1246/265/265
f 1246/265/265 1248/262/262 1247/263/263
f 1246/265/265 1247/263/263 1245/264/264
f 1243/267/267 1241/268/268 1244/266/266
f 1244/266/266 1241/268/268 1242/269/269
f 1042/270/270 1033/271/271 1043/278/278
f 1043/278/278 1033/271/271 1029/277/277
f 1029/277/277 1033/271/271 1025/272/272
f 1029/277/277 1025/272/272 1019/276/276
f 1019/276/276 1025/272/272 1015/273/273
f 1019/276/276 1015/273/273 1009/275/275
f 1009/275/275 1015/273/273 1008/274/274
f 1004/280/280 1002/285/285 1005/279/279
f 1005/279/279 1002/285/285 1003/286/286
f 1005/279/279 1003/286/286 1009/283/283
f 1004/280/280 1006/281/281 1002/285/285
f 1002/285/285 1006/281/281 1008/284/284
f 1008/284/284 1006/281/281 1007/282/282
f 1008/284/284 1007/282/282 1009/283/283
f 1009/283/283 1007/282/282 1005/279/279
f 1015/288/288 1042/291/291 1008/287/287
f 1008/287/287 1042/291/291 1065/314/314
f 1008/287/287 1065/314/314 1058/299/299
f 1015/288/288 1025/289/289 1042/291/291
f 1042/291/291 1025/289/289 1033/290/290
f 1170/292/292 1101/311/311 1042/291/291
f 1042/291/291 1101/311/311 1085/312/312
f 1042/291/291 1085/312/312 1081/313/313
f 1169/293/293 1147/307/307 1170/292/292
f 1170/292/292 1147/307/307 1142/308/308
f 1170/292/292 1142/308/308 1126/309/309
f 1040/294/294 1100/303/303 1169/293/293
f 1169/293/293 1100/303/303 1121/304/304
f 1169/293/293 1121/304/304 1125/305/305
f 1032/295/295 1024/296/296 1040/294/294
f 1040/294/294 1024/296/296 1014/297/297
f 1040/294/294 1014/297/297 1002/298/298
f 1008/287/287 1058/299/299 1002/298/298
f 1002/298/298 1058/299/299 1064/300/300
f 1002/298/298 1064/300/300 1040/294/294
f 1040/294/294 1064/300/300 1080/301/301
f 1040/294/294 1080/301/301 1084/302/302
f 1084/302/302 1100/303/303 1040/294/294
f 1125/305/305 1141/306/306 1169/293/293
f 1169/293/293 1141/306/306 1147/307/307
f 1126/309/309 1122/310/310 1170/292/292
f 1170/292/292 1122/310/310 1101/311/311
f 1081/313/313 1065/314/314 1042/291/291
f 1002/315/315 1014/316/316 1003/323/323
f 1003/323/323 1014/316/316 1018/322/322
f 1018/322/322 1014/316/316 1024/317/317
f 1018/322/322 1024/317/317 1028/321/321
f 1028/321/321 1024/317/317 1032/318/318
f 1028/321/321 1032/318/318 1041/320/320
f 1041/320/320 1032/318/318 1040/319/319
f 1041/324/324 1040/325/325 1200/332/332
f 1200/332/332 1040/325/325 1169/326/326
f 1200/332/332 1169/326/326 1177/327/327
f 1200/332/332 1177/327/327 1199/331/331
f 1199/331/331 1177/327/327 1173/328/328
f 1199/331/331 1173/328/328 1165/329/329
f 1165/329/329 1153/330/330 1199/331/331
f 1246/340/340 1245/333/333 1230/339/339
f 1230/339/339 1245/333/333 1229/334/334
f 1230/339/339 1229/334/334 1218/338/338
f 1218/338/338 1229/334/334 1217/335/335
f 1218/338/338 1217/335/335 1202/337/337
f 1202/337/337 1217/335/335 1201/336/336
f 1043/342/342 1202/343/343 1042/341/341
f 1042/341/341 1202/343/343 1170/349/349
f 1170/349/349 1202/343/343 1178/348/348
f 1178/348/348 1202/343/343 1201/344/344
f 1178/348/348 1201/344/344 1174/347/347
f 1174/347/347 1201/344/344 1166/346/346
f 1166/346/346 1201/344/344 1154/345/345
f 1169/359/359 1170/350/350 1177/358/358
f 1177/358/358 1170/350/350 1178/351/351
f 1177/358/358 1178/351/351 1173/357/357
f 1173/357/357 1178/351/351 1174/352/352
f 1173/357/357 1174/352/352 1165/356/356
f 1165/356/356 1174/352/352 1166/353/353
f 1165/356/356 1166/353/353 1153/355/355
f 1153/355/355 1166/353/353 1154/354/354
f 1243/360/360 1244/361/361 1227/367/367
f 1227/367/367 1244/361/361 1228/362/362
f 1227/367/367 1228/362/362 1215/366/366
f 1215/366/366 1228/362/362 1216/363/363
f 1215/366/366 1216/363/363 1199/365/365
f 1199/365/365 1216/363/363 1200/364/364
f 290/368/368 275/369/369 291/376/376
f 291/376/376 275/369/369 271/375/375
f 271/375/375 275/369/369 265/370/370
f 271/375/375 265/370/370 261/374/374
f 261/374/374 265/370/370 257/371/371
f 261/374/374 257/371/371 247/373/373
f 247/373/373 257/371/371 246/372/372
f 257/378/378 265/379/379 246/377/377
f 246/377/377 265/379/379 275/380/380
f 246/377/377 275/380/380 290/381/381
f 284/382/382 230/397/397 290/381/381
f 290/381/381 230/397/397 225/398/398
f 290/381/381 225/398/398 246/377/377
f 246/377/377 225/398/398 209/399/399
f 246/377/377 209/399/399 205/400/400
f 274/383/383 244/386/386 284/382/382
f 284/382/382 244/386/386 224/396/396
f 284/382/382 224/396/396 230/397/397
f 274/383/383 264/384/384 244/386/386
f 244/386/386 264/384/384 256/385/385
f 119/387/387 183/393/393 244/386/386
f 244/386/386 183/393/393 204/394/394
f 244/386/386 204/394/394 208/395/395
f 120/388/388 141/389/389 119/387/387
f 119/387/387 141/389/389 147/390/390
f 119/387/387 147/390/390 163/391/391
f 246/377/377 184/401/401 120/388/388
f 120/388/388 184/401/401 168/402/402
f 120/388/388 168/402/402 164/403/403
f 163/391/391 167/392/392 119/387/387
f 119/387/387 167/392/392 183/393/393
f 208/395/395 224/396/396 244/386/386
f 205/400/400 184/401/401 246/377/377
f 164/403/403 148/404/404 120/388/388
f 120/388/388 148/404/404 141/389/389
f 288/406/406 290/409/409 289/405/405
f 289/405/405 290/409/409 291/410/410
f 289/405/405 291/410/410 285/411/411
f 288/406/406 286/407/407 290/409/409
f 290/409/409 286/407/407 284/412/412
f 284/412/412 286/407/407 287/408/408
f 284/412/412 287/408/408 285/411/411
f 285/411/411 287/408/408 289/405/405
f 244/413/413 256/414/414 245/421/421
f 245/421/421 256/414/414 260/420/420
f 260/420/420 256/414/414 264/415/415
f 260/420/420 264/415/415 270/419/419
f 270/419/419 264/415/415 274/416/416
f 270/419/419 274/416/416 285/418/418
f 285/418/418 274/416/416 284/417/417
f 240/422/422 254/423/423 241/430/430
f 241/430/430 254/423/423 258/429/429
f 258/429/429 254/423/423 262/424/424
f 258/429/429 262/424/424 268/428/428
f 268/428/428 262/424/424 272/425/425
f 268/428/428 272/425/425 277/427/427
f 277/427/427 272/425/425 276/426/426
f 280/432/432 282/437/437 281/431/431
f 281/431/431 282/437/437 283/438/438
f 281/431/431 283/438/438 277/435/435
f 280/432/432 278/433/433 282/437/437
f 282/437/437 278/433/433 276/436/436
f 276/436/436 278/433/433 279/434/434
f 276/436/436 279/434/434 277/435/435
f 277/435/435 279/434/434 281/431/431
f 272/440/440 240/443/443 276/439/439
f 276/439/439 240/443/443 222/458/458
f 276/439/439 222/458/458 226/459/459
f 272/440/440 262/441/441 240/443/443
f 240/443/443 262/441/441 254/442/442
f 117/444/444 181/455/455 240/443/443
f 240/443/443 181/455/455 202/456/456
f 240/443/443 202/456/456 206/457/457
f 118/445/445 137/451/451 117/444/444
f 117/444/444 137/451/451 145/452/452
f 117/444/444 145/452/452 161/453/453
f 242/446/446 182/463/463 118/445/445
f 118/445/445 182/463/463 166/464/464
f 118/445/445 166/464/464 162/465/465
f 255/447/447 263/448/448 242/446/446
f 242/446/446 263/448/448 273/449/449
f 242/446/446 273/449/449 282/450/450
f 276/439/439 226/459/459 282/450/450
f 282/450/450 226/459/459 223/460/460
f 282/450/450 223/460/460 242/446/446
f 242/446/446 223/460/460 207/461/461
f 242/446/446 207/461/461 203/462/462
f 161/453/453 165/454/454 117/444/444
f 117/444/444 165/454/454 181/455/455
f 206/457/457 222/458/458 240/443/443
f 203/462/462 182/463/463 242/446/446
f 162/465/465 146/466/466 118/445/445
f 118/445/445 146/466/466 137/451/451
f 282/467/467 273/468/468 283/475/475
f 283/475/475 273/468/468 269/474/474
f 269/474/474 273/468/468 263/469/469
f 269/474/474 263/469/469 259/473/473
f 259/473/473 263/469/469 255/470/470
f 259/473/473 255/470/470 243/472/472
f 243/472/472 255/470/470 242/471/471
f 243/476/476 242/477/477 88/484/484
f 88/484/484 242/477/477 118/478/478
f 88/484/484 118/478/478 110/479/479
f 88/484/484 110/479/479 87/483/483
f 87/483/483 110/479/479 114/480/480
f 87/483/483 114/480/480 122/481/481
f 122/481/481 134/482/482 87/483/483
f 28/494/494 26/485/485 38/493/493
f 38/493/493 26/485/485 37/486/486
f 38/493/493 37/486/486 54/492/492
f 54/492/492 37/486/486 53/487/487
f 54/492/492 53/487/487 61/488/488
f 73/489/489 74/490/490 61/488/488
f 61/488/488 74/490/490 62/491/491
f 61/488/488 62/491/491 54/492/492
f 27/496/496 29/497/497 28/495/495
f 28/495/495 29/497/497 30/498/498
f 26/500/500 24/501/501 25/499/499
f 25/499/499 24/501/501 23/502/502
f 118/512/512 117/503/503 110/511/511
f 110/511/511 117/503/503 109/504/504
f 110/511/511 109/504/504 114/510/510
f 114/510/510 109/504/504 113/505/505
f 114/510/510 113/505/505 122/509/509
f 122/509/509 113/505/505 121/506/506
f 122/509/509 121/506/506 134/508/508
f 134/508/508 121/506/506 133/507/507
f 86/514/514 81/515/515 85/513/513
f 85/513/513 81/515/515 77/516/516
f 85/513/513 77/516/516 73/517/517
f 85/513/513 73/517/517 57/524/524
f 57/524/524 73/517/517 61/518/518
f 57/524/524 61/518/518 53/519/519
f 57/524/524 53/519/519 45/523/523
f 45/523/523 53/519/519 37/520/520
f 45/523/523 37/520/520 25/522/522
f 25/522/522 37/520/520 26/521/521
f 28/526/526 38/527/527 27/525/525
f 27/525/525 38/527/527 46/536/536
f 46/536/536 38/527/527 54/528/528
f 46/536/536 54/528/528 58/535/535
f 58/535/535 54/528/528 62/529/529
f 58/535/535 62/529/529 74/530/530
f 58/535/535 74/530/530 87/534/534
f 87/534/534 74/530/530 78/531/531
f 87/534/534 78/531/531 82/532/532
f 82/532/532 88/533/533 87/534/534
f 32/546/546 30/537/537 40/545/545
f 40/545/545 30/537/537 39/538/538
f 40/545/545 39/538/538 56/544/544
f 56/544/544 39/538/538 55/539/539
f 56/544/544 55/539/539 63/540/540
f 75/541/541 76/542/542 63/540/540
f 63/540/540 76/542/542 64/543/543
f 63/540/540 64/543/543 56/544/544
f 31/548/548 33/549/549 32/547/547
f 32/547/547 33/549/549 34/550/550
f 60/552/552 76/559/559 91/551/551
f 91/551/551 76/559/559 80/560/560
f 91/551/551 80/560/560 84/561/561
f 48/553/553 56/557/557 60/552/552
f 60/552/552 56/557/557 64/558/558
f 60/552/552 64/558/558 76/559/559
f 56/557/557 48/553/553 40/556/556
f 40/556/556 48/553/553 31/554/554
f 40/556/556 31/554/554 32/555/555
f 84/561/561 92/562/562 91/551/551
f 30/574/574 29/563/563 39/573/573
f 39/573/573 29/563/563 47/564/564
f 39/573/573 47/564/564 55/572/572
f 55/572/572 47/564/564 59/565/565
f 55/572/572 59/565/565 63/571/571
f 63/571/571 59/565/565 75/570/570
f 75/570/570 59/565/565 89/566/566
f 75/570/570 89/566/566 79/569/569
f 79/569/569 89/566/566 83/568/568
f 83/568/568 89/566/566 90/567/567
f 120/584/584 119/575/575 112/583/583
f 112/583/583 119/575/575 111/576/576
f 112/583/583 111/576/576 116/582/582
f 116/582/582 111/576/576 115/577/577
f 116/582/582 115/577/577 124/581/581
f 124/581/581 115/577/577 123/578/578
f 124/581/581 123/578/578 136/580/580
f 136/580/580 123/578/578 135/579/579
f 1072/586/586 1064/610/610 1059/585/585
f 1059/585/585 1064/610/610 1058/611/611
f 1059/612/612 1058/595/595 1065/596/596
f 1064/610/610 1072/586/586 1080/609/609
f 1080/609/609 1072/586/586 1092/587/587
f 1080/609/609 1092/587/587 1084/608/608
f 1084/608/608 1092/587/587 1100/607/607
f 1100/607/607 1092/587/587 1113/588/588
f 1100/607/607 1113/588/588 1121/606/606
f 1121/606/606 1113/588/588 1125/605/605
f 1125/605/605 1113/588/588 1133/589/589
f 1125/605/605 1133/589/589 1141/604/604
f 1141/604/604 1133/589/589 1148/590/590
f 1141/604/604 1148/590/590 1147/603/603
f 1147/603/603 1148/590/590 1142/602/602
f 1142/602/602 1148/590/590 1136/591/591
f 1142/602/602 1136/591/591 1126/601/601
f 1126/601/601 1136/591/591 1122/600/600
f 1122/600/600 1136/591/591 1116/592/592
f 1122/600/600 1116/592/592 1101/599/599
f 1101/599/599 1116/592/592 1095/593/593
f 1101/599/599 1095/593/593 1085/598/598
f 1085/598/598 1095/593/593 1081/597/597
f 1081/597/597 1095/593/593 1075/594/594
f 1081/597/597 1075/594/594 1065/596/596
f 1065/596/596 1075/594/594 1059/613/613
f 1076/615/615 1077/628/628 1060/614/614
f 1060/614/614 1077/628/628 1061/634/634
f 1060/635/635 1061/629/629 1073/623/623
f 1073/623/623 1061/629/629 1074/630/630
f 1073/623/623 1074/630/630 1093/622/622
f 1093/622/622 1074/630/630 1094/631/631
f 1093/622/622 1094/631/631 1114/621/621
f 1114/621/621 1094/631/631 1115/632/632
f 1114/621/621 1115/632/632 1134/620/620
f 1134/620/620 1115/632/632 1135/633/633
f 1134/620/620 1135/633/633 1149/619/619
f 1149/619/619 1135/633/633 1150/624/624
f 1149/619/619 1150/624/624 1137/618/618
f 1137/618/618 1150/624/624 1138/625/625
f 1137/618/618 1138/625/625 1117/617/617
f 1117/617/617 1138/625/625 1118/626/626
f 1117/617/617 1118/626/626 1096/616/616
f 1096/616/616 1118/626/626 1097/627/627
f 1096/616/616 1097/627/627 1076/615/615
f 1076/615/615 1097/627/627 1077/628/628
f 1132/637/637 1131/650/650 1146/636/636
f 1146/636/636 1131/650/650 1145/651/651
f 1146/636/636 1145/651/651 1129/645/645
f 1129/645/645 1145/651/651 1128/652/652
f 1129/645/645 1128/652/652 1109/644/644
f 1109/644/644 1128/652/652 1108/653/653
f 1109/644/644 1108/653/653 1088/643/643
f 1088/643/643 1108/653/653 1087/654/654
f 1088/643/643 1087/654/654 1068/642/642
f 1068/642/642 1087/654/654 1067/655/655
f 1068/642/642 1067/655/655 1057/641/641
f 1057/641/641 1067/655/655 1056/656/656
f 1057/657/657 1056/646/646 1071/640/640
f 1071/640/640 1056/646/646 1070/647/647
f 1071/640/640 1070/647/647 1091/639/639
f 1091/639/639 1070/647/647 1090/648/648
f 1091/639/639 1090/648/648 1112/638/638
f 1112/638/638 1090/648/648 1111/649/649
f 1112/638/638 1111/649/649 1132/637/637
f 1132/637/637 1111/649/649 1131/650/650
f 1062/673/673 1054/684/684 1055/674/674
f 1055/685/685 1054/658/658 1063/659/659
f 1055/686/686 1063/659/659 1069/683/683
f 1069/683/683 1063/659/659 1079/660/660
f 1069/683/683 1079/660/660 1089/682/682
f 1089/682/682 1079/660/660 1083/661/661
f 1089/682/682 1083/661/661 1099/662/662
f 1089/682/682 1099/662/662 1110/681/681
f 1110/681/681 1099/662/662 1120/663/663
f 1110/681/681 1120/663/663 1130/680/680
f 1130/680/680 1120/663/663 1124/664/664
f 1130/680/680 1124/664/664 1140/665/665
f 1130/680/680 1140/665/665 1144/679/679
f 1144/679/679 1140/665/665 1143/666/666
f 1144/679/679 1143/666/666 1139/667/667
f 1144/679/679 1139/667/667 1127/678/678
f 1127/678/678 1139/667/667 1123/668/668
f 1127/678/678 1123/668/668 1107/677/677
f 1107/677/677 1123/668/668 1119/669/669
f 1107/677/677 1119/669/669 1098/670/670
f 1107/677/677 1098/670/670 1086/676/676
f 1086/676/676 1098/670/670 1082/671/671
f 1086/676/676 1082/671/671 1078/672/672
f 1086/676/676 1078/672/672 1066/675/675
f 1066/675/675 1078/672/672 1062/673/673
f 1066/675/675 1062/673/673 1055/674/674
f 149/688/688 145/712/712 138/687/687
f 138/687/687 145/712/712 137/713/713
f 138/714/714 137/697/697 146/698/698
f 169/689/689 165/710/710 149/688/688
f 149/688/688 165/710/710 161/711/711
f 149/688/688 161/711/711 145/712/712
f 165/710/710 169/689/689 181/709/709
f 181/709/709 169/689/689 190/690/690
f 181/709/709 190/690/690 202/708/708
f 202/708/708 190/690/690 206/707/707
f 206/707/707 190/690/690 210/691/691
f 206/707/707 210/691/691 222/706/706
f 222/706/706 210/691/691 227/692/692
f 222/706/706 227/692/692 226/705/705
f 226/705/705 227/692/692 223/704/704
f 223/704/704 227/692/692 213/693/693
f 223/704/704 213/693/693 207/703/703
f 207/703/703 213/693/693 193/694/694
f 207/703/703 193/694/694 203/702/702
f 203/702/702 193/694/694 182/701/701
f 182/701/701 193/694/694 172/695/695
f 182/701/701 172/695/695 166/700/700
f 166/700/700 172/695/695 162/699/699
f 162/699/699 172/695/695 152/696/696
f 162/699/699 152/696/696 146/698/698
f 146/698/698 152/696/696 138/715/715
f 153/717/717 154/730/730 139/716/716
f 139/716/716 154/730/730 140/736/736
f 139/737/737 140/731/731 150/725/725
f 150/725/725 140/731/731 151/732/732
f 150/725/725 151/732/732 170/724/724
f 170/724/724 151/732/732 171/733/733
f 170/724/724 171/733/733 191/723/723
f 191/723/723 171/733/733 192/734/734
f 191/723/723 192/734/734 211/722/722
f 211/722/722 192/734/734 212/735/735
f 211/722/722 212/735/735 228/721/721
f 228/721/721 212/735/735 229/726/726
f 228/721/721 229/726/726 214/720/720
f 214/720/720 229/726/726 215/727/727
f 214/720/720 215/727/727 194/719/719
f 194/719/719 215/727/727 195/728/728
f 194/719/719 195/728/728 173/718/718
f 173/718/718 195/728/728 174/729/729
f 173/718/718 174/729/729 153/717/717
f 153/717/717 174/729/729 154/730/730
f 155/739/739 147/763/763 142/738/738
f 142/738/738 147/763/763 141/764/764
f 142/765/765 141/748/748 148/749/749
f 175/740/740 167/761/761 155/739/739
f 155/739/739 167/761/761 163/762/762
f 155/739/739 163/762/762 147/763/763
f 167/761/761 175/740/740 183/760/760
f 183/760/760 175/740/740 196/741/741
f 183/760/760 196/741/741 204/759/759
f 204/759/759 196/741/741 208/758/758
f 208/758/758 196/741/741 216/742/742
f 208/758/758 216/742/742 224/757/757
f 224/757/757 216/742/742 231/743/743
f 224/757/757 231/743/743 230/756/756
f 230/756/756 231/743/743 225/755/755
f 225/755/755 231/743/743 219/744/744
f 225/755/755 219/744/744 209/754/754
f 209/754/754 219/744/744 199/745/745
f 209/754/754 199/745/745 205/753/753
f 205/753/753 199/745/745 184/752/752
f 184/752/752 199/745/745 178/746/746
f 184/752/752 178/746/746 168/751/751
f 168/751/751 178/746/746 164/750/750
f 164/750/750 178/746/746 158/747/747
f 164/750/750 158/747/747 148/749/749
f 148/749/749 158/747/747 142/766/766
f 159/768/768 160/781/781 143/767/767
f 143/767/767 160/781/781 144/787/787
f 143/788/788 144/782/782 156/776/776
f 156/776/776 144/782/782 157/783/783
f 156/776/776 157/783/783 176/775/775
f 176/775/775 157/783/783 177/784/784
f 176/775/775 177/784/784 197/774/774
f 197/774/774 177/784/784 198/785/785
f 197/774/774 198/785/785 217/773/773
f 217/773/773 198/785/785 218/786/786
f 217/773/773 218/786/786 232/772/772
f 232/772/772 218/786/786 233/777/777
f 232/772/772 233/777/777 220/771/771
f 220/771/771 233/777/777 221/778/778
f 220/771/771 221/778/778 200/770/770
f 200/770/770 221/778/778 201/779/779
f 200/770/770 201/779/779 179/769/769
f 179/769/769 201/779/779 180/780/780
f 179/769/769 180/780/780 159/768/768
f 159/768/768 180/780/780 160/781/781
f 999/789/789 998/790/790 1190/792/792
f 1190/792/792 998/790/790 1189/791/791
f 1069/794/794 998/803/803 1055/793/793
f 1055/793/793 998/803/803 996/804/804
f 1055/793/793 996/804/804 1066/802/802
f 1066/802/802 996/804/804 1086/801/801
f 1086/801/801 996/804/804 1187/805/805
f 1086/801/801 1187/805/805 1107/800/800
f 1107/800/800 1187/805/805 1127/799/799
f 1127/799/799 1187/805/805 1144/798/798
f 1144/798/798 1187/805/805 1189/806/806
f 1144/798/798 1189/806/806 1130/797/797
f 1130/797/797 1189/806/806 1110/796/796
f 1110/796/796 1189/806/806 1089/795/795
f 1089/795/795 1189/806/806 998/803/803
f 1089/795/795 998/803/803 1069/794/794
f 996/807/807 997/808/808 1187/810/810
f 1187/810/810 997/808/808 1188/809/809
f 1067/812/812 997/821/821 1056/811/811
f 1056/811/811 997/821/821 999/822/822
f 1056/811/811 999/822/822 1070/820/820
f 1070/820/820 999/822/822 1090/819/819
f 1090/819/819 999/822/822 1190/823/823
f 1090/819/819 1190/823/823 1111/818/818
f 1111/818/818 1190/823/823 1131/817/817
f 1131/817/817 1190/823/823 1145/816/816
f 1145/816/816 1190/823/823 1188/824/824
f 1145/816/816 1188/824/824 1128/815/815
f 1128/815/815 1188/824/824 1108/814/814
f 1108/814/814 1188/824/824 1087/813/813
f 1087/813/813 1188/824/824 997/821/821
f 1087/813/813 997/821/821 1067/812/812
f 1190/826/826 1189/827/827 1188/825/825
f 1188/825/825 1189/827/827 1187/828/828
f 1004/829/829 1005/830/830 1191/832/832
f 1191/832/832 1005/830/830 1192/831/831
f 1073/834/834 1005/843/843 1060/833/833
f 1060/833/833 1005/843/843 1007/844/844
f 1060/833/833 1007/844/844 1076/842/842
f 1076/842/842 1007/844/844 1096/841/841
f 1096/841/841 1007/844/844 1194/845/845
f 1096/841/841 1194/845/845 1117/840/840
f 1117/840/840 1194/845/845 1137/839/839
f 1137/839/839 1194/845/845 1149/838/838
f 1149/838/838 1194/845/845 1192/846/846
f 1149/838/838 1192/846/846 1134/837/837
f 1134/837/837 1192/846/846 1114/836/836
f 1114/836/836 1192/846/846 1093/835/835
f 1093/835/835 1192/846/846 1005/843/843
f 1093/835/835 1005/843/843 1073/834/834
f 1007/847/847 1006/848/848 1194/850/850
f 1194/850/850 1006/848/848 1193/849/849
f 1075/852/852 1006/861/861 1059/851/851
f 1059/851/851 1006/861/861 1004/862/862
f 1059/851/851 1004/862/862 1072/860/860
f 1072/860/860 1004/862/862 1092/859/859
f 1092/859/859 1004/862/862 1191/863/863
f 1092/859/859 1191/863/863 1113/858/858
f 1113/858/858 1191/863/863 1133/857/857
f 1133/857/857 1191/863/863 1148/856/856
f 1148/856/856 1191/863/863 1193/864/864
f 1148/856/856 1193/864/864 1136/855/855
f 1136/855/855 1193/864/864 1116/854/854
f 1116/854/854 1193/864/864 1095/853/853
f 1095/853/853 1193/864/864 1006/861/861
f 1095/853/853 1006/861/861 1075/852/852
f 1191/866/866 1192/867/867 1193/865/865
f 1193/865/865 1192/867/867 1194/868/868
f 288/869/869 289/870/870 99/872/872
f 99/872/872 289/870/870 100/871/871
f 156/874/874 98/885/885 143/873/873
f 143/873/873 98/885/885 100/886/886
f 143/873/873 100/886/886 159/882/882
f 159/882/882 100/886/886 179/881/881
f 179/881/881 100/886/886 200/880/880
f 200/880/880 100/886/886 289/883/883
f 200/880/880 289/883/883 220/879/879
f 220/879/879 289/883/883 232/878/878
f 232/878/878 289/883/883 287/884/884
f 232/878/878 287/884/884 217/877/877
f 217/877/877 287/884/884 197/876/876
f 197/876/876 287/884/884 98/885/885
f 197/876/876 98/885/885 176/875/875
f 176/875/875 98/885/885 156/874/874
f 287/887/887 286/888/888 98/890/890
f 98/890/890 286/888/888 97/889/889
f 158/892/892 99/903/903 142/891/891
f 142/891/891 99/903/903 97/904/904
f 142/891/891 97/904/904 155/900/900
f 155/900/900 97/904/904 175/899/899
f 175/899/899 97/904/904 196/898/898
f 196/898/898 97/904/904 286/901/901
f 196/898/898 286/901/901 216/897/897
f 216/897/897 286/901/901 231/896/896
f 231/896/896 286/901/901 288/902/902
f 231/896/896 288/902/902 219/895/895
f 219/895/895 288/902/902 199/894/894
f 199/894/894 288/902/902 99/903/903
f 199/894/894 99/903/903 178/893/893
f 178/893/893 99/903/903 158/892/892
f 99/906/906 100/907/907 97/905/905
f 97/905/905 100/907/907 98/908/908
f 280/909/909 281/910/910 95/912/912
f 95/912/912 281/910/910 96/911/911
f 150/914/914 94/925/925 139/913/913
f 139/913/913 94/925/925 96/926/926
f 139/913/913 96/926/926 153/922/922
f 153/922/922 96/926/926 173/921/921
f 173/921/921 96/926/926 194/920/920
f 194/920/920 96/926/926 281/923/923
f 194/920/920 281/923/923 214/919/919
f 214/919/919 281/923/923 228/918/918
f 228/918/918 281/923/923 279/924/924
f 228/918/918 279/924/924 211/917/917
f 211/917/917 279/924/924 191/916/916
f 191/916/916 279/924/924 94/925/925
f 191/916/916 94/925/925 170/915/915
f 170/915/915 94/925/925 150/914/914
f 279/927/927 278/928/928 94/930/930
f 94/930/930 278/928/928 93/929/929
f 152/932/932 95/943/943 138/931/931
f 138/931/931 95/943/943 93/944/944
f 138/931/931 93/944/944 149/940/940
f 149/940/940 93/944/944 169/939/939
f 169/939/939 93/944/944 190/938/938
f 190/938/938 93/944/944 278/941/941
f 190/938/938 278/941/941 210/937/937
f 210/937/937 278/941/941 227/936/936
f 227/936/936 278/941/941 280/942/942
f 227/936/936 280/942/942 213/935/935
f 213/935/935 280/942/942 193/934/934
f 193/934/934 280/942/942 95/943/943
f 193/934/934 95/943/943 172/933/933
f 172/933/933 95/943/943 152/932/932
f 95/946/946 96/947/947 93/945/945
f 93/945/945 96/947/947 94/948/948
f 1029/950/950 1019/951/951 1043/949/949
f 1043/949/949 1019/951/951 1009/952/952
f 1043/949/949 1009/952/952 1077/971/971
f 1077/971/971 1009/952/952 1061/970/970
f 1061/970/970 1009/952/952 1003/953/953
f 1061/970/970 1003/953/953 1074/969/969
f 1074/969/969 1003/953/953 1041/956/956
f 1074/969/969 1041/956/956 1094/968/968
f 1094/968/968 1041/956/956 1115/967/967
f 1115/967/967 1041/956/956 1200/957/957
f 1115/967/967 1200/957/957 1135/966/966
f 1135/966/966 1200/957/957 1150/965/965
f 1150/965/965 1200/957/957 1202/964/964
f 1150/965/965 1202/964/964 1138/974/974
f 1138/974/974 1202/964/964 1118/973/973
f 1118/973/973 1202/964/964 1043/949/949
f 1118/973/973 1043/949/949 1097/972/972
f 1097/972/972 1043/949/949 1077/971/971
f 1003/953/953 1018/954/954 1041/956/956
f 1041/956/956 1018/954/954 1028/955/955
f 1200/957/957 1216/958/958 1202/964/964
f 1202/964/964 1216/958/958 1218/963/963
f 1218/963/963 1216/958/958 1228/959/959
f 1218/963/963 1228/959/959 1230/962/962
f 1230/962/962 1228/959/959 1244/960/960
f 1230/962/962 1244/960/960 1246/961/961
f 241/976/976 86/977/977 240/975/975
f 240/975/975 86/977/977 117/983/983
f 117/983/983 86/977/977 109/982/982
f 109/982/982 86/977/977 85/978/978
f 109/982/982 85/978/978 113/981/981
f 113/981/981 85/978/978 121/980/980
f 121/980/980 85/978/978 133/979/979
f 258/985/985 268/986/986 241/984/984
f 241/984/984 268/986/986 277/987/987
f 241/984/984 277/987/987 212/1001/1001
f 212/1001/1001 277/987/987 229/1000/1000
f 229/1000/1000 277/987/987 283/988/988
f 229/1000/1000 283/988/988 215/1009/1009
f 215/1009/1009 283/988/988 243/991/991
f 215/1009/1009 243/991/991 195/1008/1008
f 195/1008/1008 243/991/991 174/1007/1007
f 174/1007/1007 243/991/991 88/992/992
f 174/1007/1007 88/992/992 154/1006/1006
f 154/1006/1006 88/992/992 140/1005/1005
f 140/1005/1005 88/992/992 82/993/993
f 140/1005/1005 82/993/993 78/994/994
f 283/988/988 269/989/989 243/991/991
f 243/991/991 269/989/989 259/990/990
f 78/994/994 74/995/995 140/1005/1005
f 140/1005/1005 74/995/995 73/996/996
f 140/1005/1005 73/996/996 77/997/997
f 77/997/997 81/998/998 140/1005/1005
f 140/1005/1005 81/998/998 86/999/999
f 140/1005/1005 86/999/999 151/1004/1004
f 151/1004/1004 86/999/999 171/1003/1003
f 171/1003/1003 86/999/999 241/984/984
f 171/1003/1003 241/984/984 192/1002/1002
f 192/1002/1002 241/984/984 212/1001/1001
f 1039/1011/1011 1198/1012/1012 1038/1010/1010
f 1038/1010/1010 1198/1012/1012 1168/1018/1018
f 1168/1018/1018 1198/1012/1012 1176/1017/1017
f 1176/1017/1017 1198/1012/1012 1197/1013/1013
f 1176/1017/1017 1197/1013/1013 1172/1016/1016
f 1172/1016/1016 1197/1013/1013 1164/1015/1015
f 1164/1015/1015 1197/1013/1013 1152/1014/1014
f 1016/1020/1020 1037/1022/1022 995/1019/1019
f 995/1019/1019 1037/1022/1022 1068/1039/1039
f 995/1019/1019 1068/1039/1039 1057/1040/1040
f 1016/1020/1020 1026/1021/1021 1037/1022/1022
f 1196/1023/1023 1109/1037/1037 1037/1022/1022
f 1037/1022/1022 1109/1037/1037 1088/1038/1038
f 1037/1022/1022 1088/1038/1038 1068/1039/1039
f 1212/1024/1024 1198/1030/1030 1196/1023/1023
f 1196/1023/1023 1198/1030/1030 1146/1035/1035
f 1196/1023/1023 1146/1035/1035 1129/1036/1036
f 1198/1030/1030 1212/1024/1024 1214/1029/1029
f 1214/1029/1029 1212/1024/1024 1224/1025/1025
f 1214/1029/1029 1224/1025/1025 1226/1028/1028
f 1226/1028/1028 1224/1025/1025 1240/1026/1026
f 1226/1028/1028 1240/1026/1026 1242/1027/1027
f 1039/1031/1031 1112/1043/1043 1198/1030/1030
f 1198/1030/1030 1112/1043/1043 1132/1044/1044
f 1198/1030/1030 1132/1044/1044 1146/1035/1035
f 1027/1032/1032 1017/1033/1033 1039/1031/1031
f 1039/1031/1031 1017/1033/1033 1001/1034/1034
f 1039/1031/1031 1001/1034/1034 1071/1041/1041
f 1071/1041/1041 1001/1034/1034 1057/1040/1040
f 1057/1040/1040 1001/1034/1034 995/1019/1019
f 1129/1036/1036 1109/1037/1037 1196/1023/1023
f 1071/1041/1041 1091/1042/1042 1039/1031/1031
f 1039/1031/1031 1091/1042/1042 1112/1043/1043
f 245/1046/1046 90/1047/1047 244/1045/1045
f 244/1045/1045 90/1047/1047 119/1053/1053
f 119/1053/1053 90/1047/1047 111/1052/1052
f 111/1052/1052 90/1047/1047 89/1048/1048
f 111/1052/1052 89/1048/1048 115/1051/1051
f 115/1051/1051 89/1048/1048 123/1050/1050
f 123/1050/1050 89/1048/1048 135/1049/1049
f 247/1054/1054 246/1055/1055 92/1062/1062
f 92/1062/1062 246/1055/1055 120/1056/1056
f 92/1062/1062 120/1056/1056 112/1057/1057
f 92/1062/1062 112/1057/1057 91/1061/1061
f 91/1061/1061 112/1057/1057 116/1058/1058
f 91/1061/1061 116/1058/1058 124/1059/1059
f 124/1059/1059 136/1060/1060 91/1061/1061
f 271/1064/1064 247/1066/1066 291/1063/1063
f 291/1063/1063 247/1066/1066 221/1088/1088
f 291/1063/1063 221/1088/1088 233/1079/1079
f 271/1064/1064 261/1065/1065 247/1066/1066
f 92/1067/1067 180/1086/1086 247/1066/1066
f 247/1066/1066 180/1086/1086 201/1087/1087
f 247/1066/1066 201/1087/1087 221/1088/1088
f 84/1068/1068 144/1084/1084 92/1067/1067
f 92/1067/1067 144/1084/1084 160/1085/1085
f 92/1067/1067 160/1085/1085 180/1086/1086
f 84/1068/1068 80/1069/1069 144/1084/1084
f 144/1084/1084 80/1069/1069 76/1070/1070
f 144/1084/1084 76/1070/1070 75/1071/1071
f 75/1071/1071 79/1072/1072 144/1084/1084
f 144/1084/1084 79/1072/1072 83/1073/1073
f 144/1084/1084 83/1073/1073 90/1074/1074
f 245/1075/1075 177/1082/1082 90/1074/1074
f 90/1074/1074 177/1082/1082 157/1083/1083
f 90/1074/1074 157/1083/1083 144/1084/1084
f 260/1076/1076 270/1077/1077 245/1075/1075
f 245/1075/1075 270/1077/1077 285/1078/1078
f 245/1075/1075 285/1078/1078 218/1080/1080
f 218/1080/1080 285/1078/1078 233/1079/1079
f 233/1079/1079 285/1078/1078 291/1063/1063
f 218/1080/1080 198/1081/1081 245/1075/1075
f 245/1075/1075 198/1081/1081 177/1082/1082
f 630/1090/1090 631/1108/1108 622/1089/1089
f 622/1089/1089 631/1108/1108 623/1109/1109
f 622/1110/1110 623/1099/1099 628/1098/1098
f 628/1098/1098 623/1099/1099 629/1100/1100
f 628/1098/1098 629/1100/1100 636/1097/1097
f 636/1097/1097 629/1100/1100 637/1101/1101
f 636/1097/1097 637/1101/1101 652/1096/1096
f 652/1096/1096 637/1101/1101 653/1102/1102
f 652/1096/1096 653/1102/1102 660/1095/1095
f 660/1095/1095 653/1102/1102 661/1103/1103
f 660/1095/1095 661/1103/1103 666/1094/1094
f 666/1094/1094 661/1103/1103 667/1104/1104
f 666/1094/1094 667/1104/1104 662/1093/1093
f 662/1093/1093 667/1104/1104 663/1105/1105
f 662/1093/1093 663/1105/1105 654/1092/1092
f 654/1092/1092 663/1105/1105 655/1106/1106
f 654/1092/1092 655/1106/1106 638/1091/1091
f 638/1091/1091 655/1106/1106 639/1107/1107
f 638/1091/1091 639/1107/1107 630/1090/1090
f 630/1090/1090 639/1107/1107 631/1108/1108
f 626/1112/1112 627/1130/1130 620/1111/1111
f 620/1111/1111 627/1130/1130 621/1131/1131
f 620/1132/1132 621/1121/1121 624/1120/1120
f 624/1120/1120 621/1121/1121 625/1122/1122
f 624/1120/1120 625/1122/1122 632/1119/1119
f 632/1119/1119 625/1122/1122 633/1123/1123
f 632/1119/1119 633/1123/1123 648/1118/1118
f 648/1118/1118 633/1123/1123 649/1124/1124
f 648/1118/1118 649/1124/1124 656/1117/1117
f 656/1117/1117 649/1124/1124 657/1125/1125
f 656/1117/1117 657/1125/1125 664/1116/1116
f 664/1116/1116 657/1125/1125 665/1126/1126
f 664/1116/1116 665/1126/1126 658/1115/1115
f 658/1115/1115 665/1126/1126 659/1127/1127
f 658/1115/1115 659/1127/1127 650/1114/1114
f 650/1114/1114 659/1127/1127 651/1128/1128
f 650/1114/1114 651/1128/1128 634/1113/1113
f 634/1113/1113 651/1128/1128 635/1129/1129
f 634/1113/1113 635/1129/1129 626/1112/1112
f 626/1112/1112 635/1129/1129 627/1130/1130
f 680/1133/1133 640/1134/1134 681/1136/1136
f 681/1136/1136 640/1134/1134 641/1135/1135
f 640/1137/1137 602/1138/1138 641/1140/1140
f 641/1140/1140 602/1138/1138 603/1139/1139
f 602/1141/1141 604/1142/1142 603/1144/1144
f 603/1144/1144 604/1142/1142 605/1143/1143
f 604/1145/1145 642/1146/1146 605/1148/1148
f 605/1148/1148 642/1146/1146 643/1147/1147
f 642/1149/1149 682/1150/1150 643/1152/1152
f 643/1152/1152 682/1150/1150 683/1151/1151
f 682/1153/1153 680/1154/1154 683/1156/1156
f 683/1156/1156 680/1154/1154 681/1155/1155
f 624/1158/1158 603/1170/1170 620/1157/1157
f 620/1157/1157 603/1170/1170 605/1171/1171
f 620/1157/1157 605/1171/1171 626/1166/1166
f 626/1166/1166 605/1171/1171 634/1165/1165
f 634/1165/1165 605/1171/1171 643/1172/1172
f 634/1165/1165 643/1172/1172 650/1164/1164
f 650/1164/1164 643/1172/1172 683/1167/1167
f 650/1164/1164 683/1167/1167 658/1163/1163
f 658/1163/1163 683/1167/1167 664/1162/1162
f 664/1162/1162 683/1167/1167 681/1168/1168
f 664/1162/1162 681/1168/1168 656/1161/1161
f 656/1161/1161 681/1168/1168 648/1160/1160
f 648/1160/1160 681/1168/1168 641/1169/1169
f 648/1160/1160 641/1169/1169 632/1159/1159
f 632/1159/1159 641/1169/1169 603/1170/1170
f 632/1159/1159 603/1170/1170 624/1158/1158
f 606/1173/1173 608/1174/1174 607/1176/1176
f 607/1176/1176 608/1174/1174 609/1175/1175
f 608/1177/1177 646/1178/1178 609/1180/1180
f 609/1180/1180 646/1178/1178 647/1179/1179
f 646/1181/1181 686/1182/1182 647/1184/1184
f 647/1184/1184 686/1182/1182 687/1183/1183
f 686/1185/1185 684/1186/1186 687/1188/1188
f 687/1188/1188 684/1186/1186 685/1187/1187
f 684/1189/1189 644/1190/1190 685/1192/1192
f 685/1192/1192 644/1190/1190 645/1191/1191
f 644/1193/1193 606/1194/1194 645/1196/1196
f 645/1196/1196 606/1194/1194 607/1195/1195
f 628/1198/1198 607/1208/1208 622/1197/1197
f 622/1197/1197 607/1208/1208 609/1209/1209
f 622/1197/1197 609/1209/1209 630/1206/1206
f 630/1206/1206 609/1209/1209 638/1205/1205
f 638/1205/1205 609/1209/1209 647/1210/1210
f 638/1205/1205 647/1210/1210 654/1204/1204
f 654/1204/1204 647/1210/1210 687/1211/1211
f 654/1204/1204 687/1211/1211 662/1203/1203
f 662/1203/1203 687/1211/1211 666/1202/1202
f 666/1202/1202 687/1211/1211 685/1212/1212
f 666/1202/1202 685/1212/1212 660/1201/1201
f 660/1201/1201 685/1212/1212 652/1200/1200
f 652/1200/1200 685/1212/1212 645/1207/1207
f 652/1200/1200 645/1207/1207 636/1199/1199
f 636/1199/1199 645/1207/1207 607/1208/1208
f 636/1199/1199 607/1208/1208 628/1198/1198
f 576/1220/1220 577/1213/1213 588/1219/1219
f 588/1219/1219 577/1213/1213 589/1214/1214
f 588/1219/1219 589/1214/1214 596/1218/1218
f 596/1218/1218 589/1214/1214 597/1215/1215
f 596/1218/1218 597/1215/1215 618/1217/1217
f 618/1217/1217 597/1215/1215 619/1216/1216
f 619/1222/1222 675/1223/1223 618/1221/1221
f 618/1221/1221 675/1223/1223 674/1224/1224
f 631/1226/1226 577/1238/1238 623/1225/1225
f 623/1225/1225 577/1238/1238 575/1239/1239
f 623/1225/1225 575/1239/1239 629/1234/1234
f 629/1234/1234 575/1239/1239 587/1240/1240
f 629/1234/1234 587/1240/1240 595/1241/1241
f 639/1227/1227 619/1235/1235 631/1226/1226
f 631/1226/1226 619/1235/1235 597/1236/1236
f 631/1226/1226 597/1236/1236 589/1237/1237
f 639/1227/1227 655/1228/1228 619/1235/1235
f 619/1235/1235 655/1228/1228 675/1250/1250
f 675/1250/1250 655/1228/1228 663/1229/1229
f 675/1250/1250 663/1229/1229 695/1249/1249
f 695/1249/1249 663/1229/1229 707/1248/1248
f 707/1248/1248 663/1229/1229 715/1247/1247
f 715/1247/1247 663/1229/1229 667/1230/1230
f 715/1247/1247 667/1230/1230 713/1246/1246
f 713/1246/1246 667/1230/1230 661/1231/1231
f 713/1246/1246 661/1231/1231 705/1245/1245
f 705/1245/1245 661/1231/1231 693/1244/1244
f 693/1244/1244 661/1231/1231 673/1243/1243
f 673/1243/1243 661/1231/1231 653/1232/1232
f 673/1243/1243 653/1232/1232 637/1233/1233
f 673/1243/1243 637/1233/1233 617/1242/1242
f 617/1242/1242 637/1233/1233 629/1234/1234
f 617/1242/1242 629/1234/1234 595/1241/1241
f 589/1237/1237 577/1238/1238 631/1226/1226
f 708/1258/1258 709/1251/1251 700/1257/1257
f 700/1257/1257 709/1251/1251 701/1252/1252
f 700/1257/1257 701/1252/1252 688/1256/1256
f 688/1256/1256 701/1252/1252 689/1253/1253
f 688/1256/1256 689/1253/1253 668/1255/1255
f 668/1255/1255 689/1253/1253 669/1254/1254
f 627/1260/1260 573/1280/1280 621/1259/1259
f 621/1259/1259 573/1280/1280 571/1281/1281
f 621/1259/1259 571/1281/1281 625/1268/1268
f 625/1268/1268 571/1281/1281 583/1282/1282
f 625/1268/1268 583/1282/1282 591/1283/1283
f 635/1261/1261 615/1277/1277 627/1260/1260
f 627/1260/1260 615/1277/1277 593/1278/1278
f 627/1260/1260 593/1278/1278 585/1279/1279
f 635/1261/1261 651/1262/1262 615/1277/1277
f 615/1277/1277 651/1262/1262 671/1276/1276
f 671/1276/1276 651/1262/1262 659/1263/1263
f 671/1276/1276 659/1263/1263 691/1275/1275
f 691/1275/1275 659/1263/1263 703/1274/1274
f 703/1274/1274 659/1263/1263 711/1273/1273
f 711/1273/1273 659/1263/1263 665/1264/1264
f 711/1273/1273 665/1264/1264 709/1272/1272
f 709/1272/1272 665/1264/1264 657/1265/1265
f 709/1272/1272 657/1265/1265 701/1271/1271
f 701/1271/1271 657/1265/1265 689/1270/1270
f 689/1270/1270 657/1265/1265 669/1269/1269
f 669/1269/1269 657/1265/1265 649/1266/1266
f 669/1269/1269 649/1266/1266 633/1267/1267
f 669/1269/1269 633/1267/1267 613/1284/1284
f 613/1284/1284 633/1267/1267 625/1268/1268
f 613/1284/1284 625/1268/1268 591/1283/1283
f 585/1279/1279 573/1280/1280 627/1260/1260
f 708/1286/1286 710/1287/1287 709/1285/1285
f 709/1285/1285 710/1287/1287 711/1288/1288
f 674/1296/1296 675/1289/1289 694/1295/1295
f 694/1295/1295 675/1289/1289 695/1290/1290
f 694/1295/1295 695/1290/1290 706/1294/1294
f 706/1294/1294 695/1290/1290 707/1291/1291
f 706/1294/1294 707/1291/1291 714/1293/1293
f 714/1293/1293 707/1291/1291 715/1292/1292
f 715/1298/1298 713/1299/1299 714/1297/1297
f 714/1297/1297 713/1299/1299 712/1300/1300
f 616/1308/1308 617/1301/1301 594/1307/1307
f 594/1307/1307 617/1301/1301 595/1302/1302
f 594/1307/1307 595/1302/1302 586/1306/1306
f 586/1306/1306 595/1302/1302 587/1303/1303
f 586/1306/1306 587/1303/1303 574/1305/1305
f 574/1305/1305 587/1303/1303 575/1304/1304
f 576/1310/1310 574/1311/1311 577/1309/1309
f 577/1309/1309 574/1311/1311 575/1312/1312
f 712/1320/1320 713/1313/1313 704/1319/1319
f 704/1319/1319 713/1313/1313 705/1314/1314
f 704/1319/1319 705/1314/1314 692/1318/1318
f 692/1318/1318 705/1314/1314 693/1315/1315
f 692/1318/1318 693/1315/1315 672/1317/1317
f 672/1317/1317 693/1315/1315 673/1316/1316
f 670/1328/1328 671/1321/1321 690/1327/1327
f 690/1327/1327 671/1321/1321 691/1322/1322
f 690/1327/1327 691/1322/1322 702/1326/1326
f 702/1326/1326 691/1322/1322 703/1323/1323
f 702/1326/1326 703/1323/1323 710/1325/1325
f 710/1325/1325 703/1323/1323 711/1324/1324
f 612/1336/1336 613/1329/1329 590/1335/1335
f 590/1335/1335 613/1329/1329 591/1330/1330
f 590/1335/1335 591/1330/1330 582/1334/1334
f 582/1334/1334 591/1330/1330 583/1331/1331
f 582/1334/1334 583/1331/1331 570/1333/1333
f 570/1333/1333 583/1331/1331 571/1332/1332
f 571/1338/1338 573/1339/1339 570/1337/1337
f 570/1337/1337 573/1339/1339 572/1340/1340
f 572/1348/1348 573/1341/1341 584/1347/1347
f 584/1347/1347 573/1341/1341 585/1342/1342
f 584/1347/1347 585/1342/1342 592/1346/1346
f 592/1346/1346 585/1342/1342 593/1343/1343
f 592/1346/1346 593/1343/1343 614/1345/1345
f 614/1345/1345 593/1343/1343 615/1344/1344
f 669/1350/1350 613/1351/1351 668/1349/1349
f 668/1349/1349 613/1351/1351 612/1352/1352
f 670/1354/1354 614/1355/1355 671/1353/1353
f 671/1353/1353 614/1355/1355 615/1356/1356
f 616/1358/1358 672/1359/1359 617/1357/1357
f 617/1357/1357 672/1359/1359 673/1360/1360
f 13/1372/1372 14/1361/1361 19/1371/1371
f 19/1371/1371 14/1361/1361 20/1362/1362
f 19/1371/1371 20/1362/1362 43/1370/1370
f 43/1370/1370 20/1362/1362 44/1363/1363
f 43/1370/1370 44/1363/1363 71/1369/1369
f 71/1369/1369 44/1363/1363 72/1364/1364
f 71/1369/1369 72/1364/1364 107/1368/1368
f 107/1368/1368 72/1364/1364 108/1365/1365
f 107/1368/1368 108/1365/1365 131/1367/1367
f 131/1367/1367 108/1365/1365 132/1366/1366
f 132/1374/1374 188/1375/1375 131/1373/1373
f 131/1373/1373 188/1375/1375 187/1376/1376
f 108/1378/1378 130/1426/1426 132/1377/1377
f 132/1377/1377 130/1426/1426 186/1427/1427
f 132/1377/1377 186/1427/1427 188/1428/1428
f 130/1426/1426 108/1378/1378 104/1425/1425
f 104/1425/1425 108/1378/1378 72/1379/1379
f 104/1425/1425 72/1379/1379 68/1424/1424
f 68/1424/1424 72/1379/1379 44/1380/1380
f 68/1424/1424 44/1380/1380 52/1423/1423
f 52/1423/1423 44/1380/1380 20/1381/1381
f 52/1423/1423 20/1381/1381 34/1422/1422
f 34/1422/1422 20/1381/1381 14/1382/1382
f 34/1422/1422 14/1382/1382 32/1421/1421
f 32/1421/1421 14/1382/1382 30/1420/1420
f 30/1420/1420 14/1382/1382 12/1383/1383
f 30/1420/1420 12/1383/1383 28/1419/1419
f 28/1419/1419 12/1383/1383 26/1418/1418
f 26/1418/1418 12/1383/1383 24/1417/1417
f 24/1417/1417 12/1383/1383 18/1384/1384
f 24/1417/1417 18/1384/1384 50/1416/1416
f 50/1416/1416 18/1384/1384 42/1385/1385
f 50/1416/1416 42/1385/1385 66/1415/1415
f 66/1415/1415 42/1385/1385 70/1386/1386
f 66/1415/1415 70/1386/1386 102/1414/1414
f 102/1414/1414 70/1386/1386 106/1387/1387
f 102/1414/1414 106/1387/1387 128/1413/1413
f 128/1413/1413 106/1387/1387 126/1388/1388
f 128/1413/1413 126/1388/1388 1156/1389/1389
f 128/1413/1413 1156/1389/1389 1158/1412/1412
f 1158/1412/1412 1156/1389/1389 1180/1390/1390
f 1158/1412/1412 1180/1390/1390 1184/1411/1411
f 1184/1411/1411 1180/1390/1390 1204/1391/1391
f 1184/1411/1411 1204/1391/1391 1208/1410/1410
f 1208/1410/1410 1204/1391/1391 1232/1392/1392
f 1208/1410/1410 1232/1392/1392 1220/1409/1409
f 1220/1409/1409 1232/1392/1392 1252/1393/1393
f 1220/1409/1409 1252/1393/1393 1238/1408/1408
f 1238/1408/1408 1252/1393/1393 1258/1394/1394
f 1238/1408/1408 1258/1394/1394 1248/1407/1407
f 1248/1407/1407 1258/1394/1394 1260/1395/1395
f 1248/1407/1407 1260/1395/1395 1254/1396/1396
f 1248/1407/1407 1254/1396/1396 1222/1406/1406
f 1222/1406/1406 1254/1396/1396 1234/1397/1397
f 1222/1406/1406 1234/1397/1397 1210/1405/1405
f 1210/1405/1405 1234/1397/1397 1206/1398/1398
f 1210/1405/1405 1206/1398/1398 1186/1404/1404
f 1186/1404/1404 1206/1398/1398 1182/1399/1399
f 1186/1404/1404 1182/1399/1399 1160/1403/1403
f 1160/1403/1403 1182/1399/1399 1162/1400/1400
f 1160/1403/1403 1162/1400/1400 1103/1402/1402
f 1103/1402/1402 1162/1400/1400 1105/1401/1401
f 1161/1440/1440 1162/1429/1429 1181/1439/1439
f 1181/1439/1439 1162/1429/1429 1182/1430/1430
f 1181/1439/1439 1182/1430/1430 1205/1438/1438
f 1205/1438/1438 1182/1430/1430 1206/1431/1431
f 1205/1438/1438 1206/1431/1431 1233/1437/1437
f 1233/1437/1437 1206/1431/1431 1234/1432/1432
f 1233/1437/1437 1234/1432/1432 1253/1436/1436
f 1253/1436/1436 1234/1432/1432 1254/1433/1433
f 1253/1436/1436 1254/1433/1433 1259/1435/1435
f 1259/1435/1435 1254/1433/1433 1260/1434/1434
f 1260/1442/1442 1258/1443/1443 1259/1441/1441
f 1259/1441/1441 1258/1443/1443 1257/1444/1444
f 1257/1456/1456 1258/1445/1445 1251/1455/1455
f 1251/1455/1455 1258/1445/1445 1252/1446/1446
f 1251/1455/1455 1252/1446/1446 1231/1454/1454
f 1231/1454/1454 1252/1446/1446 1232/1447/1447
f 1231/1454/1454 1232/1447/1447 1203/1453/1453
f 1203/1453/1453 1232/1447/1447 1204/1448/1448
f 1203/1453/1453 1204/1448/1448 1179/1452/1452
f 1179/1452/1452 1204/1448/1448 1180/1449/1449
f 1179/1452/1452 1180/1449/1449 1155/1451/1451
f 1155/1451/1451 1180/1449/1449 1156/1450/1450
f 1156/1458/1458 126/1459/1459 1155/1457/1457
f 1155/1457/1457 126/1459/1459 125/1460/1460
f 125/1472/1472 126/1461/1461 105/1471/1471
f 105/1471/1471 126/1461/1461 106/1462/1462
f 105/1471/1471 106/1462/1462 69/1470/1470
f 69/1470/1470 106/1462/1462 70/1463/1463
f 69/1470/1470 70/1463/1463 41/1469/1469
f 41/1469/1469 70/1463/1463 42/1464/1464
f 41/1469/1469 42/1464/1464 17/1468/1468
f 17/1468/1468 42/1464/1464 18/1465/1465
f 17/1468/1468 18/1465/1465 11/1467/1467
f 11/1467/1467 18/1465/1465 12/1466/1466
f 128/1474/1474 1158/1475/1475 127/1473/1473
f 127/1473/1473 1158/1475/1475 1157/1476/1476
f 129/1478/1478 302/1607/1607 130/1477/1477
f 130/1477/1477 302/1607/1607 185/1505/1505
f 130/1477/1477 185/1505/1505 186/1506/1506
f 1159/1479/1479 330/1603/1603 129/1478/1478
f 129/1478/1478 330/1603/1603 316/1604/1604
f 129/1478/1478 316/1604/1604 312/1605/1605
f 1160/1480/1480 984/1577/1577 1159/1479/1479
f 1159/1479/1479 984/1577/1577 978/1578/1578
f 1159/1479/1479 978/1578/1578 974/1579/1579
f 1103/1481/1481 1102/1482/1482 1160/1480/1480
f 1160/1480/1480 1102/1482/1482 984/1577/1577
f 1052/1483/1483 1010/1575/1575 1102/1482/1482
f 1102/1482/1482 1010/1575/1575 990/1576/1576
f 1102/1482/1482 990/1576/1576 984/1577/1577
f 1052/1483/1483 1050/1484/1484 1010/1575/1575
f 1010/1575/1575 1050/1484/1484 991/1597/1597
f 991/1597/1597 1050/1484/1484 1048/1485/1485
f 991/1597/1597 1048/1485/1485 985/1596/1596
f 985/1596/1596 1048/1485/1485 1044/1486/1486
f 985/1596/1596 1044/1486/1486 979/1595/1595
f 979/1595/1595 1044/1486/1486 1045/1487/1487
f 979/1595/1595 1045/1487/1487 975/1594/1594
f 975/1594/1594 1045/1487/1487 971/1593/1593
f 971/1593/1593 1045/1487/1487 967/1592/1592
f 967/1592/1592 1045/1487/1487 762/1492/1492
f 967/1592/1592 762/1492/1492 945/1591/1591
f 945/1591/1591 762/1492/1492 759/1571/1571
f 945/1591/1591 759/1571/1571 919/1590/1590
f 919/1590/1590 759/1571/1571 871/1589/1589
f 871/1589/1589 759/1571/1571 767/1572/1572
f 871/1589/1589 767/1572/1572 851/1588/1588
f 851/1588/1588 767/1572/1572 771/1573/1573
f 851/1588/1588 771/1573/1573 775/1574/1574
f 1045/1487/1487 1034/1488/1488 762/1492/1492
f 762/1492/1492 1034/1488/1488 1020/1489/1489
f 762/1492/1492 1020/1489/1489 982/1491/1491
f 982/1491/1491 1020/1489/1489 988/1490/1490
f 763/1493/1493 525/1494/1494 762/1492/1492
f 762/1492/1492 525/1494/1494 524/1495/1495
f 762/1492/1492 524/1495/1495 563/1537/1537
f 563/1537/1537 524/1495/1495 529/1520/1520
f 563/1537/1537 529/1520/1520 559/1536/1536
f 559/1536/1536 529/1520/1520 533/1521/1521
f 559/1536/1536 533/1521/1521 555/1535/1535
f 555/1535/1535 533/1521/1521 537/1522/1522
f 555/1535/1535 537/1522/1522 551/1534/1534
f 551/1534/1534 537/1522/1522 541/1523/1523
f 551/1534/1534 541/1523/1523 547/1533/1533
f 547/1533/1533 541/1523/1523 544/1507/1507
f 547/1533/1533 544/1507/1507 546/1532/1532
f 546/1532/1532 544/1507/1507 540/1508/1508
f 546/1532/1532 540/1508/1508 550/1531/1531
f 550/1531/1531 540/1508/1508 536/1509/1509
f 550/1531/1531 536/1509/1509 554/1530/1530
f 554/1530/1530 536/1509/1509 532/1510/1510
f 554/1530/1530 532/1510/1510 558/1529/1529
f 558/1529/1529 532/1510/1510 528/1511/1511
f 558/1529/1529 528/1511/1511 562/1528/1528
f 562/1528/1528 528/1511/1511 350/1602/1602
f 562/1528/1528 350/1602/1602 330/1603/1603
f 306/1496/1496 266/1498/1498 524/1495/1495
f 524/1495/1495 266/1498/1498 252/1499/1499
f 524/1495/1495 252/1499/1499 249/1500/1500
f 306/1496/1496 300/1497/1497 266/1498/1498
f 248/1501/1501 309/1613/1613 249/1500/1500
f 249/1500/1500 309/1613/1613 313/1614/1614
f 249/1500/1500 313/1614/1614 317/1615/1615
f 238/1502/1502 297/1611/1611 248/1501/1501
f 248/1501/1501 297/1611/1611 303/1612/1612
f 248/1501/1501 303/1612/1612 309/1613/1613
f 297/1611/1611 238/1502/1502 293/1610/1610
f 293/1610/1610 238/1502/1502 236/1503/1503
f 293/1610/1610 236/1503/1503 234/1504/1504
f 293/1610/1610 234/1504/1504 292/1609/1609
f 292/1609/1609 234/1504/1504 185/1505/1505
f 292/1609/1609 185/1505/1505 296/1608/1608
f 296/1608/1608 185/1505/1505 302/1607/1607
f 350/1602/1602 528/1511/1511 394/1601/1601
f 394/1601/1601 528/1511/1511 520/1512/1512
f 394/1601/1601 520/1512/1512 426/1600/1600
f 426/1600/1600 520/1512/1512 516/1513/1513
f 426/1600/1600 516/1513/1513 512/1514/1514
f 426/1600/1600 512/1514/1514 450/1599/1599
f 450/1599/1599 512/1514/1514 508/1515/1515
f 450/1599/1599 508/1515/1515 466/1598/1598
f 466/1598/1598 508/1515/1515 509/1516/1516
f 466/1598/1598 509/1516/1516 451/1620/1620
f 451/1620/1620 509/1516/1516 513/1517/1517
f 451/1620/1620 513/1517/1517 427/1619/1619
f 427/1619/1619 513/1517/1517 517/1518/1518
f 427/1619/1619 517/1518/1518 521/1519/1519
f 427/1619/1619 521/1519/1519 395/1618/1618
f 395/1618/1618 521/1519/1519 529/1520/1520
f 395/1618/1618 529/1520/1520 351/1617/1617
f 351/1617/1617 529/1520/1520 524/1495/1495
f 351/1617/1617 524/1495/1495 331/1616/1616
f 331/1616/1616 524/1495/1495 249/1500/1500
f 331/1616/1616 249/1500/1500 317/1615/1615
f 598/1525/1525 676/1549/1549 610/1524/1524
f 610/1524/1524 676/1549/1549 677/1550/1550
f 610/1524/1524 677/1550/1550 599/1540/1540
f 599/1540/1540 677/1550/1550 697/1551/1551
f 599/1540/1540 697/1551/1551 579/1539/1539
f 579/1539/1539 697/1551/1551 717/1552/1552
f 579/1539/1539 717/1552/1552 567/1538/1538
f 567/1538/1538 717/1552/1552 721/1553/1553
f 567/1538/1538 721/1553/1553 563/1537/1537
f 563/1537/1537 721/1553/1553 725/1554/1554
f 563/1537/1537 725/1554/1554 762/1492/1492
f 762/1492/1492 725/1554/1554 759/1571/1571
f 676/1549/1549 598/1525/1525 696/1548/1548
f 696/1548/1548 598/1525/1525 578/1526/1526
f 696/1548/1548 578/1526/1526 716/1547/1547
f 716/1547/1547 578/1526/1526 566/1527/1527
f 716/1547/1547 566/1527/1527 720/1546/1546
f 720/1546/1546 566/1527/1527 562/1528/1528
f 720/1546/1546 562/1528/1528 724/1545/1545
f 724/1545/1545 562/1528/1528 1159/1479/1479
f 724/1545/1545 1159/1479/1479 944/1582/1582
f 944/1582/1582 1159/1479/1479 966/1581/1581
f 966/1581/1581 1159/1479/1479 970/1580/1580
f 970/1580/1580 1159/1479/1479 974/1579/1579
f 736/1542/1542 742/1566/1566 740/1541/1541
f 740/1541/1541 742/1566/1566 743/1567/1567
f 740/1541/1541 743/1567/1567 737/1557/1557
f 737/1557/1557 743/1567/1567 747/1568/1568
f 737/1557/1557 747/1568/1568 733/1556/1556
f 733/1556/1556 747/1568/1568 751/1569/1569
f 733/1556/1556 751/1569/1569 729/1555/1555
f 729/1555/1555 751/1569/1569 755/1570/1570
f 729/1555/1555 755/1570/1570 725/1554/1554
f 725/1554/1554 755/1570/1570 759/1571/1571
f 742/1566/1566 736/1542/1542 746/1565/1565
f 746/1565/1565 736/1542/1542 732/1543/1543
f 746/1565/1565 732/1543/1543 750/1564/1564
f 750/1564/1564 732/1543/1543 728/1544/1544
f 750/1564/1564 728/1544/1544 754/1563/1563
f 754/1563/1563 728/1544/1544 724/1545/1545
f 754/1563/1563 724/1545/1545 758/1562/1562
f 758/1562/1562 724/1545/1545 944/1582/1582
f 758/1562/1562 944/1582/1582 918/1583/1583
f 774/1559/1559 822/1586/1586 778/1558/1558
f 778/1558/1558 822/1586/1586 823/1587/1587
f 778/1558/1558 823/1587/1587 775/1574/1574
f 775/1574/1574 823/1587/1587 851/1588/1588
f 822/1586/1586 774/1559/1559 850/1585/1585
f 850/1585/1585 774/1559/1559 770/1560/1560
f 850/1585/1585 770/1560/1560 766/1561/1561
f 850/1585/1585 766/1561/1561 870/1584/1584
f 870/1584/1584 766/1561/1561 758/1562/1562
f 870/1584/1584 758/1562/1562 918/1583/1583
f 312/1605/1605 308/1606/1606 129/1478/1478
f 129/1478/1478 308/1606/1606 302/1607/1607
f 330/1603/1603 1159/1479/1479 562/1528/1528
f 526/1621/1621 524/1622/1622 527/1624/1624
f 527/1624/1624 524/1622/1622 525/1623/1623
f 764/1625/1625 526/1626/1626 765/1628/1628
f 765/1628/1628 526/1626/1626 527/1627/1627
f 762/1629/1629 764/1630/1630 763/1632/1632
f 763/1632/1632 764/1630/1630 765/1631/1631
f 525/1633/1633 763/1634/1634 527/1636/1636
f 527/1636/1636 763/1634/1634 765/1635/1635
f 1249/1644/1644 1250/1637/1637 1261/1643/1643
f 1261/1643/1643 1250/1637/1637 1262/1638/1638
f 1261/1643/1643 1262/1638/1638 1265/1642/1642
f 1265/1642/1642 1262/1638/1638 1266/1639/1639
f 1265/1642/1642 1266/1639/1639 1269/1641/1641
f 1269/1641/1641 1266/1639/1639 1270/1640/1640
f 1270/1646/1646 1268/1647/1647 1269/1645/1645
f 1269/1645/1645 1268/1647/1647 1267/1648/1648
f 1266/1650/1650 1205/1657/1657 1270/1649/1649
f 1270/1649/1649 1205/1657/1657 1233/1658/1658
f 1270/1649/1649 1233/1658/1658 1253/1659/1659
f 1266/1650/1650 1262/1651/1651 1205/1657/1657
f 1205/1657/1657 1262/1651/1651 1250/1652/1652
f 1205/1657/1657 1250/1652/1652 1181/1656/1656
f 1181/1656/1656 1250/1652/1652 1161/1655/1655
f 1161/1655/1655 1250/1652/1652 1106/1653/1653
f 1161/1655/1655 1106/1653/1653 1104/1654/1654
f 1253/1659/1659 1259/1660/1660 1270/1649/1649
f 1270/1649/1649 1259/1660/1660 1268/1692/1692
f 1268/1692/1692 1259/1660/1660 1257/1661/1661
f 1268/1692/1692 1257/1661/1661 1251/1662/1662
f 1251/1662/1662 1231/1663/1663 1268/1692/1692
f 1268/1692/1692 1231/1663/1663 1203/1664/1664
f 1268/1692/1692 1203/1664/1664 1264/1691/1691
f 1264/1691/1691 1203/1664/1664 1256/1690/1690
f 1256/1690/1690 1203/1664/1664 1236/1689/1689
f 1236/1689/1689 1203/1664/1664 1179/1665/1665
f 1236/1689/1689 1179/1665/1665 1155/1666/1666
f 1155/1666/1666 125/1667/1667 1236/1689/1689
f 1236/1689/1689 125/1667/1667 22/1688/1688
f 22/1688/1688 125/1667/1667 105/1668/1668
f 22/1688/1688 105/1668/1668 69/1669/1669
f 41/1670/1670 2/1685/1685 69/1669/1669
f 69/1669/1669 2/1685/1685 6/1686/1686
f 69/1669/1669 6/1686/1686 10/1687/1687
f 41/1670/1670 17/1671/1671 2/1685/1685
f 2/1685/1685 17/1671/1671 11/1672/1672
f 2/1685/1685 11/1672/1672 13/1673/1673
f 2/1685/1685 13/1673/1673 4/1684/1684
f 4/1684/1684 13/1673/1673 19/1674/1674
f 4/1684/1684 19/1674/1674 43/1675/1675
f 43/1675/1675 71/1676/1676 4/1684/1684
f 4/1684/1684 71/1676/1676 8/1683/1683
f 8/1683/1683 71/1676/1676 16/1682/1682
f 16/1682/1682 71/1676/1676 36/1681/1681
f 36/1681/1681 71/1676/1676 107/1677/1677
f 36/1681/1681 107/1677/1677 131/1678/1678
f 187/1679/1679 189/1680/1680 131/1678/1678
f 131/1678/1678 189/1680/1680 36/1681/1681
f 10/1687/1687 22/1688/1688 69/1669/1669
f 1267/1700/1700 1268/1693/1693 1263/1699/1699
f 1263/1699/1699 1268/1693/1693 1264/1694/1694
f 1263/1699/1699 1264/1694/1694 1255/1698/1698
f 1255/1698/1698 1264/1694/1694 1256/1695/1695
f 1255/1698/1698 1256/1695/1695 1235/1697/1697
f 1235/1697/1697 1256/1695/1695 1236/1696/1696
f 1236/1702/1702 22/1703/1703 1235/1701/1701
f 1235/1701/1701 22/1703/1703 21/1704/1704
f 21/1712/1712 22/1705/1705 9/1711/1711
f 9/1711/1711 22/1705/1705 10/1706/1706
f 9/1711/1711 10/1706/1706 5/1710/1710
f 5/1710/1710 10/1706/1706 6/1707/1707
f 5/1710/1710 6/1707/1707 1/1709/1709
f 1/1709/1709 6/1707/1707 2/1708/1708
f 2/1714/1714 4/1715/1715 1/1713/1713
f 1/1713/1713 4/1715/1715 3/1716/1716
f 3/1724/1724 4/1717/1717 7/1723/1723
f 7/1723/1723 4/1717/1717 8/1718/1718
f 7/1723/1723 8/1718/1718 15/1722/1722
f 15/1722/1722 8/1718/1718 16/1719/1719
f 15/1722/1722 16/1719/1719 35/1721/1721
f 35/1721/1721 16/1719/1719 36/1720/1720
f 1249/1726/1726 980/1792/1792 1250/1725/1725
f 1250/1725/1725 980/1792/1792 986/1793/1793
f 1250/1725/1725 986/1793/1793 992/1794/1794
f 35/1727/1727 968/1789/1789 1249/1726/1726
f 1249/1726/1726 968/1789/1789 972/1790/1790
f 1249/1726/1726 972/1790/1790 976/1791/1791
f 36/1728/1728 304/1763/1763 35/1727/1727
f 35/1727/1727 304/1763/1763 310/1764/1764
f 35/1727/1727 310/1764/1764 314/1765/1765
f 304/1763/1763 36/1728/1728 298/1762/1762
f 298/1762/1762 36/1728/1728 189/1729/1729
f 298/1762/1762 189/1729/1729 294/1761/1761
f 294/1761/1761 189/1729/1729 235/1730/1730
f 294/1761/1761 235/1730/1730 295/1760/1760
f 295/1760/1760 235/1730/1730 237/1731/1731
f 295/1760/1760 237/1731/1731 239/1732/1732
f 295/1760/1760 239/1732/1732 299/1759/1759
f 299/1759/1759 239/1732/1732 250/1733/1733
f 299/1759/1759 250/1733/1733 305/1758/1758
f 305/1758/1758 250/1733/1733 311/1757/1757
f 311/1757/1757 250/1733/1733 251/1734/1734
f 311/1757/1757 251/1734/1734 315/1756/1756
f 315/1756/1756 251/1734/1734 319/1755/1755
f 319/1755/1755 251/1734/1734 333/1754/1754
f 333/1754/1754 251/1734/1734 253/1735/1735
f 333/1754/1754 253/1735/1735 307/1738/1738
f 307/1738/1738 253/1735/1735 267/1736/1736
f 307/1738/1738 267/1736/1736 301/1737/1737
f 333/1754/1754 307/1738/1738 565/1833/1833
f 565/1833/1833 307/1738/1738 983/1739/1739
f 565/1833/1833 983/1739/1739 727/1816/1816
f 727/1816/1816 983/1739/1739 947/1779/1779
f 727/1816/1816 947/1779/1779 761/1799/1799
f 761/1799/1799 947/1779/1779 921/1780/1780
f 761/1799/1799 921/1780/1780 873/1781/1781
f 989/1740/1740 1021/1741/1741 983/1739/1739
f 983/1739/1739 1021/1741/1741 1035/1742/1742
f 983/1739/1739 1035/1742/1742 969/1778/1778
f 969/1778/1778 1035/1742/1742 1047/1743/1743
f 969/1778/1778 1047/1743/1743 973/1777/1777
f 973/1777/1777 1047/1743/1743 977/1776/1776
f 977/1776/1776 1047/1743/1743 981/1775/1775
f 981/1775/1775 1047/1743/1743 1046/1744/1744
f 981/1775/1775 1046/1744/1744 987/1774/1774
f 987/1774/1774 1046/1744/1744 1049/1745/1745
f 987/1774/1774 1049/1745/1745 993/1773/1773
f 993/1773/1773 1049/1745/1745 1051/1746/1746
f 993/1773/1773 1051/1746/1746 1011/1772/1772
f 1011/1772/1772 1051/1746/1746 1053/1747/1747
f 1011/1772/1772 1053/1747/1747 1106/1748/1748
f 1011/1772/1772 1106/1748/1748 992/1794/1794
f 992/1794/1794 1106/1748/1748 1250/1725/1725
f 453/1750/1750 511/1854/1854 467/1749/1749
f 467/1749/1749 511/1854/1854 510/1855/1855
f 467/1749/1749 510/1855/1855 452/1771/1771
f 452/1771/1771 510/1855/1855 514/1856/1856
f 452/1771/1771 514/1856/1856 428/1770/1770
f 428/1770/1770 514/1856/1856 518/1857/1857
f 428/1770/1770 518/1857/1857 522/1858/1858
f 511/1854/1854 453/1750/1750 515/1853/1853
f 515/1853/1853 453/1750/1750 429/1751/1751
f 515/1853/1853 429/1751/1751 519/1852/1852
f 519/1852/1852 429/1751/1751 523/1851/1851
f 523/1851/1851 429/1751/1751 397/1752/1752
f 523/1851/1851 397/1752/1752 531/1850/1850
f 531/1850/1850 397/1752/1752 353/1753/1753
f 531/1850/1850 353/1753/1753 565/1833/1833
f 565/1833/1833 353/1753/1753 333/1754/1754
f 314/1765/1765 318/1766/1766 35/1727/1727
f 35/1727/1727 318/1766/1766 332/1767/1767
f 35/1727/1727 332/1767/1767 968/1789/1789
f 968/1789/1789 332/1767/1767 946/1788/1788
f 946/1788/1788 332/1767/1767 564/1842/1842
f 946/1788/1788 564/1842/1842 726/1825/1825
f 726/1825/1825 564/1842/1842 722/1824/1824
f 722/1824/1824 564/1842/1842 568/1843/1843
f 722/1824/1824 568/1843/1843 718/1823/1823
f 718/1823/1823 568/1843/1843 580/1844/1844
f 718/1823/1823 580/1844/1844 698/1822/1822
f 698/1822/1822 580/1844/1844 600/1845/1845
f 698/1822/1822 600/1845/1845 678/1821/1821
f 678/1821/1821 600/1845/1845 611/1829/1829
f 678/1821/1821 611/1829/1829 679/1820/1820
f 679/1820/1820 611/1829/1829 601/1830/1830
f 679/1820/1820 601/1830/1830 699/1819/1819
f 699/1819/1819 601/1830/1830 581/1831/1831
f 699/1819/1819 581/1831/1831 719/1818/1818
f 719/1818/1818 581/1831/1831 569/1832/1832
f 719/1818/1818 569/1832/1832 723/1817/1817
f 723/1817/1817 569/1832/1832 565/1833/1833
f 723/1817/1817 565/1833/1833 727/1816/1816
f 332/1767/1767 352/1768/1768 564/1842/1842
f 564/1842/1842 352/1768/1768 530/1859/1859
f 564/1842/1842 530/1859/1859 560/1841/1841
f 560/1841/1841 530/1859/1859 534/1860/1860
f 560/1841/1841 534/1860/1860 556/1840/1840
f 556/1840/1840 534/1860/1860 538/1861/1861
f 556/1840/1840 538/1861/1861 552/1839/1839
f 552/1839/1839 538/1861/1861 542/1862/1862
f 552/1839/1839 542/1862/1862 548/1838/1838
f 548/1838/1838 542/1862/1862 545/1846/1846
f 548/1838/1838 545/1846/1846 549/1837/1837
f 549/1837/1837 545/1846/1846 543/1847/1847
f 549/1837/1837 543/1847/1847 553/1836/1836
f 553/1836/1836 543/1847/1847 539/1848/1848
f 553/1836/1836 539/1848/1848 557/1835/1835
f 557/1835/1835 539/1848/1848 535/1849/1849
f 557/1835/1835 535/1849/1849 561/1834/1834
f 561/1834/1834 535/1849/1849 531/1850/1850
f 561/1834/1834 531/1850/1850 565/1833/1833
f 352/1768/1768 396/1769/1769 530/1859/1859
f 530/1859/1859 396/1769/1769 522/1858/1858
f 522/1858/1858 396/1769/1769 428/1770/1770
f 969/1778/1778 947/1779/1779 983/1739/1739
f 761/1799/1799 873/1781/1781 769/1798/1798
f 769/1798/1798 873/1781/1781 853/1782/1782
f 769/1798/1798 853/1782/1782 773/1797/1797
f 773/1797/1797 853/1782/1782 777/1796/1796
f 777/1796/1796 853/1782/1782 825/1783/1783
f 777/1796/1796 825/1783/1783 779/1795/1795
f 779/1795/1795 825/1783/1783 824/1784/1784
f 779/1795/1795 824/1784/1784 776/1811/1811
f 776/1811/1811 824/1784/1784 852/1785/1785
f 776/1811/1811 852/1785/1785 772/1810/1810
f 772/1810/1810 852/1785/1785 768/1809/1809
f 768/1809/1809 852/1785/1785 872/1786/1786
f 768/1809/1809 872/1786/1786 760/1808/1808
f 760/1808/1808 872/1786/1786 920/1787/1787
f 760/1808/1808 920/1787/1787 946/1788/1788
f 976/1791/1791 980/1792/1792 1249/1726/1726
f 761/1799/1799 757/1800/1800 727/1816/1816
f 727/1816/1816 757/1800/1800 731/1815/1815
f 731/1815/1815 757/1800/1800 753/1801/1801
f 731/1815/1815 753/1801/1801 735/1814/1814
f 735/1814/1814 753/1801/1801 749/1802/1802
f 735/1814/1814 749/1802/1802 739/1813/1813
f 739/1813/1813 749/1802/1802 745/1803/1803
f 739/1813/1813 745/1803/1803 741/1812/1812
f 741/1812/1812 745/1803/1803 744/1804/1804
f 741/1812/1812 744/1804/1804 738/1828/1828
f 738/1828/1828 744/1804/1804 748/1805/1805
f 738/1828/1828 748/1805/1805 734/1827/1827
f 734/1827/1827 748/1805/1805 752/1806/1806
f 734/1827/1827 752/1806/1806 730/1826/1826
f 730/1826/1826 752/1806/1806 756/1807/1807
f 730/1826/1826 756/1807/1807 726/1825/1825
f 726/1825/1825 756/1807/1807 760/1808/1808
f 726/1825/1825 760/1808/1808 946/1788/1788
f 185/1863/1863 187/1864/1864 186/1866/1866
f 186/1866/1866 187/1864/1864 188/1865/1865
f 1104/1867/1867 1102/1868/1868 1105/1870/1870
f 1105/1870/1870 1102/1868/1868 1103/1869/1869
f 1161/1872/1872 1104/1873/1873 1162/1871/1871
f 1162/1871/1871 1104/1873/1873 1105/1874/1874
f 13/1876/1876 11/1877/1877 14/1875/1875
f 14/1875/1875 11/1877/1877 12/1878/1878
f 128/1888/1888 127/1879/1879 102/1887/1887
f 102/1887/1887 127/1879/1879 101/1880/1880
f 102/1887/1887 101/1880/1880 66/1886/1886
f 66/1886/1886 101/1880/1880 65/1881/1881
f 66/1886/1886 65/1881/1881 50/1885/1885
f 50/1885/1885 65/1881/1881 49/1882/1882
f 50/1885/1885 49/1882/1882 24/1884/1884
f 24/1884/1884 49/1882/1882 23/1883/1883
f 1238/1898/1898 1237/1889/1889 1220/1897/1897
f 1220/1897/1897 1237/1889/1889 1219/1890/1890
f 1220/1897/1897 1219/1890/1890 1208/1896/1896
f 1208/1896/1896 1219/1890/1890 1207/1891/1891
f 1208/1896/1896 1207/1891/1891 1184/1895/1895
f 1184/1895/1895 1207/1891/1891 1183/1892/1892
f 1184/1895/1895 1183/1892/1892 1158/1894/1894
f 1158/1894/1894 1183/1892/1892 1157/1893/1893
f 1160/1908/1908 1159/1899/1899 1186/1907/1907
f 1186/1907/1907 1159/1899/1899 1185/1900/1900
f 1186/1907/1907 1185/1900/1900 1210/1906/1906
f 1210/1906/1906 1185/1900/1900 1209/1901/1901
f 1210/1906/1906 1209/1901/1901 1222/1905/1905
f 1222/1905/1905 1209/1901/1901 1221/1902/1902
f 1222/1905/1905 1221/1902/1902 1248/1904/1904
f 1248/1904/1904 1221/1902/1902 1247/1903/1903
f 34/1918/1918 33/1909/1909 52/1917/1917
f 52/1917/1917 33/1909/1909 51/1910/1910
f 52/1917/1917 51/1910/1910 68/1916/1916
f 68/1916/1916 51/1910/1910 67/1911/1911
f 68/1916/1916 67/1911/1911 104/1915/1915
f 104/1915/1915 67/1911/1911 103/1912/1912
f 104/1915/1915 103/1912/1912 130/1914/1914
f 130/1914/1914 103/1912/1912 129/1913/1913
f 185/1919/1919 234/1920/1920 187/1929/1929
f 187/1929/1929 234/1920/1920 235/1927/1927
f 187/1929/1929 235/1927/1927 189/1928/1928
f 235/1927/1927 234/1920/1920 237/1926/1926
f 237/1926/1926 234/1920/1920 236/1921/1921
f 237/1926/1926 236/1921/1921 239/1925/1925
f 239/1925/1925 236/1921/1921 238/1922/1922
f 239/1925/1925 238/1922/1922 250/1924/1924
f 250/1924/1924 238/1922/1922 248/1923/1923
f 248/1931/1931 249/1932/1932 250/1930/1930
f 250/1930/1930 249/1932/1932 251/1933/1933
f 251/1943/1943 249/1934/1934 253/1942/1942
f 253/1942/1942 249/1934/1934 252/1935/1935
f 253/1942/1942 252/1935/1935 267/1941/1941
f 267/1941/1941 252/1935/1935 266/1936/1936
f 267/1941/1941 266/1936/1936 301/1940/1940
f 301/1940/1940 266/1936/1936 300/1937/1937
f 301/1940/1940 300/1937/1937 307/1939/1939
f 307/1939/1939 300/1937/1937 306/1938/1938
f 762/1945/1945 982/1946/1946 764/1944/1944
f 764/1944/1944 982/1946/1946 983/1947/1947
f 764/1944/1944 983/1947/1947 307/1948/1948
f 764/1944/1944 307/1948/1948 526/1951/1951
f 526/1951/1951 307/1948/1948 306/1949/1949
f 526/1951/1951 306/1949/1949 524/1950/1950
f 983/1961/1961 982/1952/1952 989/1960/1960
f 989/1960/1960 982/1952/1952 988/1953/1953
f 989/1960/1960 988/1953/1953 1021/1959/1959
f 1021/1959/1959 988/1953/1953 1020/1954/1954
f 1021/1959/1959 1020/1954/1954 1035/1958/1958
f 1035/1958/1958 1020/1954/1954 1034/1955/1955
f 1035/1958/1958 1034/1955/1955 1047/1957/1957
f 1047/1957/1957 1034/1955/1955 1045/1956/1956
f 1046/1972/1972 1044/1962/1962 1049/1971/1971
f 1049/1971/1971 1044/1962/1962 1048/1963/1963
f 1049/1971/1971 1048/1963/1963 1051/1970/1970
f 1051/1970/1970 1048/1963/1963 1050/1964/1964
f 1051/1970/1970 1050/1964/1964 1053/1969/1969
f 1053/1969/1969 1050/1964/1964 1052/1965/1965
f 1053/1969/1969 1052/1965/1965 1104/1967/1967
f 1104/1967/1967 1052/1965/1965 1102/1966/1966
f 1104/1967/1967 1106/1968/1968 1053/1969/1969
f 541/1974/1974 545/1990/1990 544/1973/1973
f 544/1973/1973 545/1990/1990 542/1991/1991
f 544/1973/1973 542/1991/1991 540/1989/1989
f 540/1989/1989 542/1991/1991 538/1992/1992
f 540/1989/1989 538/1992/1992 536/1988/1988
f 536/1988/1988 538/1992/1992 534/1993/1993
f 536/1988/1988 534/1993/1993 532/1987/1987
f 532/1987/1987 534/1993/1993 530/1994/1994
f 532/1987/1987 530/1994/1994 528/1986/1986
f 528/1986/1986 530/1994/1994 522/1995/1995
f 528/1986/1986 522/1995/1995 520/1985/1985
f 520/1985/1985 522/1995/1995 518/1996/1996
f 520/1985/1985 518/1996/1996 516/1984/1984
f 516/1984/1984 518/1996/1996 514/1997/1997
f 516/1984/1984 514/1997/1997 512/1983/1983
f 512/1983/1983 514/1997/1997 510/2007/2007
f 512/1983/1983 510/2008/2008 508/1982/1982
f 508/2009/2009 510/1998/1998 511/1999/1999
f 508/2010/2010 511/1999/1999 509/1981/1981
f 509/1981/1981 511/1999/1999 515/2000/2000
f 509/1981/1981 515/2000/2000 513/1980/1980
f 513/1980/1980 515/2000/2000 519/2001/2001
f 513/1980/1980 519/2001/2001 517/1979/1979
f 517/1979/1979 519/2001/2001 523/2002/2002
f 517/1979/1979 523/2002/2002 521/1978/1978
f 521/1978/1978 523/2002/2002 531/2003/2003
f 521/1978/1978 531/2003/2003 529/1977/1977
f 529/1977/1977 531/2003/2003 535/2004/2004
f 529/1977/1977 535/2004/2004 533/1976/1976
f 533/1976/1976 535/2004/2004 539/2005/2005
f 533/1976/1976 539/2005/2005 537/1975/1975
f 537/1975/1975 539/2005/2005 543/2006/2006
f 537/1975/1975 543/2006/2006 541/1974/1974
f 541/1974/1974 543/2006/2006 545/1990/1990
f 599/2012/2012 611/2028/2028 610/2011/2011
f 610/2011/2011 611/2028/2028 600/2029/2029
f 610/2011/2011 600/2029/2029 598/2027/2027
f 598/2027/2027 600/2029/2029 580/2030/2030
f 598/2027/2027 580/2030/2030 578/2026/2026
f 578/2026/2026 580/2030/2030 568/2031/2031
f 578/2026/2026 568/2031/2031 566/2025/2025
f 566/2025/2025 568/2031/2031 564/2032/2032
f 566/2025/2025 564/2032/2032 562/2024/2024
f 562/2024/2024 564/2032/2032 560/2033/2033
f 562/2024/2024 560/2033/2033 558/2023/2023
f 558/2023/2023 560/2033/2033 556/2034/2034
f 558/2023/2023 556/2034/2034 554/2022/2022
f 554/2022/2022 556/2034/2034 552/2035/2035
f 554/2022/2022 552/2035/2035 550/2021/2021
f 550/2021/2021 552/2035/2035 548/2045/2045
f 550/2021/2021 548/2046/2046 546/2020/2020
f 546/2047/2047 548/2036/2036 549/2037/2037
f 546/2048/2048 549/2037/2037 547/2019/2019
f 547/2019/2019 549/2037/2037 553/2038/2038
f 547/2019/2019 553/2038/2038 551/2018/2018
f 551/2018/2018 553/2038/2038 557/2039/2039
f 551/2018/2018 557/2039/2039 555/2017/2017
f 555/2017/2017 557/2039/2039 561/2040/2040
f 555/2017/2017 561/2040/2040 559/2016/2016
f 559/2016/2016 561/2040/2040 565/2041/2041
f 559/2016/2016 565/2041/2041 563/2015/2015
f 563/2015/2015 565/2041/2041 569/2042/2042
f 563/2015/2015 569/2042/2042 567/2014/2014
f 567/2014/2014 569/2042/2042 581/2043/2043
f 567/2014/2014 581/2043/2043 579/2013/2013
f 579/2013/2013 581/2043/2043 601/2044/2044
f 579/2013/2013 601/2044/2044 599/2012/2012
f 599/2012/2012 601/2044/2044 611/2028/2028
f 737/2050/2050 741/2066/2066 740/2049/2049
f 740/2049/2049 741/2066/2066 738/2067/2067
f 740/2049/2049 738/2067/2067 736/2065/2065
f 736/2065/2065 738/2067/2067 734/2068/2068
f 736/2065/2065 734/2068/2068 732/2064/2064
f 732/2064/2064 734/2068/2068 730/2069/2069
f 732/2064/2064 730/2069/2069 728/2063/2063
f 728/2063/2063 730/2069/2069 726/2070/2070
f 728/2063/2063 726/2070/2070 724/2062/2062
f 724/2062/2062 726/2070/2070 722/2071/2071
f 724/2062/2062 722/2071/2071 720/2061/2061
f 720/2061/2061 722/2071/2071 718/2072/2072
f 720/2061/2061 718/2072/2072 716/2060/2060
f 716/2060/2060 718/2072/2072 698/2073/2073
f 716/2060/2060 698/2073/2073 696/2059/2059
f 696/2059/2059 698/2073/2073 678/2083/2083
f 696/2059/2059 678/2084/2084 676/2058/2058
f 676/2085/2085 678/2074/2074 679/2075/2075
f 676/2086/2086 679/2075/2075 677/2057/2057
f 677/2057/2057 679/2075/2075 699/2076/2076
f 677/2057/2057 699/2076/2076 697/2056/2056
f 697/2056/2056 699/2076/2076 719/2077/2077
f 697/2056/2056 719/2077/2077 717/2055/2055
f 717/2055/2055 719/2077/2077 723/2078/2078
f 717/2055/2055 723/2078/2078 721/2054/2054
f 721/2054/2054 723/2078/2078 727/2079/2079
f 721/2054/2054 727/2079/2079 725/2053/2053
f 725/2053/2053 727/2079/2079 731/2080/2080
f 725/2053/2053 731/2080/2080 729/2052/2052
f 729/2052/2052 731/2080/2080 735/2081/2081
f 729/2052/2052 735/2081/2081 733/2051/2051
f 733/2051/2051 735/2081/2081 739/2082/2082
f 733/2051/2051 739/2082/2082 737/2050/2050
f 737/2050/2050 739/2082/2082 741/2066/2066
f 775/2088/2088 779/2104/2104 778/2087/2087
f 778/2087/2087 779/2104/2104 776/2105/2105
f 778/2087/2087 776/2105/2105 774/2103/2103
f 774/2103/2103 776/2105/2105 772/2106/2106
f 774/2103/2103 772/2106/2106 770/2102/2102
f 770/2102/2102 772/2106/2106 768/2107/2107
f 770/2102/2102 768/2107/2107 766/2101/2101
f 766/2101/2101 768/2107/2107 760/2108/2108
f 766/2101/2101 760/2108/2108 758/2100/2100
f 758/2100/2100 760/2108/2108 756/2109/2109
f 758/2100/2100 756/2109/2109 754/2099/2099
f 754/2099/2099 756/2109/2109 752/2110/2110
f 754/2099/2099 752/2110/2110 750/2098/2098
f 750/2098/2098 752/2110/2110 748/2111/2111
f 750/2098/2098 748/2111/2111 746/2097/2097
f 746/2097/2097 748/2111/2111 744/2121/2121
f 746/2097/2097 744/2122/2122 742/2096/2096
f 742/2123/2123 744/2112/2112 745/2113/2113
f 742/2124/2124 745/2113/2113 743/2095/2095
f 743/2095/2095 745/2113/2113 749/2114/2114
f 743/2095/2095 749/2114/2114 747/2094/2094
f 747/2094/2094 749/2114/2114 753/2115/2115
f 747/2094/2094 753/2115/2115 751/2093/2093
f 751/2093/2093 753/2115/2115 757/2116/2116
f 751/2093/2093 757/2116/2116 755/2092/2092
f 755/2092/2092 757/2116/2116 761/2117/2117
f 755/2092/2092 761/2117/2117 759/2091/2091
f 759/2091/2091 761/2117/2117 769/2118/2118
f 759/2091/2091 769/2118/2118 767/2090/2090
f 767/2090/2090 769/2118/2118 773/2119/2119
f 767/2090/2090 773/2119/2119 771/2089/2089
f 771/2089/2089 773/2119/2119 777/2120/2120
f 771/2089/2089 777/2120/2120 775/2088/2088
f 775/2088/2088 777/2120/2120 779/2104/2104
f 991/2126/2126 1011/2148/2148 1010/2125/2125
f 1010/2125/2125 1011/2148/2148 992/2149/2149
f 1010/2125/2125 992/2149/2149 990/2147/2147
f 990/2147/2147 992/2149/2149 986/2150/2150
f 990/2147/2147 986/2150/2150 984/2146/2146
f 984/2146/2146 986/2150/2150 980/2151/2151
f 984/2146/2146 980/2151/2151 978/2145/2145
f 978/2145/2145 980/2151/2151 976/2152/2152
f 978/2145/2145 976/2152/2152 974/2144/2144
f 974/2144/2144 976/2152/2152 972/2153/2153
f 974/2144/2144 972/2153/2153 970/2143/2143
f 970/2143/2143 972/2153/2153 968/2154/2154
f 970/2143/2143 968/2154/2154 966/2142/2142
f 966/2142/2142 968/2154/2154 946/2155/2155
f 966/2142/2142 946/2155/2155 944/2141/2141
f 944/2141/2141 946/2155/2155 920/2156/2156
f 944/2141/2141 920/2156/2156 918/2140/2140
f 918/2140/2140 920/2156/2156 872/2157/2157
f 918/2140/2140 872/2157/2157 870/2139/2139
f 870/2139/2139 872/2157/2157 852/2158/2158
f 870/2139/2139 852/2158/2158 850/2138/2138
f 850/2138/2138 852/2158/2158 824/2171/2171
f 850/2138/2138 824/2172/2172 822/2137/2137
f 822/2173/2173 824/2159/2159 825/2160/2160
f 822/2174/2174 825/2160/2160 823/2136/2136
f 823/2136/2136 825/2160/2160 853/2161/2161
f 823/2136/2136 853/2161/2161 851/2135/2135
f 851/2135/2135 853/2161/2161 873/2162/2162
f 851/2135/2135 873/2162/2162 871/2134/2134
f 871/2134/2134 873/2162/2162 921/2163/2163
f 871/2134/2134 921/2163/2163 919/2133/2133
f 919/2133/2133 921/2163/2163 947/2164/2164
f 919/2133/2133 947/2164/2164 945/2132/2132
f 945/2132/2132 947/2164/2164 969/2165/2165
f 945/2132/2132 969/2165/2165 967/2131/2131
f 967/2131/2131 969/2165/2165 973/2166/2166
f 967/2131/2131 973/2166/2166 971/2130/2130
f 971/2130/2130 973/2166/2166 977/2167/2167
f 971/2130/2130 977/2167/2167 975/2129/2129
f 975/2129/2129 977/2167/2167 981/2168/2168
f 975/2129/2129 981/2168/2168 979/2128/2128
f 979/2128/2128 981/2168/2168 987/2169/2169
f 979/2128/2128 987/2169/2169 985/2127/2127
f 985/2127/2127 987/2169/2169 993/2170/2170
f 985/2127/2127 993/2170/2170 991/2126/2126
f 991/2126/2126 993/2170/2170 1011/2148/2148
f 451/2176/2176 467/2198/2198 466/2175/2175
f 466/2175/2175 467/2198/2198 452/2199/2199
f 466/2175/2175 452/2199/2199 450/2197/2197
f 450/2197/2197 452/2199/2199 428/2200/2200
f 450/2197/2197 428/2200/2200 426/2196/2196
f 426/2196/2196 428/2200/2200 396/2201/2201
f 426/2196/2196 396/2201/2201 394/2195/2195
f 394/2195/2195 396/2201/2201 352/2202/2202
f 394/2195/2195 352/2202/2202 350/2194/2194
f 350/2194/2194 352/2202/2202 332/2203/2203
f 350/2194/2194 332/2203/2203 330/2193/2193
f 330/2193/2193 332/2203/2203 318/2204/2204
f 330/2193/2193 318/2204/2204 316/2192/2192
f 316/2192/2192 318/2204/2204 314/2205/2205
f 316/2192/2192 314/2205/2205 312/2191/2191
f 312/2191/2191 314/2205/2205 310/2206/2206
f 312/2191/2191 310/2206/2206 308/2190/2190
f 308/2190/2190 310/2206/2206 304/2207/2207
f 308/2190/2190 304/2207/2207 302/2189/2189
f 302/2189/2189 304/2207/2207 298/2208/2208
f 302/2189/2189 298/2208/2208 296/2188/2188
f 296/2188/2188 298/2208/2208 294/2221/2221
f 296/2188/2188 294/2222/2222 292/2187/2187
f 292/2223/2223 294/2209/2209 295/2210/2210
f 292/2224/2224 295/2210/2210 293/2186/2186
f 293/2186/2186 295/2210/2210 299/2211/2211
f 293/2186/2186 299/2211/2211 297/2185/2185
f 297/2185/2185 299/2211/2211 305/2212/2212
f 297/2185/2185 305/2212/2212 303/2184/2184
f 303/2184/2184 305/2212/2212 311/2213/2213
f 303/2184/2184 311/2213/2213 309/2183/2183
f 309/2183/2183 311/2213/2213 315/2214/2214
f 309/2183/2183 315/2214/2214 313/2182/2182
f 313/2182/2182 315/2214/2214 319/2215/2215
f 313/2182/2182 319/2215/2215 317/2181/2181
f 317/2181/2181 319/2215/2215 333/2216/2216
f 317/2181/2181 333/2216/2216 331/2180/2180
f 331/2180/2180 333/2216/2216 353/2217/2217
f 331/2180/2180 353/2217/2217 351/2179/2179
f 351/2179/2179 353/2217/2217 397/2218/2218
f 351/2179/2179 397/2218/2218 395/2178/2178
f 395/2178/2178 397/2218/2218 429/2219/2219
f 395/2178/2178 429/2219/2219 427/2177/2177
f 427/2177/2177 429/2219/2219 453/2220/2220
f 427/2177/2177 453/2220/2220 451/2176/2176
f 451/2176/2176 453/2220/2220 467/2198/2198
f 1045/2226/2226 1044/2227/2227 1047/2225/2225
f 1047/2225/2225 1044/2227/2227 1046/2228/2228
f 956/2247/2247 964/2261/2261 930/2248/2248
f 930/2262/2262 964/2229/2229 957/2230/2230
f 930/2263/2263 957/2230/2230 923/2260/2260
f 923/2260/2260 957/2230/2230 949/2231/2231
f 923/2260/2260 949/2231/2231 915/2259/2259
f 915/2259/2259 949/2231/2231 937/2232/2232
f 915/2259/2259 937/2232/2232 907/2233/2233
f 915/2259/2259 907/2233/2233 875/2258/2258
f 875/2258/2258 907/2233/2233 859/2234/2234
f 875/2258/2258 859/2234/2234 855/2257/2257
f 855/2257/2257 859/2234/2234 815/2235/2235
f 855/2257/2257 815/2235/2235 799/2236/2236
f 855/2257/2257 799/2236/2236 819/2256/2256
f 819/2256/2256 799/2236/2236 791/2237/2237
f 819/2256/2256 791/2237/2237 811/2255/2255
f 811/2255/2255 791/2237/2237 783/2238/2238
f 811/2255/2255 783/2238/2238 782/2239/2239
f 811/2255/2255 782/2239/2239 810/2254/2254
f 810/2254/2254 782/2239/2239 790/2240/2240
f 810/2254/2254 790/2240/2240 818/2253/2253
f 818/2253/2253 790/2240/2240 798/2241/2241
f 818/2253/2253 798/2241/2241 854/2252/2252
f 854/2252/2252 798/2241/2241 814/2242/2242
f 854/2252/2252 814/2242/2242 858/2243/2243
f 854/2252/2252 858/2243/2243 874/2251/2251
f 874/2251/2251 858/2243/2243 906/2244/2244
f 874/2251/2251 906/2244/2244 914/2250/2250
f 914/2250/2250 906/2244/2244 936/2245/2245
f 914/2250/2250 936/2245/2245 948/2246/2246
f 914/2250/2250 948/2246/2246 922/2249/2249
f 922/2249/2249 948/2246/2246 956/2247/2247
f 922/2249/2249 956/2247/2247 930/2248/2248
f 786/2265/2265 782/2302/2302 780/2264/2264
f 780/2303/2303 782/2292/2292 783/2293/2293
f 780/2304/2304 783/2293/2293 787/2282/2282
f 787/2282/2282 783/2293/2293 791/2294/2294
f 787/2282/2282 791/2294/2294 795/2281/2281
f 795/2281/2281 791/2294/2294 799/2295/2295
f 795/2281/2281 799/2295/2295 803/2280/2280
f 803/2280/2280 799/2295/2295 815/2296/2296
f 803/2280/2280 815/2296/2296 831/2279/2279
f 831/2279/2279 815/2296/2296 859/2297/2297
f 831/2279/2279 859/2297/2297 887/2278/2278
f 887/2278/2278 859/2297/2297 907/2298/2298
f 887/2278/2278 907/2298/2298 927/2277/2277
f 927/2277/2277 907/2298/2298 937/2299/2299
f 927/2277/2277 937/2299/2299 941/2276/2276
f 941/2276/2276 937/2299/2299 949/2300/2300
f 941/2276/2276 949/2300/2300 953/2275/2275
f 953/2275/2275 949/2300/2300 957/2301/2301
f 953/2275/2275 957/2301/2301 961/2274/2274
f 961/2274/2274 957/2301/2301 964/2283/2283
f 961/2274/2274 964/2283/2283 960/2273/2273
f 960/2273/2273 964/2283/2283 956/2284/2284
f 960/2273/2273 956/2284/2284 952/2272/2272
f 952/2272/2272 956/2284/2284 948/2285/2285
f 952/2272/2272 948/2285/2285 940/2271/2271
f 940/2271/2271 948/2285/2285 936/2286/2286
f 940/2271/2271 936/2286/2286 926/2270/2270
f 926/2270/2270 936/2286/2286 906/2287/2287
f 926/2270/2270 906/2287/2287 886/2269/2269
f 886/2269/2269 906/2287/2287 858/2288/2288
f 886/2269/2269 858/2288/2288 830/2268/2268
f 830/2268/2268 858/2288/2288 814/2289/2289
f 830/2268/2268 814/2289/2289 802/2267/2267
f 802/2267/2267 814/2289/2289 798/2290/2290
f 802/2267/2267 798/2290/2290 794/2266/2266
f 794/2266/2266 798/2290/2290 790/2291/2291
f 794/2266/2266 790/2291/2291 786/2265/2265
f 786/2265/2265 790/2291/2291 782/2305/2305
f 845/2307/2307 811/2322/2322 827/2306/2306
f 827/2306/2306 811/2322/2322 810/2323/2323
f 827/2306/2306 810/2323/2323 843/2315/2315
f 843/2315/2315 810/2323/2323 818/2324/2324
f 843/2315/2315 818/2324/2324 863/2314/2314
f 863/2314/2314 818/2324/2324 854/2325/2325
f 863/2314/2314 854/2325/2325 874/2326/2326
f 811/2322/2322 845/2307/2307 819/2321/2321
f 819/2321/2321 845/2307/2307 865/2308/2308
f 819/2321/2321 865/2308/2308 855/2320/2320
f 855/2320/2320 865/2308/2308 875/2319/2319
f 875/2319/2319 865/2308/2308 881/2309/2309
f 875/2319/2319 881/2309/2309 915/2318/2318
f 915/2318/2318 881/2309/2309 893/2310/2310
f 915/2318/2318 893/2310/2310 923/2317/2317
f 923/2317/2317 893/2310/2310 911/2311/2311
f 923/2317/2317 911/2311/2311 930/2316/2316
f 930/2316/2316 911/2311/2311 922/2328/2328
f 922/2328/2328 911/2311/2311 891/2312/2312
f 922/2328/2328 891/2312/2312 914/2327/2327
f 914/2327/2327 891/2312/2312 879/2313/2313
f 914/2327/2327 879/2313/2313 874/2326/2326
f 874/2326/2326 879/2313/2313 863/2314/2314
f 958/2347/2347 965/2361/2361 931/2348/2348
f 931/2362/2362 965/2329/2329 959/2330/2330
f 931/2363/2363 959/2330/2330 925/2360/2360
f 925/2360/2360 959/2330/2330 951/2331/2331
f 925/2360/2360 951/2331/2331 917/2359/2359
f 917/2359/2359 951/2331/2331 939/2332/2332
f 917/2359/2359 939/2332/2332 909/2333/2333
f 917/2359/2359 909/2333/2333 877/2358/2358
f 877/2358/2358 909/2333/2333 861/2334/2334
f 877/2358/2358 861/2334/2334 857/2357/2357
f 857/2357/2357 861/2334/2334 817/2335/2335
f 857/2357/2357 817/2335/2335 801/2336/2336
f 857/2357/2357 801/2336/2336 821/2356/2356
f 821/2356/2356 801/2336/2336 793/2337/2337
f 821/2356/2356 793/2337/2337 813/2355/2355
f 813/2355/2355 793/2337/2337 785/2338/2338
f 813/2355/2355 785/2338/2338 784/2339/2339
f 813/2355/2355 784/2339/2339 812/2354/2354
f 812/2354/2354 784/2339/2339 792/2340/2340
f 812/2354/2354 792/2340/2340 820/2353/2353
f 820/2353/2353 792/2340/2340 800/2341/2341
f 820/2353/2353 800/2341/2341 856/2352/2352
f 856/2352/2352 800/2341/2341 816/2342/2342
f 856/2352/2352 816/2342/2342 860/2343/2343
f 856/2352/2352 860/2343/2343 876/2351/2351
f 876/2351/2351 860/2343/2343 908/2344/2344
f 876/2351/2351 908/2344/2344 916/2350/2350
f 916/2350/2350 908/2344/2344 938/2345/2345
f 916/2350/2350 938/2345/2345 950/2346/2346
f 916/2350/2350 950/2346/2346 924/2349/2349
f 924/2349/2349 950/2346/2346 958/2347/2347
f 924/2349/2349 958/2347/2347 931/2348/2348
f 788/2365/2365 784/2402/2402 781/2364/2364
f 781/2403/2403 784/2392/2392 785/2393/2393
f 781/2404/2404 785/2393/2393 789/2382/2382
f 789/2382/2382 785/2393/2393 793/2394/2394
f 789/2382/2382 793/2394/2394 797/2381/2381
f 797/2381/2381 793/2394/2394 801/2395/2395
f 797/2381/2381 801/2395/2395 805/2380/2380
f 805/2380/2380 801/2395/2395 817/2396/2396
f 805/2380/2380 817/2396/2396 833/2379/2379
f 833/2379/2379 817/2396/2396 861/2397/2397
f 833/2379/2379 861/2397/2397 889/2378/2378
f 889/2378/2378 861/2397/2397 909/2398/2398
f 889/2378/2378 909/2398/2398 929/2377/2377
f 929/2377/2377 909/2398/2398 939/2399/2399
f 929/2377/2377 939/2399/2399 943/2376/2376
f 943/2376/2376 939/2399/2399 951/2400/2400
f 943/2376/2376 951/2400/2400 955/2375/2375
f 955/2375/2375 951/2400/2400 959/2401/2401
f 955/2375/2375 959/2401/2401 963/2374/2374
f 963/2374/2374 959/2401/2401 965/2383/2383
f 963/2374/2374 965/2383/2383 962/2373/2373
f 962/2373/2373 965/2383/2383 958/2384/2384
f 962/2373/2373 958/2384/2384 954/2372/2372
f 954/2372/2372 958/2384/2384 950/2385/2385
f 954/2372/2372 950/2385/2385 942/2371/2371
f 942/2371/2371 950/2385/2385 938/2386/2386
f 942/2371/2371 938/2386/2386 928/2370/2370
f 928/2370/2370 938/2386/2386 908/2387/2387
f 928/2370/2370 908/2387/2387 888/2369/2369
f 888/2369/2369 908/2387/2387 860/2388/2388
f 888/2369/2369 860/2388/2388 832/2368/2368
f 832/2368/2368 860/2388/2388 816/2389/2389
f 832/2368/2368 816/2389/2389 804/2367/2367
f 804/2367/2367 816/2389/2389 800/2390/2390
f 804/2367/2367 800/2390/2390 796/2366/2366
f 796/2366/2366 800/2390/2390 792/2391/2391
f 796/2366/2366 792/2391/2391 788/2365/2365
f 788/2365/2365 792/2391/2391 784/2405/2405
f 849/2407/2407 813/2422/2422 829/2406/2406
f 829/2406/2406 813/2422/2422 812/2423/2423
f 829/2406/2406 812/2423/2423 847/2415/2415
f 847/2415/2415 812/2423/2423 820/2424/2424
f 847/2415/2415 820/2424/2424 867/2414/2414
f 867/2414/2414 820/2424/2424 856/2425/2425
f 867/2414/2414 856/2425/2425 876/2426/2426
f 813/2422/2422 849/2407/2407 821/2421/2421
f 821/2421/2421 849/2407/2407 869/2408/2408
f 821/2421/2421 869/2408/2408 857/2420/2420
f 857/2420/2420 869/2408/2408 877/2419/2419
f 877/2419/2419 869/2408/2408 885/2409/2409
f 877/2419/2419 885/2409/2409 917/2418/2418
f 917/2418/2418 885/2409/2409 897/2410/2410
f 917/2418/2418 897/2410/2410 925/2417/2417
f 925/2417/2417 897/2410/2410 913/2411/2411
f 925/2417/2417 913/2411/2411 931/2416/2416
f 931/2416/2416 913/2411/2411 924/2428/2428
f 924/2428/2428 913/2411/2411 895/2412/2412
f 924/2428/2428 895/2412/2412 916/2427/2427
f 916/2427/2427 895/2412/2412 883/2413/2413
f 916/2427/2427 883/2413/2413 876/2426/2426
f 876/2426/2426 883/2413/2413 867/2414/2414
f 500/2447/2447 507/2461/2461 477/2448/2448
f 477/2462/2462 507/2429/2429 501/2430/2430
f 477/2463/2463 501/2430/2430 471/2460/2460
f 471/2460/2460 501/2430/2430 493/2431/2431
f 471/2460/2460 493/2431/2431 465/2459/2459
f 465/2459/2459 493/2431/2431 485/2432/2432
f 465/2459/2459 485/2432/2432 457/2433/2433
f 465/2459/2459 457/2433/2433 417/2458/2458
f 417/2458/2458 457/2433/2433 405/2434/2434
f 417/2458/2458 405/2434/2434 401/2457/2457
f 401/2457/2457 405/2434/2434 365/2435/2435
f 401/2457/2457 365/2435/2435 345/2436/2436
f 401/2457/2457 345/2436/2436 369/2456/2456
f 369/2456/2456 345/2436/2436 337/2437/2437
f 369/2456/2456 337/2437/2437 361/2455/2455
f 361/2455/2455 337/2437/2437 325/2438/2438
f 361/2455/2455 325/2438/2438 324/2439/2439
f 361/2455/2455 324/2439/2439 360/2454/2454
f 360/2454/2454 324/2439/2439 336/2440/2440
f 360/2454/2454 336/2440/2440 368/2453/2453
f 368/2453/2453 336/2440/2440 344/2441/2441
f 368/2453/2453 344/2441/2441 400/2452/2452
f 400/2452/2452 344/2441/2441 364/2442/2442
f 400/2452/2452 364/2442/2442 404/2443/2443
f 400/2452/2452 404/2443/2443 416/2451/2451
f 416/2451/2451 404/2443/2443 456/2444/2444
f 416/2451/2451 456/2444/2444 464/2450/2450
f 464/2450/2450 456/2444/2444 484/2445/2445
f 464/2450/2450 484/2445/2445 492/2446/2446
f 464/2450/2450 492/2446/2446 470/2449/2449
f 470/2449/2449 492/2446/2446 500/2447/2447
f 470/2449/2449 500/2447/2447 477/2448/2448
f 328/2465/2465 324/2502/2502 321/2464/2464
f 321/2503/2503 324/2492/2492 325/2493/2493
f 321/2504/2504 325/2493/2493 329/2482/2482
f 329/2482/2482 325/2493/2493 337/2494/2494
f 329/2482/2482 337/2494/2494 341/2481/2481
f 341/2481/2481 337/2494/2494 345/2495/2495
f 341/2481/2481 345/2495/2495 349/2480/2480
f 349/2480/2480 345/2495/2495 365/2496/2496
f 349/2480/2480 365/2496/2496 377/2479/2479
f 377/2479/2479 365/2496/2496 405/2497/2497
f 377/2479/2479 405/2497/2497 433/2478/2478
f 433/2478/2478 405/2497/2497 457/2498/2498
f 433/2478/2478 457/2498/2498 475/2477/2477
f 475/2477/2477 457/2498/2498 485/2499/2499
f 475/2477/2477 485/2499/2499 489/2476/2476
f 489/2476/2476 485/2499/2499 493/2500/2500
f 489/2476/2476 493/2500/2500 497/2475/2475
f 497/2475/2475 493/2500/2500 501/2501/2501
f 497/2475/2475 501/2501/2501 505/2474/2474
f 505/2474/2474 501/2501/2501 507/2483/2483
f 505/2474/2474 507/2483/2483 504/2473/2473
f 504/2473/2473 507/2483/2483 500/2484/2484
f 504/2473/2473 500/2484/2484 496/2472/2472
f 496/2472/2472 500/2484/2484 492/2485/2485
f 496/2472/2472 492/2485/2485 488/2471/2471
f 488/2471/2471 492/2485/2485 484/2486/2486
f 488/2471/2471 484/2486/2486 474/2470/2470
f 474/2470/2470 484/2486/2486 456/2487/2487
f 474/2470/2470 456/2487/2487 432/2469/2469
f 432/2469/2469 456/2487/2487 404/2488/2488
f 432/2469/2469 404/2488/2488 376/2468/2468
f 376/2468/2468 404/2488/2488 364/2489/2489
f 376/2468/2468 364/2489/2489 348/2467/2467
f 348/2467/2467 364/2489/2489 344/2490/2490
f 348/2467/2467 344/2490/2490 340/2466/2466
f 340/2466/2466 344/2490/2490 336/2491/2491
f 340/2466/2466 336/2491/2491 328/2465/2465
f 328/2465/2465 336/2491/2491 324/2505/2505
f 393/2507/2507 361/2522/2522 373/2506/2506
f 373/2506/2506 361/2522/2522 360/2523/2523
f 373/2506/2506 360/2523/2523 391/2515/2515
f 391/2515/2515 360/2523/2523 368/2524/2524
f 391/2515/2515 368/2524/2524 411/2514/2514
f 411/2514/2514 368/2524/2524 400/2525/2525
f 411/2514/2514 400/2525/2525 416/2526/2526
f 361/2522/2522 393/2507/2507 369/2521/2521
f 369/2521/2521 393/2507/2507 413/2508/2508
f 369/2521/2521 413/2508/2508 401/2520/2520
f 401/2520/2520 413/2508/2508 417/2519/2519
f 417/2519/2519 413/2508/2508 425/2509/2509
f 417/2519/2519 425/2509/2509 465/2518/2518
f 465/2518/2518 425/2509/2509 441/2510/2510
f 465/2518/2518 441/2510/2510 471/2517/2517
f 471/2517/2517 441/2510/2510 461/2511/2511
f 471/2517/2517 461/2511/2511 477/2516/2516
f 477/2516/2516 461/2511/2511 470/2528/2528
f 470/2528/2528 461/2511/2511 439/2512/2512
f 470/2528/2528 439/2512/2512 464/2527/2527
f 464/2527/2527 439/2512/2512 423/2513/2513
f 464/2527/2527 423/2513/2513 416/2526/2526
f 416/2526/2526 423/2513/2513 411/2514/2514
f 498/2547/2547 506/2561/2561 476/2548/2548
f 476/2562/2562 506/2529/2529 499/2530/2530
f 476/2563/2563 499/2530/2530 469/2560/2560
f 469/2560/2560 499/2530/2530 491/2531/2531
f 469/2560/2560 491/2531/2531 463/2559/2559
f 463/2559/2559 491/2531/2531 483/2532/2532
f 463/2559/2559 483/2532/2532 455/2533/2533
f 463/2559/2559 455/2533/2533 415/2558/2558
f 415/2558/2558 455/2533/2533 403/2534/2534
f 415/2558/2558 403/2534/2534 399/2557/2557
f 399/2557/2557 403/2534/2534 363/2535/2535
f 399/2557/2557 363/2535/2535 343/2536/2536
f 399/2557/2557 343/2536/2536 367/2556/2556
f 367/2556/2556 343/2536/2536 335/2537/2537
f 367/2556/2556 335/2537/2537 359/2555/2555
f 359/2555/2555 335/2537/2537 323/2538/2538
f 359/2555/2555 323/2538/2538 322/2539/2539
f 359/2555/2555 322/2539/2539 358/2554/2554
f 358/2554/2554 322/2539/2539 334/2540/2540
f 358/2554/2554 334/2540/2540 366/2553/2553
f 366/2553/2553 334/2540/2540 342/2541/2541
f 366/2553/2553 342/2541/2541 398/2552/2552
f 398/2552/2552 342/2541/2541 362/2542/2542
f 398/2552/2552 362/2542/2542 402/2543/2543
f 398/2552/2552 402/2543/2543 414/2551/2551
f 414/2551/2551 402/2543/2543 454/2544/2544
f 414/2551/2551 454/2544/2544 462/2550/2550
f 462/2550/2550 454/2544/2544 482/2545/2545
f 462/2550/2550 482/2545/2545 490/2546/2546
f 462/2550/2550 490/2546/2546 468/2549/2549
f 468/2549/2549 490/2546/2546 498/2547/2547
f 468/2549/2549 498/2547/2547 476/2548/2548
f 326/2565/2565 322/2602/2602 320/2564/2564
f 320/2603/2603 322/2592/2592 323/2593/2593
f 320/2604/2604 323/2593/2593 327/2582/2582
f 327/2582/2582 323/2593/2593 335/2594/2594
f 327/2582/2582 335/2594/2594 339/2581/2581
f 339/2581/2581 335/2594/2594 343/2595/2595
f 339/2581/2581 343/2595/2595 347/2580/2580
f 347/2580/2580 343/2595/2595 363/2596/2596
f 347/2580/2580 363/2596/2596 375/2579/2579
f 375/2579/2579 363/2596/2596 403/2597/2597
f 375/2579/2579 403/2597/2597 431/2578/2578
f 431/2578/2578 403/2597/2597 455/2598/2598
f 431/2578/2578 455/2598/2598 473/2577/2577
f 473/2577/2577 455/2598/2598 483/2599/2599
f 473/2577/2577 483/2599/2599 487/2576/2576
f 487/2576/2576 483/2599/2599 491/2600/2600
f 487/2576/2576 491/2600/2600 495/2575/2575
f 495/2575/2575 491/2600/2600 499/2601/2601
f 495/2575/2575 499/2601/2601 503/2574/2574
f 503/2574/2574 499/2601/2601 506/2583/2583
f 503/2574/2574 506/2583/2583 502/2573/2573
f 502/2573/2573 506/2583/2583 498/2584/2584
f 502/2573/2573 498/2584/2584 494/2572/2572
f 494/2572/2572 498/2584/2584 490/2585/2585
f 494/2572/2572 490/2585/2585 486/2571/2571
f 486/2571/2571 490/2585/2585 482/2586/2586
f 486/2571/2571 482/2586/2586 472/2570/2570
f 472/2570/2570 482/2586/2586 454/2587/2587
f 472/2570/2570 454/2587/2587 430/2569/2569
f 430/2569/2569 454/2587/2587 402/2588/2588
f 430/2569/2569 402/2588/2588 374/2568/2568
f 374/2568/2568 402/2588/2588 362/2589/2589
f 374/2568/2568 362/2589/2589 346/2567/2567
f 346/2567/2567 362/2589/2589 342/2590/2590
f 346/2567/2567 342/2590/2590 338/2566/2566
f 338/2566/2566 342/2590/2590 334/2591/2591
f 338/2566/2566 334/2591/2591 326/2565/2565
f 326/2565/2565 334/2591/2591 322/2605/2605
f 389/2607/2607 359/2622/2622 371/2606/2606
f 371/2606/2606 359/2622/2622 358/2623/2623
f 371/2606/2606 358/2623/2623 387/2615/2615
f 387/2615/2615 358/2623/2623 366/2624/2624
f 387/2615/2615 366/2624/2624 407/2614/2614
f 407/2614/2614 366/2624/2624 398/2625/2625
f 407/2614/2614 398/2625/2625 414/2626/2626
f 359/2622/2622 389/2607/2607 367/2621/2621
f 367/2621/2621 389/2607/2607 409/2608/2608
f 367/2621/2621 409/2608/2608 399/2620/2620
f 399/2620/2620 409/2608/2608 415/2619/2619
f 415/2619/2619 409/2608/2608 421/2609/2609
f 415/2619/2619 421/2609/2609 463/2618/2618
f 463/2618/2618 421/2609/2609 437/2610/2610
f 463/2618/2618 437/2610/2610 469/2617/2617
f 469/2617/2617 437/2610/2610 459/2611/2611
f 469/2617/2617 459/2611/2611 476/2616/2616
f 476/2616/2616 459/2611/2611 468/2628/2628
f 468/2628/2628 459/2611/2611 435/2612/2612
f 468/2628/2628 435/2612/2612 462/2627/2627
f 462/2627/2627 435/2612/2612 419/2613/2613
f 462/2627/2627 419/2613/2613 414/2626/2626
f 414/2626/2626 419/2613/2613 407/2614/2614
f 900/2629/2629 932/2630/2630 901/2632/2632
f 901/2632/2632 932/2630/2630 933/2631/2631
f 932/2633/2633 898/2634/2634 933/2636/2636
f 933/2636/2636 898/2634/2634 899/2635/2635
f 898/2637/2637 834/2638/2638 899/2640/2640
f 899/2640/2640 834/2638/2638 835/2639/2639
f 834/2641/2641 806/2642/2642 835/2644/2644
f 835/2644/2644 806/2642/2642 807/2643/2643
f 806/2645/2645 836/2646/2646 807/2648/2648
f 807/2648/2648 836/2646/2646 837/2647/2647
f 836/2649/2649 900/2650/2650 837/2652/2652
f 837/2652/2652 900/2650/2650 901/2651/2651
f 844/2662/2662 826/2653/2653 807/2668/2668
f 807/2668/2668 826/2653/2653 842/2654/2654
f 807/2668/2668 842/2654/2654 835/2667/2667
f 835/2667/2667 842/2654/2654 862/2655/2655
f 835/2667/2667 862/2655/2655 878/2656/2656
f 835/2667/2667 878/2656/2656 899/2666/2666
f 899/2666/2666 878/2656/2656 890/2657/2657
f 899/2666/2666 890/2657/2657 933/2665/2665
f 933/2665/2665 890/2657/2657 910/2658/2658
f 933/2665/2665 910/2658/2658 892/2659/2659
f 933/2665/2665 892/2659/2659 901/2664/2664
f 901/2664/2664 892/2659/2659 880/2660/2660
f 901/2664/2664 880/2660/2660 864/2661/2661
f 901/2664/2664 864/2661/2661 837/2663/2663
f 837/2663/2663 864/2661/2661 844/2662/2662
f 837/2663/2663 844/2662/2662 807/2668/2668
f 904/2669/2669 934/2670/2670 905/2672/2672
f 905/2672/2672 934/2670/2670 935/2671/2671
f 934/2673/2673 902/2674/2674 935/2676/2676
f 935/2676/2676 902/2674/2674 903/2675/2675
f 902/2677/2677 838/2678/2678 903/2680/2680
f 903/2680/2680 838/2678/2678 839/2679/2679
f 838/2681/2681 808/2682/2682 839/2684/2684
f 839/2684/2684 808/2682/2682 809/2683/2683
f 808/2685/2685 840/2686/2686 809/2688/2688
f 809/2688/2688 840/2686/2686 841/2687/2687
f 840/2689/2689 904/2690/2690 841/2692/2692
f 841/2692/2692 904/2690/2690 905/2691/2691
f 848/2702/2702 828/2693/2693 809/2708/2708
f 809/2708/2708 828/2693/2693 846/2694/2694
f 809/2708/2708 846/2694/2694 839/2707/2707
f 839/2707/2707 846/2694/2694 866/2695/2695
f 839/2707/2707 866/2695/2695 882/2696/2696
f 839/2707/2707 882/2696/2696 903/2706/2706
f 903/2706/2706 882/2696/2696 894/2697/2697
f 903/2706/2706 894/2697/2697 935/2705/2705
f 935/2705/2705 894/2697/2697 912/2698/2698
f 935/2705/2705 912/2698/2698 896/2699/2699
f 935/2705/2705 896/2699/2699 905/2704/2704
f 905/2704/2704 896/2699/2699 884/2700/2700
f 905/2704/2704 884/2700/2700 868/2701/2701
f 905/2704/2704 868/2701/2701 841/2703/2703
f 841/2703/2703 868/2701/2701 848/2702/2702
f 841/2703/2703 848/2702/2702 809/2708/2708
f 444/2709/2709 478/2710/2710 445/2712/2712
f 445/2712/2712 478/2710/2710 479/2711/2711
f 478/2713/2713 442/2714/2714 479/2716/2716
f 479/2716/2716 442/2714/2714 443/2715/2715
f 442/2717/2717 378/2718/2718 443/2720/2720
f 443/2720/2720 378/2718/2718 379/2719/2719
f 378/2721/2721 354/2722/2722 379/2724/2724
f 379/2724/2724 354/2722/2722 355/2723/2723
f 354/2725/2725 380/2726/2726 355/2728/2728
f 355/2728/2728 380/2726/2726 381/2727/2727
f 380/2729/2729 444/2730/2730 381/2732/2732
f 381/2732/2732 444/2730/2730 445/2731/2731
f 388/2742/2742 370/2733/2733 355/2748/2748
f 355/2748/2748 370/2733/2733 386/2734/2734
f 355/2748/2748 386/2734/2734 379/2747/2747
f 379/2747/2747 386/2734/2734 406/2735/2735
f 379/2747/2747 406/2735/2735 418/2736/2736
f 379/2747/2747 418/2736/2736 443/2746/2746
f 443/2746/2746 418/2736/2736 434/2737/2737
f 443/2746/2746 434/2737/2737 479/2745/2745
f 479/2745/2745 434/2737/2737 458/2738/2738
f 479/2745/2745 458/2738/2738 436/2739/2739
f 479/2745/2745 436/2739/2739 445/2744/2744
f 445/2744/2744 436/2739/2739 420/2740/2740
f 445/2744/2744 420/2740/2740 408/2741/2741
f 445/2744/2744 408/2741/2741 381/2743/2743
f 381/2743/2743 408/2741/2741 388/2742/2742
f 381/2743/2743 388/2742/2742 355/2748/2748
f 448/2749/2749 480/2750/2750 449/2752/2752
f 449/2752/2752 480/2750/2750 481/2751/2751
f 480/2753/2753 446/2754/2754 481/2756/2756
f 481/2756/2756 446/2754/2754 447/2755/2755
f 446/2757/2757 382/2758/2758 447/2760/2760
f 447/2760/2760 382/2758/2758 383/2759/2759
f 382/2761/2761 356/2762/2762 383/2764/2764
f 383/2764/2764 356/2762/2762 357/2763/2763
f 356/2765/2765 384/2766/2766 357/2768/2768
f 357/2768/2768 384/2766/2766 385/2767/2767
f 384/2769/2769 448/2770/2770 385/2772/2772
f 385/2772/2772 448/2770/2770 449/2771/2771
f 392/2782/2782 372/2773/2773 357/2788/2788
f 357/2788/2788 372/2773/2773 390/2774/2774
f 357/2788/2788 390/2774/2774 383/2787/2787
f 383/2787/2787 390/2774/2774 410/2775/2775
f 383/2787/2787 410/2775/2775 422/2776/2776
f 383/2787/2787 422/2776/2776 447/2786/2786
f 447/2786/2786 422/2776/2776 438/2777/2777
f 447/2786/2786 438/2777/2777 481/2785/2785
f 481/2785/2785 438/2777/2777 460/2778/2778
f 481/2785/2785 460/2778/2778 440/2779/2779
f 481/2785/2785 440/2779/2779 449/2784/2784
f 449/2784/2784 440/2779/2779 424/2780/2780
f 449/2784/2784 424/2780/2780 412/2781/2781
f 449/2784/2784 412/2781/2781 385/2783/2783
f 385/2783/2783 412/2781/2781 392/2782/2782
f 385/2783/2783 392/2782/2782 357/2788/2788
f 848/2790/2790 849/2808/2808 828/2789/2789
f 828/2789/2789 849/2808/2808 829/2809/2809
f 828/2810/2810 829/2799/2799 846/2798/2798
f 846/2798/2798 829/2799/2799 847/2800/2800
f 846/2798/2798 847/2800/2800 866/2797/2797
f 866/2797/2797 847/2800/2800 867/2801/2801
f 866/2797/2797 867/2801/2801 882/2796/2796
f 882/2796/2796 867/2801/2801 883/2802/2802
f 882/2796/2796 883/2802/2802 894/2795/2795
f 894/2795/2795 883/2802/2802 895/2803/2803
f 894/2795/2795 895/2803/2803 912/2794/2794
f 912/2794/2794 895/2803/2803 913/2804/2804
f 912/2794/2794 913/2804/2804 896/2793/2793
f 896/2793/2793 913/2804/2804 897/2805/2805
f 896/2793/2793 897/2805/2805 884/2792/2792
f 884/2792/2792 897/2805/2805 885/2806/2806
f 884/2792/2792 885/2806/2806 868/2791/2791
f 868/2791/2791 885/2806/2806 869/2807/2807
f 868/2791/2791 869/2807/2807 848/2790/2790
f 848/2790/2790 869/2807/2807 849/2808/2808
f 392/2812/2812 393/2830/2830 372/2811/2811
f 372/2811/2811 393/2830/2830 373/2831/2831
f 372/2832/2832 373/2821/2821 390/2820/2820
f 390/2820/2820 373/2821/2821 391/2822/2822
f 390/2820/2820 391/2822/2822 410/2819/2819
f 410/2819/2819 391/2822/2822 411/2823/2823
f 410/2819/2819 411/2823/2823 422/2818/2818
f 422/2818/2818 411/2823/2823 423/2824/2824
f 422/2818/2818 423/2824/2824 438/2817/2817
f 438/2817/2817 423/2824/2824 439/2825/2825
f 438/2817/2817 439/2825/2825 460/2816/2816
f 460/2816/2816 439/2825/2825 461/2826/2826
f 460/2816/2816 461/2826/2826 440/2815/2815
f 440/2815/2815 461/2826/2826 441/2827/2827
f 440/2815/2815 441/2827/2827 424/2814/2814
f 424/2814/2814 441/2827/2827 425/2828/2828
f 424/2814/2814 425/2828/2828 412/2813/2813
f 412/2813/2813 425/2828/2828 413/2829/2829
f 412/2813/2813 413/2829/2829 392/2812/2812
f 392/2812/2812 413/2829/2829 393/2830/2830
f 844/2834/2834 845/2852/2852 826/2833/2833
f 826/2833/2833 845/2852/2852 827/2853/2853
f 826/2854/2854 827/2843/2843 842/2842/2842
f 842/2842/2842 827/2843/2843 843/2844/2844
f 842/2842/2842 843/2844/2844 862/2841/2841
f 862/2841/2841 843/2844/2844 863/2845/2845
f 862/2841/2841 863/2845/2845 878/2840/2840
f 878/2840/2840 863/2845/2845 879/2846/2846
f 878/2840/2840 879/2846/2846 890/2839/2839
f 890/2839/2839 879/2846/2846 891/2847/2847
f 890/2839/2839 891/2847/2847 910/2838/2838
f 910/2838/2838 891/2847/2847 911/2848/2848
f 910/2838/2838 911/2848/2848 892/2837/2837
f 892/2837/2837 911/2848/2848 893/2849/2849
f 892/2837/2837 893/2849/2849 880/2836/2836
f 880/2836/2836 893/2849/2849 881/2850/2850
f 880/2836/2836 881/2850/2850 864/2835/2835
f 864/2835/2835 881/2850/2850 865/2851/2851
f 864/2835/2835 865/2851/2851 844/2834/2834
f 844/2834/2834 865/2851/2851 845/2852/2852
f 388/2856/2856 389/2874/2874 370/2855/2855
f 370/2855/2855 389/2874/2874 371/2875/2875
f 370/2876/2876 371/2865/2865 386/2864/2864
f 386/2864/2864 371/2865/2865 387/2866/2866
f 386/2864/2864 387/2866/2866 406/2863/2863
f 406/2863/2863 387/2866/2866 407/2867/2867
f 406/2863/2863 407/2867/2867 418/2862/2862
f 418/2862/2862 407/2867/2867 419/2868/2868
f 418/2862/2862 419/2868/2868 434/2861/2861
f 434/2861/2861 419/2868/2868 435/2869/2869
f 434/2861/2861 435/2869/2869 458/2860/2860
f 458/2860/2860 435/2869/2869 459/2870/2870
f 458/2860/2860 459/2870/2870 436/2859/2859
f 436/2859/2859 459/2870/2870 437/2871/2871
f 436/2859/2859 437/2871/2871 420/2858/2858
f 420/2858/2858 437/2871/2871 421/2872/2872
f 420/2858/2858 421/2872/2872 408/2857/2857
f 408/2857/2857 421/2872/2872 409/2873/2873
f 408/2857/2857 409/2873/2873 388/2856/2856
f 388/2856/2856 409/2873/2873 389/2874/2874
f 680/2878/2878 834/2909/2909 640/2877/2877
f 640/2877/2877 834/2909/2909 1235/2896/2896
f 640/2877/2877 1235/2896/2896 21/2897/2897
f 834/2909/2909 680/2878/2878 806/2908/2908
f 806/2908/2908 680/2878/2878 682/2879/2879
f 806/2908/2908 682/2879/2879 836/2907/2907
f 836/2907/2907 682/2879/2879 642/2880/2880
f 836/2907/2907 642/2880/2880 838/2915/2915
f 838/2915/2915 642/2880/2880 644/2885/2885
f 838/2915/2915 644/2885/2885 684/2886/2886
f 604/2881/2881 444/2918/2918 642/2880/2880
f 642/2880/2880 444/2918/2918 446/2928/2928
f 642/2880/2880 446/2928/2928 644/2885/2885
f 644/2885/2885 446/2928/2928 606/2884/2884
f 606/2884/2884 446/2928/2928 480/2923/2923
f 606/2884/2884 480/2923/2923 608/2883/2883
f 608/2883/2883 480/2923/2923 448/2924/2924
f 608/2883/2883 448/2924/2924 646/2888/2888
f 646/2888/2888 448/2924/2924 35/2904/2904
f 646/2888/2888 35/2904/2904 1249/2889/2889
f 444/2918/2918 604/2881/2881 478/2917/2917
f 478/2917/2917 604/2881/2881 602/2882/2882
f 478/2917/2917 602/2882/2882 442/2922/2922
f 442/2922/2922 602/2882/2882 640/2877/2877
f 442/2922/2922 640/2877/2877 21/2897/2897
f 838/2915/2915 684/2886/2886 808/2914/2914
f 808/2914/2914 684/2886/2886 686/2887/2887
f 808/2914/2914 686/2887/2887 840/2913/2913
f 840/2913/2913 686/2887/2887 646/2888/2888
f 840/2913/2913 646/2888/2888 1249/2889/2889
f 1261/2890/2890 1265/2891/2891 1249/2889/2889
f 1249/2889/2889 1265/2891/2891 1269/2892/2892
f 1249/2889/2889 1269/2892/2892 904/2912/2912
f 904/2912/2912 1269/2892/2892 934/2911/2911
f 934/2911/2911 1269/2892/2892 902/2916/2916
f 902/2916/2916 1269/2892/2892 1267/2893/2893
f 902/2916/2916 1267/2893/2893 900/2906/2906
f 900/2906/2906 1267/2893/2893 932/2905/2905
f 932/2905/2905 1267/2893/2893 898/2910/2910
f 898/2910/2910 1267/2893/2893 1235/2896/2896
f 898/2910/2910 1235/2896/2896 834/2909/2909
f 1267/2893/2893 1263/2894/2894 1235/2896/2896
f 1235/2896/2896 1263/2894/2894 1255/2895/2895
f 9/2898/2898 5/2899/2899 21/2897/2897
f 21/2897/2897 5/2899/2899 1/2900/2900
f 21/2897/2897 1/2900/2900 378/2921/2921
f 378/2921/2921 1/2900/2900 354/2920/2920
f 354/2920/2920 1/2900/2900 380/2919/2919
f 380/2919/2919 1/2900/2900 382/2927/2927
f 380/2919/2919 382/2927/2927 446/2928/2928
f 1/2900/2900 3/2901/2901 382/2927/2927
f 382/2927/2927 3/2901/2901 356/2926/2926
f 356/2926/2926 3/2901/2901 384/2925/2925
f 384/2925/2925 3/2901/2901 35/2904/2904
f 384/2925/2925 35/2904/2904 448/2924/2924
f 3/2901/2901 7/2902/2902 35/2904/2904
f 35/2904/2904 7/2902/2902 15/2903/2903
f 900/2906/2906 836/2907/2907 902/2916/2916
f 902/2916/2916 836/2907/2907 838/2915/2915
f 904/2912/2912 840/2913/2913 1249/2889/2889
f 444/2918/2918 380/2919/2919 446/2928/2928
f 378/2921/2921 442/2922/2922 21/2897/2897
# 1270 vertices
# 2928 texture params
# 2928 normals
# 2616 facets

# 1 groups
