# WaveFront *.obj file (generated by Autodesk ATF)

mtllib Couvercle_Meca_IIm_Ligne.mtl

g Solide1

v -75.000000 -58.000002 0.000000
v -75.000000 -58.000002 18.629297
v -75.000000 -57.680397 20.867929
v -75.000000 -56.747131 22.927694
v -75.000000 -55.274768 24.644015
v -75.000000 -53.380947 25.879760
v -75.000000 34.880955 67.036958
v -75.000000 36.017952 67.315183
v -75.000000 37.174869 67.137113
v -75.000000 38.175581 66.529870
v -75.000000 38.867733 65.585890
v -75.000000 57.250462 26.164000
v -75.000000 57.663918 25.077479
v -75.000000 57.915535 23.942509
v -75.000000 58.000002 0.000000
v -75.000000 58.000002 22.783053
v -74.732051 -59.000001 0.000000
v -74.732051 -59.000001 18.629297
v -74.732051 -58.640447 21.147759
v -74.732051 -57.590523 23.464994
v -74.732051 -55.934114 25.395856
v -74.732051 -53.803563 26.786067
v -74.732051 34.458337 67.943268
v -74.732051 35.974331 68.314228
v -74.732051 37.516890 68.076806
v -74.732051 38.851171 67.267146
v -74.732051 39.774041 66.008511
v -74.732051 58.156772 26.586618
v -74.732051 58.786664 24.731009
v -74.732051 59.000001 0.000000
v -74.732051 59.000001 22.783053
v -74.099998 -57.100000 0.000000
v -74.099998 -57.100000 1.200000
v -74.099998 57.100000 0.000000
v -74.099998 57.100000 1.200000
v -74.000001 -59.732051 0.000000
v -74.000001 -59.732051 18.629297
v -74.000001 -59.343252 21.352608
v -74.000001 -58.207927 23.858325
v -74.000001 -56.416788 25.946240
v -74.000001 -54.112945 27.449532
v -74.000001 34.148958 68.606730
v -74.000001 35.942400 69.045582
v -74.000001 37.767265 68.764710
v -74.000001 39.345737 67.806869
v -74.000001 40.437503 66.317887
v -74.000001 58.820233 26.895995
v -74.000001 59.501362 24.889455
v -74.000001 59.732051 0.000000
v -74.000001 59.732051 22.783053
v -73.832049 -58.099999 0.000000
v -73.832049 -58.099999 1.200000
v -73.832049 58.099999 0.000000
v -73.832049 58.099999 1.200000
v -73.099999 -58.832049 0.000000
v -73.099999 -58.832049 1.200000
v -73.099999 58.832049 0.000000
v -73.099999 58.832049 1.200000
v -73.000002 -60.000000 0.000000
v -73.000002 -60.000000 18.629297
v -73.000002 -59.600496 21.427588
v -73.000002 -58.433914 24.002295
v -73.000002 -58.000002 1.200000
v -73.000002 -58.000002 17.355157
v -73.000002 -57.621512 20.080323
v -73.000002 -56.593456 26.147695
v -73.000002 -56.514692 22.599201
v -73.000002 -54.763331 24.721115
v -73.000002 -54.226184 27.692375
v -73.000002 -52.500000 3.000000
v -73.000002 -52.500000 26.285443
v -73.000002 -37.500000 3.000000
v -73.000002 -37.500000 33.285167
v -73.000002 33.068337 66.191721
v -73.000002 34.035718 68.849573
v -73.000002 34.532464 66.617889
v -73.000002 35.930712 69.313278
v -73.000002 36.056948 66.582932
v -73.000002 37.500000 3.000000
v -73.000002 37.500000 66.090107
v -73.000002 37.858911 69.016500
v -73.000002 39.526761 68.004422
v -73.000002 40.680346 66.431127
v -73.000002 52.500000 3.000000
v -73.000002 52.500000 36.351399
v -73.000002 57.063079 26.565847
v -73.000002 57.579894 25.207696
v -73.000002 57.894416 23.788984
v -73.000002 58.000002 1.200000
v -73.000002 58.000002 22.339664
v -73.000002 59.063077 27.009237
v -73.000002 59.579897 25.651085
v -73.000002 59.894419 24.232371
v -73.000002 60.000000 0.000000
v -73.000002 60.000000 22.783053
v -72.748671 46.956034 52.972879
v -72.728329 -46.424394 31.330409
v -72.555690 -44.120698 32.404640
v -72.422051 44.582000 58.064013
v -72.334423 49.316354 47.911148
v -72.214270 -48.676629 30.280175
v -72.133813 -45.740514 31.542056
v -72.110615 47.040586 52.548904
v -72.100000 -59.099998 0.000000
v -72.100000 -59.099998 1.200000
v -72.100000 59.099998 0.000000
v -72.100000 59.099998 1.200000
v -72.014947 45.030560 56.926713
v -71.987944 43.461323 60.467310
v -71.859145 50.420198 45.543947
v -71.802526 -43.488312 32.609403
v -71.746864 -47.973146 30.482321
v -71.711698 -41.970239 33.407416
v -71.671519 43.793354 59.617076
v -71.662378 49.014163 48.238831
v -71.577964 -45.625310 31.284564
v -71.543503 46.767178 52.432485
v -71.517987 44.854527 56.791296
v -71.385789 42.421236 62.697778
v -71.338015 -45.540857 31.098952
v -71.305752 -43.524895 32.329423
v -71.301785 46.571894 52.346158
v -71.295176 44.720564 56.704926
v -71.226792 43.671074 59.472890
v -71.218915 51.437287 43.362794
v -71.180191 -47.686353 30.252910
v -71.120949 42.639761 62.123308
v -71.085296 -43.512492 32.143731
v -71.059194 -50.677280 29.347255
v -71.042824 48.627439 48.150959
v -71.022134 43.572202 59.386687
v -70.999889 -45.353851 30.691533
v -70.965738 46.143794 52.153153
v -70.957046 44.413381 56.525440
v -70.943241 -47.524858 30.067797
v -70.799680 -45.133638 30.215476
v -70.795317 48.364735 48.065438
v -70.782843 -41.447916 33.575237
v -70.777879 45.647602 51.925521
v -70.759363 -43.439641 31.752212
v -70.749998 -45.000000 4.900000
v -70.749998 -45.000000 29.787860
v -70.749998 45.000000 4.900000
v -70.749016 45.106406 52.127643
v -70.733142 42.564321 61.972356
v -70.715036 44.036951 56.323996
v -70.707922 50.801735 44.318895
v -70.698323 43.337512 59.213824
v -70.697432 -49.959850 29.537518
v -70.639515 -46.121769 29.082825
v -70.639515 -43.878231 30.492892
v -70.630074 41.486754 64.701781
v -70.628514 -47.226186 29.641342
v -70.550756 42.496719 61.886382
v -70.538421 -43.306484 31.307006
v -70.506682 43.345027 57.218776
v -70.492721 47.813406 47.853656
v -70.476484 -46.938429 29.127479
v -70.443192 43.039279 59.024796
v -70.441670 46.857615 47.065911
v -70.429134 52.343168 41.420131
v -70.397902 47.212954 47.588000
v -70.382032 -41.608324 33.278468
v -70.378594 41.605611 64.368448
v -70.361714 -47.077141 4.900000
v -70.361714 -42.922859 4.900000
v -70.361714 42.922859 4.900000
v -70.361714 47.077141 4.900000
v -70.312309 -47.200432 28.404884
v -70.312309 -42.799568 31.170833
v -70.271339 -40.164084 34.249640
v -70.252414 42.328472 61.718855
v -70.200143 -41.657405 33.092933
v -70.184603 42.513556 59.622073
v -70.179720 -49.495645 29.340234
v -70.089040 47.676597 44.698710
v -70.064054 51.581264 42.601557
v -70.060720 50.285940 44.275331
v -70.051618 41.569929 64.212260
v -70.000391 42.105455 61.539621
v -69.970293 -49.259276 29.156129
v -69.921141 -41.688576 32.713752
v -69.895091 41.529346 64.126530
v -69.822440 49.952197 44.192228
v -69.780951 -48.194528 27.780092
v -69.780951 -41.805472 31.795626
v -69.738965 40.680346 66.431127
v -69.737844 41.741881 61.852541
v -69.714060 -41.646280 32.291985
v -69.710059 -48.863759 28.708804
v -69.632263 41.419773 63.963270
v -69.617653 -48.538179 28.152466
v -69.614034 48.431211 42.517557
v -69.611125 48.610730 43.631077
v -69.583511 49.284687 43.953710
v -69.508796 53.116045 39.762685
v -69.416184 50.994992 42.589073
v -69.398665 41.265707 63.791738
v -69.365730 -52.248588 28.614542
v -69.346824 40.207472 67.238722
v -69.329305 52.262816 41.093554
v -69.292874 40.723896 66.182261
v -69.249301 -48.873749 4.900000
v -69.249301 -41.126251 4.900000
v -69.249301 41.126251 4.900000
v -69.249301 48.873749 4.900000
v -69.188876 50.625272 42.508206
v -69.177151 41.048555 63.856544
v -69.169273 -39.833689 34.338694
v -69.107490 -51.510425 28.798561
v -69.085741 49.211245 41.890392
v -69.065862 -49.065862 27.232456
v -69.065862 -40.934138 32.343261
v -69.028068 49.103312 40.574894
v -68.991628 49.905601 42.252064
v -68.890805 -40.084710 34.030473
v -68.876090 40.645480 65.894203
v -68.854918 39.699109 67.842970
v -68.762412 -40.180321 33.845174
v -68.705950 -50.884733 28.633294
v -68.693275 51.602035 41.120586
v -68.677425 40.208697 67.077332
v -68.560452 -40.293903 33.474667
v -68.559785 40.232224 66.942477
v -68.554645 52.814698 39.865563
v -68.548393 -50.584264 28.450570
v -68.516006 40.450253 65.585890
v -68.489547 49.729476 40.354819
v -68.481731 51.196628 41.043024
v -68.480034 53.737345 38.430309
v -68.401799 -40.329833 33.069115
v -68.365226 -50.116081 27.983215
v -68.362598 -38.862727 34.856472
v -68.345237 49.676738 38.917449
v -68.330932 50.430770 40.765390
v -68.324780 -49.781981 27.385197
v -68.200712 40.203543 66.447215
v -68.194528 -49.780951 26.783023
v -68.194528 -40.219049 32.792695
v -68.191876 -39.237921 34.620330
v -68.161488 -52.076278 28.528454
v -67.985144 39.686389 67.705016
v -67.981529 -39.520903 34.308245
v -67.947226 52.078500 39.940798
v -67.887940 39.754567 67.540340
v -67.883987 -39.633257 34.123054
v -67.863851 50.142455 39.095497
v -67.860098 40.013442 66.432996
v -67.843180 -51.384745 28.377030
v -67.756162 51.639543 39.867764
v -67.742705 53.250771 38.887801
v -67.729182 -39.777262 33.755531
v -67.719798 -51.059232 28.195004
v -67.676854 38.779101 68.570356
v -67.652106 50.836315 39.564927
v -67.605209 -39.843333 33.355503
v -67.600679 39.850445 66.922307
v -67.581959 50.137701 37.585073
v -67.580357 -50.565548 27.719195
v -67.562995 -50.147190 4.900000
v -67.562995 -39.852810 4.900000
v -67.562995 39.852810 4.900000
v -67.562995 50.147190 4.900000
v -67.557812 -50.234690 27.103331
v -67.367582 54.192119 37.455044
v -67.284350 -53.250928 28.147144
v -67.210360 50.462174 38.081357
v -67.203870 39.248695 68.091564
v -67.200432 -50.312309 26.449065
v -67.200432 -39.687693 33.126652
v -67.188282 52.436748 39.022801
v -67.145929 -52.487907 28.331790
v -67.131119 -38.808115 34.823475
v -67.130752 39.355593 67.909145
v -67.068210 53.519344 38.279786
v -67.023811 51.965981 38.955913
v -66.991978 -39.113755 34.508698
v -66.986051 39.603891 66.869426
v -66.964550 51.134071 38.622918
v -66.927199 -39.238069 34.323587
v -66.924748 -51.745615 28.191340
v -66.922107 39.555144 67.208872
v -66.839838 -51.401219 28.009903
v -66.823759 -39.404013 33.958161
v -66.756597 50.475116 36.609809
v -66.746073 -50.889425 27.527473
v -66.739831 -39.492166 33.561997
v -66.735539 -50.563569 26.897523
v -66.700001 -45.000000 3.000000
v -66.700001 -45.000000 4.900000
v -66.700001 45.000000 3.000000
v -66.700001 45.000000 4.900000
v -66.668434 50.654359 37.440321
v -66.583953 52.641535 38.471980
v -66.447024 52.146811 38.411365
v -66.419225 51.298523 38.050306
v -66.413841 53.705707 37.852917
v -66.378856 38.943088 68.311725
v -66.375327 -45.999236 3.000000
v -66.375327 -45.999236 4.900000
v -66.375327 -44.000764 3.000000
v -66.375327 -44.000764 4.900000
v -66.375327 44.000764 3.000000
v -66.375327 44.000764 4.900000
v -66.375327 45.999236 3.000000
v -66.375327 45.999236 4.900000
v -66.365886 38.186562 68.884664
v -66.332402 39.077954 68.119645
v -66.203699 39.349501 67.368088
v -66.198201 54.469433 36.860344
v -66.155076 -38.181798 35.173995
v -66.142421 50.784020 36.980014
v -66.121769 -50.639515 26.243415
v -66.121769 -39.360485 33.332303
v -66.084375 -52.737327 28.212547
v -66.032372 52.768574 38.105445
v -66.014810 -38.555856 34.942696
v -66.013398 39.340117 67.058015
v -65.999999 19.123677 59.689221
v -65.970950 -51.962986 28.079164
v -65.948896 -38.874695 34.626360
v -65.929070 52.253270 38.051755
v -65.927668 -51.606841 27.898126
v -65.923285 51.395292 37.661710
v -65.918140 -39.006000 34.441299
v -65.912824 17.627759 61.198421
v -65.912824 18.929121 61.805253
v -65.888987 50.680861 36.015108
v -65.880580 -51.084285 27.411463
v -65.876803 -50.762668 26.772470
v -65.868859 -39.184818 34.077089
v -65.828590 -39.286015 33.683164
v -65.656366 17.860130 59.100018
v -65.656366 20.387223 60.278420
v -65.530543 -50.725470 4.900000
v -65.530543 -39.274528 4.900000
v -65.530543 39.274528 4.900000
v -65.530543 50.725470 4.900000
v -65.525327 -46.616797 3.000000
v -65.525327 -46.616797 4.900000
v -65.525327 -43.383203 3.000000
v -65.525327 -43.383203 4.900000
v -65.525327 43.383203 3.000000
v -65.525327 43.383203 4.900000
v -65.525327 46.616797 3.000000
v -65.525327 46.616797 4.900000
v -65.334997 53.859582 37.494121
v -65.306926 38.760078 68.425698
v -65.296474 38.912103 68.228846
v -65.271525 50.886717 36.578681
v -65.268116 39.226608 67.448621
v -65.245533 16.475461 60.661092
v -65.245533 20.081420 62.342582
v -65.227017 52.852697 37.826164
v -65.202551 51.451836 37.354381
v -65.199199 52.315111 37.781944
v -65.000000 -53.595238 27.986591
v -65.000000 -52.619195 28.169692
v -65.000000 -52.500000 3.000000
v -65.000000 -52.500000 26.285443
v -65.000000 -51.675401 27.860758
v -65.000000 -50.996547 27.135952
v -65.000000 -50.749998 26.173975
v -65.000000 -39.250000 33.401744
v -65.000000 -37.500000 3.000000
v -65.000000 -37.500000 33.285167
v -65.000000 37.500000 3.000000
v -65.000000 37.500000 66.090107
v -65.000010 37.984295 68.969908
v -65.000005 39.250076 67.109160
v -65.000000 50.749998 35.815272
v -65.000000 52.500000 3.000000
v -65.000000 52.500000 36.351399
v -65.000000 54.562616 36.660509
v -64.895887 -39.227231 33.717685
v -64.890809 -39.122276 34.110987
v -64.884620 -38.939788 34.474859
v -64.880762 -38.806508 34.659905
v -64.872503 -38.483953 34.976673
v -64.704194 16.886047 58.645797
v -64.704194 21.361308 60.732646
v -64.534030 52.303672 37.844198
v -64.529772 51.441274 37.427871
v -64.474673 -46.616797 3.000000
v -64.474673 -46.616797 4.900000
v -64.474673 -43.383203 3.000000
v -64.474673 -43.383203 4.900000
v -64.474673 43.383203 3.000000
v -64.474673 43.383203 4.900000
v -64.474673 46.616797 3.000000
v -64.474673 46.616797 4.900000
v -64.473343 52.835026 37.891309
v -64.385490 50.862041 36.680448
v -64.241066 53.821740 37.583230
v -64.154816 39.283559 67.412019
v -64.111013 50.680861 36.015108
v -64.064970 38.988960 68.179021
v -64.063816 15.736203 60.316372
v -64.063816 20.820677 62.687302
v -64.032178 38.844922 68.373713
v -63.986654 39.340041 67.057848
v -63.965931 -39.317722 33.664491
v -63.915720 -39.218485 34.058781
v -63.900943 52.419033 36.525030
v -63.878231 -50.639515 26.243415
v -63.878231 -39.360485 33.332303
v -63.854222 -39.041650 34.423187
v -63.844924 -38.181798 35.173995
v -63.815827 -38.911440 34.608254
v -63.801799 54.469433 36.860344
v -63.733516 -38.594692 34.924335
v -63.659191 51.316848 37.980635
v -63.635335 52.166953 38.346269
v -63.634191 38.186393 68.884387
v -63.624673 -45.999236 3.000000
v -63.624673 -45.999236 4.900000
v -63.624673 -44.000764 3.000000
v -63.624673 -44.000764 4.900000
v -63.624673 44.000764 3.000000
v -63.624673 44.000764 4.900000
v -63.624673 45.999236 3.000000
v -63.624673 45.999236 4.900000
v -63.503146 52.665086 38.405809
v -63.426437 -50.530496 4.900000
v -63.426437 -39.469502 4.900000
v -63.426437 39.469502 4.900000
v -63.426437 50.530496 4.900000
v -63.412480 50.677681 37.359376
v -63.391533 -50.601835 26.873527
v -63.382306 -50.926976 27.505169
v -63.361611 16.424577 58.430610
v -63.361611 21.822777 60.947833
v -63.360233 37.681496 65.990295
v -63.299999 -45.000000 3.000000
v -63.299999 -45.000000 4.900000
v -63.299999 45.000000 3.000000
v -63.299999 45.000000 4.900000
v -63.295503 -51.440859 27.988396
v -63.243403 50.475116 36.609809
v -63.216677 -51.787486 28.169758
v -63.071961 39.557233 67.206860
v -63.063359 -39.558511 33.523006
v -63.054070 51.140847 38.600626
v -63.032494 53.552508 38.204141
v -63.013945 39.603903 66.869431
v -63.011107 -52.535825 28.308887
v -62.995958 51.973429 38.934467
v -62.991943 -52.226181 26.418235
v -62.970200 -39.474564 33.919888
v -62.876534 -37.806885 33.142064
v -62.862654 39.358416 67.906537
v -62.855067 -39.312763 34.285705
v -62.832313 52.445021 39.001176
v -62.825613 52.177887 37.042174
v -62.807722 50.469680 38.057022
v -62.799568 -50.312309 26.449065
v -62.799568 -39.687693 33.126652
v -62.789316 39.251800 68.088837
v -62.782874 -39.190698 34.470830
v -62.715650 -53.250928 28.147144
v -62.682371 -52.132926 3.000000
v -62.682371 -37.867076 3.000000
v -62.682371 37.867076 3.000000
v -62.682371 52.132926 3.000000
v -62.638388 15.579340 60.243225
v -62.638388 20.977540 62.760448
v -62.632418 54.192119 37.455044
v -62.627687 -38.889296 34.785111
v -62.420769 50.872874 39.452937
v -62.418041 50.137701 37.585073
v -62.323141 38.779130 68.570361
v -62.321630 51.679564 39.758742
v -62.279787 53.261132 38.864477
v -62.211823 -39.941795 33.297606
v -62.204294 50.180688 38.976474
v -62.141275 40.011005 66.433792
v -62.133064 52.121987 39.831204
v -62.084956 40.022068 66.711226
v -62.079730 -39.881928 33.698714
v -61.936183 16.581439 58.503757
v -61.936183 21.665914 60.874686
v -61.914077 -39.744077 34.066823
v -61.899099 -49.928865 27.293816
v -61.864161 -50.262027 27.897582
v -61.822376 38.206577 65.641184
v -61.809497 -39.635074 34.252038
v -61.805472 -49.780951 26.783023
v -61.805472 -40.219049 32.792695
v -61.797233 51.781759 37.891669
v -61.760330 39.986625 67.273192
v -61.693807 -50.738482 28.367660
v -61.689057 50.444732 40.725169
v -61.667309 40.294118 66.290016
v -61.654763 49.676738 38.917449
v -61.652317 39.940403 67.424660
v -61.637402 -38.862727 34.856472
v -61.583681 -39.358435 34.563370
v -61.546154 -51.047034 28.550160
v -61.539631 51.211843 41.003480
v -61.534853 -49.588599 4.900000
v -61.534853 -40.411401 4.900000
v -61.534853 40.411401 4.900000
v -61.534853 49.588599 4.900000
v -61.529913 52.866349 39.750168
v -61.528754 49.743419 40.313029
v -61.519966 53.737345 38.430309
v -61.483994 40.450253 65.585890
v -61.431947 -40.454755 32.995515
v -61.328640 51.618280 41.080928
v -61.295805 16.040810 60.458412
v -61.295805 20.516071 62.545261
v -61.292200 40.354877 66.746631
v -61.266389 -40.426469 33.402522
v -61.170158 40.342574 66.871567
v -61.168599 -51.693950 28.710968
v -61.169071 -49.381561 27.633152
v -61.146936 39.693627 67.844300
v -61.123910 40.645480 65.894203
v -61.111393 -49.715085 28.216853
v -61.054611 -40.320692 33.773816
v -61.028171 -51.361966 26.821227
v -61.003227 49.900508 42.266073
v -60.971932 49.103312 40.574894
v -60.934138 -49.065862 27.232456
v -60.934138 -40.934138 32.343261
v -60.926847 -38.702426 32.724466
v -60.919681 -40.229416 33.959138
v -60.909562 49.206290 41.904788
v -60.898504 -50.160151 28.677368
v -60.837998 51.239209 39.055169
v -60.822849 41.048555 63.856544
v -60.805650 50.619750 42.522049
v -60.754466 17.320697 58.848476
v -60.754466 20.926657 60.529962
v -60.744238 -41.084518 32.623987
v -60.719805 -50.439377 28.860598
v -60.707126 40.723896 66.182261
v -60.693283 52.281275 41.052623
v -60.653377 40.206957 67.238936
v -60.634270 -52.248588 28.614542
v -60.626607 -39.986725 34.266338
v -60.591612 -51.067629 3.000000
v -60.591612 -38.932374 3.000000
v -60.591612 38.932374 3.000000
v -60.591612 51.067629 3.000000
v -60.578213 50.989170 42.602940
v -60.552130 -41.094012 33.038616
v -60.537181 38.972435 64.919991
v -60.529232 -48.723550 28.038702
v -60.491204 53.116045 39.762685
v -60.477390 41.414361 63.393636
v -60.444355 -49.051766 28.600683
v -60.385966 48.431211 42.517557
v -60.343633 17.014893 60.912633
v -60.343633 19.541987 62.091036
v -60.299892 -41.027651 33.413992
v -60.274081 49.106703 44.433846
v -60.269313 -51.010642 29.036903
v -60.263786 48.440127 44.120159
v -60.262156 41.741881 61.852541
v -60.261035 40.680346 66.431127
v -60.239248 41.580715 63.566465
v -60.219049 -48.194528 27.780092
v -60.219049 -41.805472 31.795626
v -60.193100 -49.458294 29.050746
v -60.168886 -41.817036 32.190928
v -60.137277 -40.958505 33.599434
v -60.111251 -48.026986 4.900000
v -60.111251 -41.973014 4.900000
v -60.111251 41.973014 4.900000
v -60.111251 48.026986 4.900000
v -60.087175 18.472996 59.385805
v -60.087175 19.774358 59.992638
v -60.025134 49.759650 44.668260
v -60.000000 -58.000002 -0.300000
v -60.000000 -58.000002 1.200000
v -60.000000 -58.000002 3.700000
v -60.000000 -57.809019 -0.887785
v -60.000000 -57.309017 -1.251056
v -60.000000 -56.999998 3.700000
v -60.000000 -56.690984 -1.251056
v -60.000000 -56.500001 3.566025
v -60.000000 -56.190982 -0.887785
v -60.000000 -56.133976 3.200000
v -60.000000 -55.999999 -0.300000
v -60.000000 -55.999999 2.700000
v -60.000000 18.278440 61.501837
v -60.000000 58.000002 0.000000
v -60.000000 58.000002 1.200000
v -60.000000 59.099998 0.000000
v -60.000000 59.099998 1.200000
v -60.000000 60.000000 0.000000
v -59.998908 -47.966747 28.502121
v -59.989123 -49.703836 29.234684
v -59.969072 41.700606 63.730450
v -59.968629 50.561953 40.507555
v -59.958568 -41.869102 32.614944
v -59.930196 51.574831 42.615733
v -59.910960 47.676597 44.698710
v -59.883814 -48.281846 29.042041
v -59.814873 42.445745 60.624561
v -59.815397 42.513556 59.622073
v -59.807458 41.745906 63.816223
v -59.784703 50.083914 44.751816
v -59.781446 -40.758710 33.901262
v -59.755549 47.569032 46.589532
v -59.728661 -40.164084 34.249640
v -59.687691 -47.200432 28.404884
v -59.687691 -42.799568 31.170833
v -59.687881 48.190541 46.866879
v -59.680481 39.712968 63.773274
v -59.672785 -41.848631 32.995317
v -59.599719 -48.643117 29.481363
v -59.595542 -47.128782 29.011919
v -59.570866 52.343168 41.420131
v -59.559875 42.696376 60.807180
v -59.558330 46.857615 47.065911
v -59.493318 43.345027 57.218776
v -59.485793 -41.805730 33.180876
v -59.482794 -50.190573 29.427660
v -59.468832 41.788483 63.971539
v -59.450068 -47.422051 29.530420
v -59.404426 -43.505073 31.188776
v -59.397893 48.770819 47.084265
v -59.389439 -49.977107 27.466996
v -59.376898 -48.851871 29.665909
v -59.369926 41.486754 64.701781
v -59.360485 -46.121769 29.082825
v -59.360485 -43.878231 30.492892
v -59.347906 -46.056561 4.900000
v -59.347906 -43.943439 4.900000
v -59.347906 43.943439 4.900000
v -59.347906 46.056561 4.900000
v -59.347882 46.403384 49.840841
v -59.337940 43.772883 57.040439
v -59.310489 -40.113335 32.066548
v -59.250770 42.888689 60.976562
v -59.250984 45.106406 52.127643
v -59.250002 -45.000000 29.787860
v -59.208593 -45.338564 30.092416
v -59.207892 49.764605 42.217469
v -59.199533 46.951866 50.084758
v -59.194160 45.176234 53.218422
v -59.184222 -43.648415 31.637049
v -59.151158 49.050369 47.169385
v -59.140115 -47.732363 29.959176
v -59.139390 50.581775 44.802423
v -59.090824 44.128847 57.238398
v -59.072819 -41.657548 33.476050
v -59.059601 42.967525 61.062632
v -59.012704 -45.567379 30.572391
v -58.986254 45.638385 53.437405
v -58.963137 40.549574 61.979175
v -58.940806 -50.677280 29.347255
v -58.932371 -49.408388 3.000000
v -58.932371 -40.591612 3.000000
v -58.932371 40.591612 3.000000
v -58.932371 49.408388 3.000000
v -58.905044 -47.902479 30.144198
v -58.875370 47.438641 50.285907
v -58.855205 -43.733706 32.030165
v -58.832874 -49.249268 29.875679
v -58.781085 51.437287 43.362794
v -58.755250 44.416666 57.416034
v -58.675528 -45.767140 30.981803
v -58.649988 43.059678 61.211262
v -58.646393 46.030550 53.625998
v -58.631573 -43.753700 32.215865
v -58.629165 47.665267 50.371976
v -58.614211 42.421236 62.697778
v -58.572206 48.864388 44.147992
v -58.536735 44.541154 57.502365
v -58.522401 49.466705 47.248282
v -58.434777 -45.860047 31.167381
v -58.408918 46.207190 53.712392
v -58.376141 41.482267 59.979005
v -58.340726 -48.209238 30.370123
v -58.288302 -41.970239 33.407416
v -58.209848 -48.184943 28.302696
v -58.159742 -41.924152 31.222150
v -58.140855 50.420198 45.543947
v -58.126202 -43.732753 32.493629
v -58.086581 58.000002 0.380602
v -58.086581 60.000000 0.380602
v -58.075309 47.880735 46.257443
v -58.052878 44.702554 57.640262
v -58.034716 47.990456 50.476284
v -58.012056 43.461323 60.467310
v -57.875147 -45.993648 31.421983
v -57.867074 -47.317629 3.000000
v -57.867074 -42.682371 3.000000
v -57.867074 42.682371 3.000000
v -57.867074 47.317629 3.000000
v -57.860694 46.450491 53.835158
v -57.785730 -48.676629 30.280175
v -57.665577 49.316354 47.911148
v -57.640767 43.553724 55.536747
v -57.585940 -46.132135 29.259934
v -57.577949 44.582000 58.064013
v -57.568769 -43.986683 30.260377
v -57.537537 45.749416 50.828071
v -57.500000 -45.000000 3.000000
v -57.500000 45.000000 3.000000
v -57.444310 -44.120698 32.404640
v -57.271671 -46.424394 31.330409
v -57.251329 46.956034 52.972879
v -56.464467 58.000002 1.464466
v -56.464467 60.000000 1.464466
v -55.380602 58.000002 3.086583
v -55.380602 60.000000 3.086583
v -55.000000 58.000002 5.000000
v -55.000000 58.000002 15.000000
v -55.000000 60.000000 5.000000
v -55.000000 60.000000 15.000000
v -54.619398 58.000002 16.913418
v -54.619398 60.000000 16.913418
v -53.535533 58.000002 18.535534
v -53.535533 60.000000 18.535534
v -51.913419 58.000002 19.619398
v -51.913419 60.000000 19.619398
v -50.000000 58.000002 20.000000
v -50.000000 60.000000 20.000000
v -44.499998 19.123677 59.689221
v -44.409537 17.813478 61.285019
v -44.409537 18.743404 61.718650
v -44.149065 18.249831 59.281740
v -44.149065 19.997522 60.096703
v -43.750000 17.101111 60.952840
v -43.750000 19.455769 62.050834
v -43.260474 17.784868 59.064922
v -43.260474 20.462484 60.313516
v -42.739530 16.939632 60.877538
v -42.739530 19.617249 62.126131
v -42.249999 17.946348 59.140224
v -42.249999 20.301006 60.238218
v -41.850934 17.404596 61.094356
v -41.850934 19.152286 61.909318
v -41.590462 18.658713 59.472404
v -41.590462 19.588640 59.906034
v -41.500001 18.278440 61.501837
v -40.000000 -58.000002 -0.300000
v -40.000000 -58.000002 1.200000
v -40.000000 -58.000002 3.700000
v -40.000000 -57.809019 -0.887785
v -40.000000 -57.309017 -1.251056
v -40.000000 -56.999998 3.700000
v -40.000000 -56.690984 -1.251056
v -40.000000 -56.500001 3.566025
v -40.000000 -56.190982 -0.887785
v -40.000000 -56.133976 3.200000
v -40.000000 -55.999999 -0.300000
v -40.000000 -55.999999 2.700000
v -30.250001 58.000002 20.000000
v -30.250001 58.000002 21.199999
v -30.250001 59.099998 20.000000
v -30.250001 59.099998 21.199999
v -23.399999 -30.723252 36.445217
v -23.301203 -32.305927 37.913959
v -23.301203 -30.831048 38.601706
v -23.010550 -32.155271 35.777454
v -23.010550 -29.291232 37.112978
v -22.544937 -33.611865 37.304990
v -22.544937 -29.525111 39.210675
v -21.931419 -33.259232 35.262668
v -21.931419 -28.187270 37.627764
v -21.500001 -39.786329 32.219033
v -21.409538 -41.096530 33.814833
v -21.409538 -40.166602 34.248464
v -21.205657 -34.449689 36.914306
v -21.205657 -28.687286 39.601359
v -21.149065 -40.660176 31.811552
v -21.149065 -38.912485 32.626514
v -20.750000 -41.808896 33.482652
v -20.750000 -39.454238 34.580646
v -20.409825 -33.782232 35.018790
v -20.409825 -27.664273 37.871642
v -20.260472 -41.125135 31.594737
v -20.260472 -38.447521 32.843330
v -19.739528 -41.970372 33.407352
v -19.739528 -39.292758 34.655945
v -19.590175 -34.627466 36.831405
v -19.590175 -28.509510 39.684258
v -19.250000 -40.963659 31.670036
v -19.250000 -38.609002 32.768030
v -18.850933 -41.505413 33.624167
v -18.850933 -39.757721 34.439130
v -18.794343 -33.604455 35.101690
v -18.794343 -27.842050 37.788744
v -18.590461 -40.251293 32.002218
v -18.590461 -39.321365 32.435849
v -18.500000 -40.631566 34.031649
v -18.068579 -34.104469 37.075284
v -18.068579 -29.032507 39.440379
v -17.455063 -32.766628 35.492375
v -17.455063 -28.679874 37.398059
v -16.989449 -33.000507 37.590070
v -16.989449 -30.136468 38.925593
v -16.698798 -31.460690 36.101344
v -16.698798 -29.985814 36.789088
v -16.600000 -31.568489 38.257833
v -10.000000 -58.000002 -0.300000
v -10.000000 -58.000002 1.200000
v -10.000000 -58.000002 6.114213
v -10.000000 -57.965927 5.855395
v -10.000000 -57.866025 5.614213
v -10.000000 -57.809019 -0.887785
v -10.000000 -57.707105 5.407107
v -10.000000 -57.309017 -1.251056
v -10.000000 -56.690984 -1.251056
v -10.000000 -56.292892 3.992893
v -10.000000 -56.190982 -0.887785
v -10.000000 -56.133976 3.785786
v -10.000000 -56.034074 3.544605
v -10.000000 -55.999999 -0.300000
v -10.000000 -55.999999 3.285787
v -10.000000 55.999999 19.700000
v -10.000000 55.999999 23.343208
v -10.000000 56.024804 23.564558
v -10.000000 56.097994 23.774929
v -10.000000 56.190982 19.112215
v -10.000000 56.215930 23.963878
v -10.000000 56.690984 18.748944
v -10.000000 57.121615 25.107999
v -10.000000 57.263937 26.105227
v -10.000000 57.287498 25.416281
v -10.000000 57.309017 18.748944
v -10.000000 57.336960 25.762849
v -10.000000 57.670593 24.885180
v -10.000000 57.809019 19.112215
v -10.000000 57.917304 23.623035
v -10.000000 58.000002 19.700000
v -10.000000 58.000002 21.199999
v -10.000000 58.000002 22.339664
v -5.500000 -3.534018 49.123764
v -5.406352 -5.295189 50.509272
v -5.406352 -3.463320 51.363487
v -5.128597 -5.334697 48.284092
v -5.128597 -1.733339 49.963436
v -4.676194 -7.003357 49.712739
v -4.676194 -1.755152 52.160020
v -4.064549 -6.892183 47.557826
v -4.064549 -0.175852 50.689702
v -3.314491 -8.357125 49.081469
v -3.314491 -0.401384 52.791290
v -2.451561 -7.996132 47.043047
v -2.451561 0.928096 51.204481
v -1.505146 -9.173660 48.700709
v -1.505146 0.415151 53.172050
v -1.500000 -39.786329 32.219033
v -1.409539 -41.096530 33.814833
v -1.409539 -40.166602 34.248464
v -1.149067 -40.660176 31.811552
v -1.149067 -38.912485 32.626514
v -0.750000 -41.808896 33.482652
v -0.750000 -39.454238 34.580646
v -0.507476 -8.497447 46.809278
v -0.507476 1.429411 51.438251
v -0.260472 -41.125135 31.594737
v -0.260472 -38.447521 32.843330
v 0.260472 -41.970372 33.407352
v 0.260472 -39.292758 34.655945
v 0.507476 -9.342684 48.621893
v 0.507476 0.584175 53.250866
v 0.750000 -40.963659 31.670036
v 0.750000 -38.609002 32.768030
v 1.149067 -41.505413 33.624167
v 1.149067 -39.757721 34.439130
v 1.409539 -40.251293 32.002218
v 1.409539 -39.321365 32.435849
v 1.500000 -40.631566 34.031649
v 1.505146 -8.328423 46.888094
v 1.505146 1.260388 51.359434
v 2.451561 -8.841369 48.855662
v 2.451561 0.082860 53.017097
v 3.314491 -7.511889 47.268853
v 3.314491 0.443853 50.978675
v 4.064549 -7.737420 49.370441
v 4.064549 -1.021089 52.502317
v 4.676194 -6.158121 47.900124
v 4.676194 -0.909915 50.347404
v 5.128597 -6.179933 50.096707
v 5.128597 -2.578576 51.776052
v 5.406352 -4.449953 48.696656
v 5.406352 -2.618083 49.550872
v 5.500000 -4.379254 50.936379
v 10.000000 -58.000002 -0.300000
v 10.000000 -58.000002 1.200000
v 10.000000 -58.000002 6.114213
v 10.000000 -57.965927 5.855395
v 10.000000 -57.866025 5.614213
v 10.000000 -57.809019 -0.887785
v 10.000000 -57.707105 5.407107
v 10.000000 -57.309017 -1.251056
v 10.000000 -56.690984 -1.251056
v 10.000000 -56.292892 3.992893
v 10.000000 -56.190982 -0.887785
v 10.000000 -56.133976 3.785786
v 10.000000 -56.034074 3.544605
v 10.000000 -55.999999 -0.300000
v 10.000000 -55.999999 3.285787
v 10.000000 55.999999 19.700000
v 10.000000 55.999999 23.343208
v 10.000000 56.024804 23.564558
v 10.000000 56.097994 23.774929
v 10.000000 56.190982 19.112215
v 10.000000 56.215930 23.963878
v 10.000000 56.690984 18.748944
v 10.000000 57.121615 25.107999
v 10.000000 57.263937 26.105227
v 10.000000 57.287498 25.416281
v 10.000000 57.309017 18.748944
v 10.000000 57.336960 25.762849
v 10.000000 57.670593 24.885180
v 10.000000 57.809019 19.112215
v 10.000000 57.917304 23.623035
v 10.000000 58.000002 19.700000
v 10.000000 58.000002 21.199999
v 10.000000 58.000002 22.339664
v 16.600000 -30.723252 36.445217
v 16.698798 -32.305927 37.913959
v 16.698798 -30.831048 38.601706
v 16.989449 -32.155271 35.777454
v 16.989449 -29.291232 37.112978
v 17.455063 -33.611865 37.304990
v 17.455063 -29.525111 39.210675
v 18.068579 -33.259232 35.262668
v 18.068579 -28.187270 37.627764
v 18.500000 -39.786329 32.219033
v 18.590461 -41.096530 33.814833
v 18.590461 -40.166602 34.248464
v 18.794343 -34.449689 36.914306
v 18.794343 -28.687286 39.601359
v 18.850933 -40.660176 31.811552
v 18.850933 -38.912485 32.626514
v 19.250000 -41.808896 33.482652
v 19.250000 -39.454238 34.580646
v 19.590175 -33.782232 35.018790
v 19.590175 -27.664273 37.871642
v 19.739528 -41.125135 31.594737
v 19.739528 -38.447521 32.843330
v 20.260472 -41.970372 33.407352
v 20.260472 -39.292758 34.655945
v 20.409825 -34.627466 36.831405
v 20.409825 -28.509510 39.684258
v 20.750000 -40.963659 31.670036
v 20.750000 -38.609002 32.768030
v 21.149065 -41.505413 33.624167
v 21.149065 -39.757721 34.439130
v 21.205657 -33.604455 35.101690
v 21.205657 -27.842050 37.788744
v 21.409538 -40.251293 32.002218
v 21.409538 -39.321365 32.435849
v 21.500001 -40.631566 34.031649
v 21.931419 -34.104469 37.075284
v 21.931419 -29.032507 39.440379
v 22.544937 -32.766628 35.492375
v 22.544937 -28.679874 37.398059
v 23.010550 -33.000507 37.590070
v 23.010550 -30.136468 38.925593
v 23.301203 -31.460690 36.101344
v 23.301203 -29.985814 36.789088
v 23.399999 -31.568489 38.257833
v 30.250001 58.000002 20.000000
v 30.250001 58.000002 21.199999
v 30.250001 59.099998 20.000000
v 30.250001 59.099998 21.199999
v 40.000000 -58.000002 -0.300000
v 40.000000 -58.000002 1.200000
v 40.000000 -58.000002 3.700000
v 40.000000 -57.809019 -0.887785
v 40.000000 -57.309017 -1.251056
v 40.000000 -56.999998 3.700000
v 40.000000 -56.690984 -1.251056
v 40.000000 -56.500001 3.566025
v 40.000000 -56.190982 -0.887785
v 40.000000 -56.133976 3.200000
v 40.000000 -55.999999 -0.300000
v 40.000000 -55.999999 2.700000
v 50.000000 58.000002 20.000000
v 50.000000 60.000000 20.000000
v 51.913419 58.000002 19.619398
v 51.913419 60.000000 19.619398
v 53.535533 58.000002 18.535534
v 53.535533 60.000000 18.535534
v 54.619398 58.000002 16.913418
v 54.619398 60.000000 16.913418
v 55.000000 58.000002 5.000000
v 55.000000 58.000002 15.000000
v 55.000000 60.000000 5.000000
v 55.000000 60.000000 15.000000
v 55.380602 58.000002 3.086583
v 55.380602 60.000000 3.086583
v 56.464467 58.000002 1.464466
v 56.464467 60.000000 1.464466
v 57.251329 46.956034 52.972879
v 57.271671 -46.424394 31.330409
v 57.444310 -44.120698 32.404640
v 57.500000 -45.000000 3.000000
v 57.500000 45.000000 3.000000
v 57.537537 45.749416 50.828071
v 57.568769 -43.986683 30.260377
v 57.577949 44.582000 58.064013
v 57.585940 -46.132135 29.259934
v 57.640767 43.553724 55.536747
v 57.665577 49.316354 47.911148
v 57.785730 -48.676629 30.280175
v 57.866187 -45.740514 31.542056
v 57.867074 -47.317629 3.000000
v 57.867074 -42.682371 3.000000
v 57.867074 42.682371 3.000000
v 57.867074 47.317629 3.000000
v 57.889385 47.040586 52.548904
v 57.985053 45.030560 56.926713
v 58.012056 43.461323 60.467310
v 58.075309 47.880735 46.257443
v 58.086581 58.000002 0.380602
v 58.086581 60.000000 0.380602
v 58.140855 50.420198 45.543947
v 58.159742 -41.924152 31.222150
v 58.197474 -43.488312 32.609403
v 58.209848 -48.184943 28.302696
v 58.253136 -47.973146 30.482321
v 58.288302 -41.970239 33.407416
v 58.328481 43.793354 59.617076
v 58.337622 49.014163 48.238831
v 58.376141 41.482267 59.979005
v 58.422036 -45.625310 31.284564
v 58.456497 46.767178 52.432485
v 58.482013 44.854527 56.791296
v 58.572206 48.864388 44.147992
v 58.614211 42.421236 62.697778
v 58.661985 -45.540857 31.098952
v 58.694248 -43.524895 32.329423
v 58.698215 46.571894 52.346158
v 58.704824 44.720564 56.704926
v 58.773208 43.671074 59.472890
v 58.781085 51.437287 43.362794
v 58.819809 -47.686353 30.252910
v 58.879051 42.639761 62.123308
v 58.914704 -43.512492 32.143731
v 58.932371 -49.408388 3.000000
v 58.932371 -40.591612 3.000000
v 58.932371 40.591612 3.000000
v 58.932371 49.408388 3.000000
v 58.940806 -50.677280 29.347255
v 58.957176 48.627439 48.150959
v 58.963137 40.549574 61.979175
v 58.977866 43.572202 59.386687
v 59.000111 -45.353851 30.691533
v 59.034262 46.143794 52.153153
v 59.042954 44.413381 56.525440
v 59.056759 -47.524858 30.067797
v 59.200320 -45.133638 30.215476
v 59.204683 48.364735 48.065438
v 59.207892 49.764605 42.217469
v 59.217157 -41.447916 33.575237
v 59.222121 45.647602 51.925521
v 59.240637 -43.439641 31.752212
v 59.250002 -45.000000 4.900000
v 59.250002 -45.000000 29.787860
v 59.250002 45.000000 4.900000
v 59.250984 45.106406 52.127643
v 59.266858 42.564321 61.972356
v 59.284964 44.036951 56.323996
v 59.292078 50.801735 44.318895
v 59.301677 43.337512 59.213824
v 59.302568 -49.959850 29.537518
v 59.310489 -40.113335 32.066548
v 59.360485 -46.121769 29.082825
v 59.360485 -43.878231 30.492892
v 59.369926 41.486754 64.701781
v 59.371486 -47.226186 29.641342
v 59.389439 -49.977107 27.466996
v 59.449244 42.496719 61.886382
v 59.461579 -43.306484 31.307006
v 59.493318 43.345027 57.218776
v 59.507279 47.813406 47.853656
v 59.523516 -46.938429 29.127479
v 59.556808 43.039279 59.024796
v 59.558330 46.857615 47.065911
v 59.570866 52.343168 41.420131
v 59.602098 47.212954 47.588000
v 59.617968 -41.608324 33.278468
v 59.621406 41.605611 64.368448
v 59.638286 -47.077141 4.900000
v 59.638286 -42.922859 4.900000
v 59.638286 42.922859 4.900000
v 59.638286 47.077141 4.900000
v 59.680481 39.712968 63.773274
v 59.687691 -47.200432 28.404884
v 59.687691 -42.799568 31.170833
v 59.728661 -40.164084 34.249640
v 59.747586 42.328472 61.718855
v 59.799857 -41.657405 33.092933
v 59.815397 42.513556 59.622073
v 59.820280 -49.495645 29.340234
v 59.910960 47.676597 44.698710
v 59.935946 51.581264 42.601557
v 59.939280 50.285940 44.275331
v 59.948382 41.569929 64.212260
v 59.968629 50.561953 40.507555
v 60.000000 -58.000002 -0.300000
v 60.000000 -58.000002 1.200000
v 60.000000 -58.000002 3.700000
v 60.000000 -57.809019 -0.887785
v 60.000000 -57.309017 -1.251056
v 60.000000 -56.999998 3.700000
v 60.000000 -56.690984 -1.251056
v 60.000000 -56.500001 3.566025
v 60.000000 -56.190982 -0.887785
v 60.000000 -56.133976 3.200000
v 60.000000 -55.999999 -0.300000
v 60.000000 -55.999999 2.700000
v 59.999609 42.105455 61.539621
v 60.000000 58.000002 0.000000
v 60.000000 58.000002 1.200000
v 60.000000 59.000001 0.000000
v 60.000000 59.000001 1.200000
v 60.000000 60.000000 0.000000
v 60.029707 -49.259276 29.156129
v 60.078859 -41.688576 32.713752
v 60.104909 41.529346 64.126530
v 60.177560 49.952197 44.192228
v 60.219049 -48.194528 27.780092
v 60.219049 -41.805472 31.795626
v 60.261035 40.680346 66.431127
v 60.262156 41.741881 61.852541
v 60.285940 -41.646280 32.291985
v 60.289941 -48.863759 28.708804
v 60.367737 41.419773 63.963270
v 60.382347 -48.538179 28.152466
v 60.385966 48.431211 42.517557
v 60.388875 48.610730 43.631077
v 60.416489 49.284687 43.953710
v 60.491204 53.116045 39.762685
v 60.537181 38.972435 64.919991
v 60.583816 50.994992 42.589073
v 60.591612 -51.067629 3.000000
v 60.591612 -38.932374 3.000000
v 60.591612 38.932374 3.000000
v 60.591612 51.067629 3.000000
v 60.601335 41.265707 63.791738
v 60.634270 -52.248588 28.614542
v 60.653176 40.207472 67.238722
v 60.670695 52.262816 41.093554
v 60.707126 40.723896 66.182261
v 60.750699 -48.873749 4.900000
v 60.750699 -41.126251 4.900000
v 60.750699 41.126251 4.900000
v 60.750699 48.873749 4.900000
v 60.811124 50.625272 42.508206
v 60.822849 41.048555 63.856544
v 60.830727 -39.833689 34.338694
v 60.837998 51.239209 39.055169
v 60.892510 -51.510425 28.798561
v 60.914259 49.211245 41.890392
v 60.926847 -38.702426 32.724466
v 60.934138 -49.065862 27.232456
v 60.934138 -40.934138 32.343261
v 60.971932 49.103312 40.574894
v 61.008372 49.905601 42.252064
v 61.028171 -51.361966 26.821227
v 61.109195 -40.084710 34.030473
v 61.123910 40.645480 65.894203
v 61.145082 39.699109 67.842970
v 61.237588 -40.180321 33.845174
v 61.294050 -50.884733 28.633294
v 61.306725 51.602035 41.120586
v 61.322575 40.208697 67.077332
v 61.439548 -40.293903 33.474667
v 61.440215 40.232224 66.942477
v 61.445355 52.814698 39.865563
v 61.451607 -50.584264 28.450570
v 61.483994 40.450253 65.585890
v 61.510453 49.729476 40.354819
v 61.518269 51.196628 41.043024
v 61.519966 53.737345 38.430309
v 61.598201 -40.329833 33.069115
v 61.634774 -50.116081 27.983215
v 61.637402 -38.862727 34.856472
v 61.654763 49.676738 38.917449
v 61.669068 50.430770 40.765390
v 61.675220 -49.781981 27.385197
v 61.797233 51.781759 37.891669
v 61.799288 40.203543 66.447215
v 61.805472 -49.780951 26.783023
v 61.805472 -40.219049 32.792695
v 61.808124 -39.237921 34.620330
v 61.822376 38.206577 65.641184
v 61.838512 -52.076278 28.528454
v 62.014856 39.686389 67.705016
v 62.018471 -39.520903 34.308245
v 62.052774 52.078500 39.940798
v 62.112060 39.754567 67.540340
v 62.116013 -39.633257 34.123054
v 62.136149 50.142455 39.095497
v 62.139902 40.013442 66.432996
v 62.156820 -51.384745 28.377030
v 62.243838 51.639543 39.867764
v 62.257295 53.250771 38.887801
v 62.270818 -39.777262 33.755531
v 62.280202 -51.059232 28.195004
v 62.323146 38.779101 68.570356
v 62.347894 50.836315 39.564927
v 62.394791 -39.843333 33.355503
v 62.399321 39.850445 66.922307
v 62.418041 50.137701 37.585073
v 62.419643 -50.565548 27.719195
v 62.437005 -50.147190 4.900000
v 62.437005 -39.852810 4.900000
v 62.437005 39.852810 4.900000
v 62.437005 50.147190 4.900000
v 62.442188 -50.234690 27.103331
v 62.632418 54.192119 37.455044
v 62.682371 -52.132926 3.000000
v 62.682371 -37.867076 3.000000
v 62.682371 37.867076 3.000000
v 62.682371 52.132926 3.000000
v 62.715650 -53.250928 28.147144
v 62.789640 50.462174 38.081357
v 62.796130 39.248695 68.091564
v 62.799568 -50.312309 26.449065
v 62.799568 -39.687693 33.126652
v 62.811718 52.436748 39.022801
v 62.825613 52.177887 37.042174
v 62.854071 -52.487907 28.331790
v 62.868881 -38.808115 34.823475
v 62.869248 39.355593 67.909145
v 62.876534 -37.806885 33.142064
v 62.931790 53.519344 38.279786
v 62.976189 51.965981 38.955913
v 62.991943 -52.226181 26.418235
v 63.008022 -39.113755 34.508698
v 63.013949 39.603891 66.869426
v 63.035450 51.134071 38.622918
v 63.072801 -39.238069 34.323587
v 63.075252 -51.745615 28.191340
v 63.077893 39.555144 67.208872
v 63.160162 -51.401219 28.009903
v 63.176241 -39.404013 33.958161
v 63.243403 50.475116 36.609809
v 63.253927 -50.889425 27.527473
v 63.260169 -39.492166 33.561997
v 63.264461 -50.563569 26.897523
v 63.299999 -45.000000 3.000000
v 63.299999 -45.000000 4.900000
v 63.299999 45.000000 3.000000
v 63.299999 45.000000 4.900000
v 63.331566 50.654359 37.440321
v 63.360233 37.681496 65.990295
v 63.416047 52.641535 38.471980
v 63.552976 52.146811 38.411365
v 63.580775 51.298523 38.050306
v 63.586159 53.705707 37.852917
v 63.621144 38.943088 68.311725
v 63.624673 -45.999236 3.000000
v 63.624673 -45.999236 4.900000
v 63.624673 -44.000764 3.000000
v 63.624673 -44.000764 4.900000
v 63.624673 44.000764 3.000000
v 63.624673 44.000764 4.900000
v 63.624673 45.999236 3.000000
v 63.624673 45.999236 4.900000
v 63.634114 38.186562 68.884664
v 63.667598 39.077954 68.119645
v 63.796301 39.349501 67.368088
v 63.801799 54.469433 36.860344
v 63.844924 -38.181798 35.173995
v 63.857579 50.784020 36.980014
v 63.878231 -50.639515 26.243415
v 63.878231 -39.360485 33.332303
v 63.900943 52.419033 36.525030
v 63.915625 -52.737327 28.212547
v 63.967628 52.768574 38.105445
v 63.985190 -38.555856 34.942696
v 63.986602 39.340117 67.058015
v 64.029050 -51.962986 28.079164
v 64.051104 -38.874695 34.626360
v 64.070930 52.253270 38.051755
v 64.072332 -51.606841 27.898126
v 64.076715 51.395292 37.661710
v 64.081860 -39.006000 34.441299
v 64.111013 50.680861 36.015108
v 64.119420 -51.084285 27.411463
v 64.123197 -50.762668 26.772470
v 64.131141 -39.184818 34.077089
v 64.171410 -39.286015 33.683164
v 64.469457 -50.725470 4.900000
v 64.469457 -39.274528 4.900000
v 64.469457 39.274528 4.900000
v 64.469457 50.725470 4.900000
v 64.474673 -46.616797 3.000000
v 64.474673 -46.616797 4.900000
v 64.474673 -43.383203 3.000000
v 64.474673 -43.383203 4.900000
v 64.474673 43.383203 3.000000
v 64.474673 43.383203 4.900000
v 64.474673 46.616797 3.000000
v 64.474673 46.616797 4.900000
v 64.665003 53.859582 37.494121
v 64.693074 38.760078 68.425698
v 64.703526 38.912103 68.228846
v 64.728475 50.886717 36.578681
v 64.731884 39.226608 67.448621
v 64.772983 52.852697 37.826164
v 64.797449 51.451836 37.354381
v 64.800801 52.315111 37.781944
v 65.000000 -53.595238 27.986591
v 65.000000 -52.619195 28.169692
v 65.000000 -52.500000 3.000000
v 65.000000 -52.500000 26.285443
v 65.000000 -51.675401 27.860758
v 65.000000 -50.996547 27.135952
v 65.000000 -50.749998 26.173975
v 65.000000 -39.250000 33.401744
v 65.000000 -37.500000 3.000000
v 65.000000 -37.500000 33.285167
v 65.000000 37.500000 3.000000
v 65.000000 37.500000 66.090107
v 64.999990 37.984295 68.969908
v 64.999995 39.250076 67.109160
v 65.000000 50.749998 35.815272
v 65.000000 52.500000 3.000000
v 65.000000 52.500000 36.351399
v 65.000000 54.562616 36.660509
v 65.104113 -39.227231 33.717685
v 65.109191 -39.122276 34.110987
v 65.115380 -38.939788 34.474859
v 65.119238 -38.806508 34.659905
v 65.127497 -38.483953 34.976673
v 65.465970 52.303672 37.844198
v 65.470228 51.441274 37.427871
v 65.525327 -46.616797 3.000000
v 65.525327 -46.616797 4.900000
v 65.525327 -43.383203 3.000000
v 65.525327 -43.383203 4.900000
v 65.525327 43.383203 3.000000
v 65.525327 43.383203 4.900000
v 65.525327 46.616797 3.000000
v 65.525327 46.616797 4.900000
v 65.526657 52.835026 37.891309
v 65.614510 50.862041 36.680448
v 65.758934 53.821740 37.583230
v 65.845184 39.283559 67.412019
v 65.888987 50.680861 36.015108
v 65.935030 38.988960 68.179021
v 65.967822 38.844922 68.373713
v 66.013346 39.340041 67.057848
v 66.034069 -39.317722 33.664491
v 66.084280 -39.218485 34.058781
v 66.121769 -50.639515 26.243415
v 66.121769 -39.360485 33.332303
v 66.145778 -39.041650 34.423187
v 66.155076 -38.181798 35.173995
v 66.184173 -38.911440 34.608254
v 66.198201 54.469433 36.860344
v 66.266484 -38.594692 34.924335
v 66.340809 51.316848 37.980635
v 66.364665 52.166953 38.346269
v 66.365809 38.186393 68.884387
v 66.375327 -45.999236 3.000000
v 66.375327 -45.999236 4.900000
v 66.375327 -44.000764 3.000000
v 66.375327 -44.000764 4.900000
v 66.375327 44.000764 3.000000
v 66.375327 44.000764 4.900000
v 66.375327 45.999236 3.000000
v 66.375327 45.999236 4.900000
v 66.496854 52.665086 38.405809
v 66.573563 -50.530496 4.900000
v 66.573563 -39.469502 4.900000
v 66.573563 39.469502 4.900000
v 66.573563 50.530496 4.900000
v 66.587520 50.677681 37.359376
v 66.608467 -50.601835 26.873527
v 66.617694 -50.926976 27.505169
v 66.700001 -45.000000 3.000000
v 66.700001 -45.000000 4.900000
v 66.700001 45.000000 3.000000
v 66.700001 45.000000 4.900000
v 66.704497 -51.440859 27.988396
v 66.756597 50.475116 36.609809
v 66.783323 -51.787486 28.169758
v 66.928039 39.557233 67.206860
v 66.936641 -39.558511 33.523006
v 66.945930 51.140847 38.600626
v 66.967506 53.552508 38.204141
v 66.986055 39.603903 66.869431
v 66.988893 -52.535825 28.308887
v 67.004042 51.973429 38.934467
v 67.029800 -39.474564 33.919888
v 67.137346 39.358416 67.906537
v 67.144933 -39.312763 34.285705
v 67.167687 52.445021 39.001176
v 67.192278 50.469680 38.057022
v 67.200432 -50.312309 26.449065
v 67.200432 -39.687693 33.126652
v 67.210684 39.251800 68.088837
v 67.217126 -39.190698 34.470830
v 67.284350 -53.250928 28.147144
v 67.367582 54.192119 37.455044
v 67.372313 -38.889296 34.785111
v 67.579231 50.872874 39.452937
v 67.581959 50.137701 37.585073
v 67.676859 38.779130 68.570361
v 67.678370 51.679564 39.758742
v 67.720213 53.261132 38.864477
v 67.788177 -39.941795 33.297606
v 67.795706 50.180688 38.976474
v 67.858725 40.011005 66.433792
v 67.866936 52.121987 39.831204
v 67.915044 40.022068 66.711226
v 67.920270 -39.881928 33.698714
v 68.085923 -39.744077 34.066823
v 68.100901 -49.928865 27.293816
v 68.135839 -50.262027 27.897582
v 68.190503 -39.635074 34.252038
v 68.194528 -49.780951 26.783023
v 68.194528 -40.219049 32.792695
v 68.239670 39.986625 67.273192
v 68.306193 -50.738482 28.367660
v 68.310943 50.444732 40.725169
v 68.332691 40.294118 66.290016
v 68.345237 49.676738 38.917449
v 68.347683 39.940403 67.424660
v 68.362598 -38.862727 34.856472
v 68.416319 -39.358435 34.563370
v 68.453846 -51.047034 28.550160
v 68.460369 51.211843 41.003480
v 68.465147 -49.588599 4.900000
v 68.465147 -40.411401 4.900000
v 68.465147 40.411401 4.900000
v 68.465147 49.588599 4.900000
v 68.470087 52.866349 39.750168
v 68.471246 49.743419 40.313029
v 68.480034 53.737345 38.430309
v 68.516006 40.450253 65.585890
v 68.568053 -40.454755 32.995515
v 68.671360 51.618280 41.080928
v 68.707800 40.354877 66.746631
v 68.733611 -40.426469 33.402522
v 68.829842 40.342574 66.871567
v 68.831401 -51.693950 28.710968
v 68.830929 -49.381561 27.633152
v 68.853064 39.693627 67.844300
v 68.876090 40.645480 65.894203
v 68.888607 -49.715085 28.216853
v 68.945389 -40.320692 33.773816
v 68.996773 49.900508 42.266073
v 69.028068 49.103312 40.574894
v 69.065862 -49.065862 27.232456
v 69.065862 -40.934138 32.343261
v 69.080319 -40.229416 33.959138
v 69.090438 49.206290 41.904788
v 69.101496 -50.160151 28.677368
v 69.177151 41.048555 63.856544
v 69.194350 50.619750 42.522049
v 69.255762 -41.084518 32.623987
v 69.280195 -50.439377 28.860598
v 69.292874 40.723896 66.182261
v 69.306717 52.281275 41.052623
v 69.346623 40.206957 67.238936
v 69.365730 -52.248588 28.614542
v 69.373393 -39.986725 34.266338
v 69.421787 50.989170 42.602940
v 69.447870 -41.094012 33.038616
v 69.470768 -48.723550 28.038702
v 69.508796 53.116045 39.762685
v 69.522610 41.414361 63.393636
v 69.555645 -49.051766 28.600683
v 69.614034 48.431211 42.517557
v 69.700108 -41.027651 33.413992
v 69.725919 49.106703 44.433846
v 69.730687 -51.010642 29.036903
v 69.736214 48.440127 44.120159
v 69.737844 41.741881 61.852541
v 69.738965 40.680346 66.431127
v 69.760752 41.580715 63.566465
v 69.780951 -48.194528 27.780092
v 69.780951 -41.805472 31.795626
v 69.806900 -49.458294 29.050746
v 69.831114 -41.817036 32.190928
v 69.862723 -40.958505 33.599434
v 69.888749 -48.026986 4.900000
v 69.888749 -41.973014 4.900000
v 69.888749 41.973014 4.900000
v 69.888749 48.026986 4.900000
v 69.974866 49.759650 44.668260
v 70.001092 -47.966747 28.502121
v 70.010877 -49.703836 29.234684
v 70.030928 41.700606 63.730450
v 70.041432 -41.869102 32.614944
v 70.069804 51.574831 42.615733
v 70.089040 47.676597 44.698710
v 70.116186 -48.281846 29.042041
v 70.185127 42.445745 60.624561
v 70.184603 42.513556 59.622073
v 70.192542 41.745906 63.816223
v 70.215297 50.083914 44.751816
v 70.218554 -40.758710 33.901262
v 70.244451 47.569032 46.589532
v 70.271339 -40.164084 34.249640
v 70.312309 -47.200432 28.404884
v 70.312309 -42.799568 31.170833
v 70.312119 48.190541 46.866879
v 70.327215 -41.848631 32.995317
v 70.400281 -48.643117 29.481363
v 70.404458 -47.128782 29.011919
v 70.429134 52.343168 41.420131
v 70.440125 42.696376 60.807180
v 70.441670 46.857615 47.065911
v 70.506682 43.345027 57.218776
v 70.514207 -41.805730 33.180876
v 70.517206 -50.190573 29.427660
v 70.531168 41.788483 63.971539
v 70.549932 -47.422051 29.530420
v 70.595574 -43.505073 31.188776
v 70.602107 48.770819 47.084265
v 70.623102 -48.851871 29.665909
v 70.630074 41.486754 64.701781
v 70.639515 -46.121769 29.082825
v 70.639515 -43.878231 30.492892
v 70.652094 -46.056561 4.900000
v 70.652094 -43.943439 4.900000
v 70.652094 43.943439 4.900000
v 70.652094 46.056561 4.900000
v 70.652118 46.403384 49.840841
v 70.662060 43.772883 57.040439
v 70.749230 42.888689 60.976562
v 70.749016 45.106406 52.127643
v 70.749998 -45.000000 29.787860
v 70.791407 -45.338564 30.092416
v 70.800467 46.951866 50.084758
v 70.805840 45.176234 53.218422
v 70.815778 -43.648415 31.637049
v 70.848842 49.050369 47.169385
v 70.859885 -47.732363 29.959176
v 70.860610 50.581775 44.802423
v 70.909176 44.128847 57.238398
v 70.927181 -41.657548 33.476050
v 70.940399 42.967525 61.062632
v 70.987296 -45.567379 30.572391
v 71.013746 45.638385 53.437405
v 71.059194 -50.677280 29.347255
v 71.094956 -47.902479 30.144198
v 71.124630 47.438641 50.285907
v 71.144795 -43.733706 32.030165
v 71.167126 -49.249268 29.875679
v 71.218915 51.437287 43.362794
v 71.244750 44.416666 57.416034
v 71.324472 -45.767140 30.981803
v 71.350012 43.059678 61.211262
v 71.353607 46.030550 53.625998
v 71.368427 -43.753700 32.215865
v 71.370835 47.665267 50.371976
v 71.385789 42.421236 62.697778
v 71.463265 44.541154 57.502365
v 71.477599 49.466705 47.248282
v 71.565223 -45.860047 31.167381
v 71.591082 46.207190 53.712392
v 71.659274 -48.209238 30.370123
v 71.711698 -41.970239 33.407416
v 71.859145 50.420198 45.543947
v 71.873798 -43.732753 32.493629
v 71.947122 44.702554 57.640262
v 71.965284 47.990456 50.476284
v 71.987944 43.461323 60.467310
v 72.100000 -59.099998 0.000000
v 72.100000 -59.099998 1.200000
v 72.100000 59.000001 0.000000
v 72.100000 59.000001 1.200000
v 72.124853 -45.993648 31.421983
v 72.139306 46.450491 53.835158
v 72.214270 -48.676629 30.280175
v 72.334423 49.316354 47.911148
v 72.422051 44.582000 58.064013
v 72.555690 -44.120698 32.404640
v 72.728329 -46.424394 31.330409
v 72.748671 46.956034 52.972879
v 73.000002 -60.000000 0.000000
v 73.000002 -60.000000 18.629297
v 73.000002 -59.600496 21.427588
v 73.000002 -58.433914 24.002295
v 73.000002 -58.000002 1.200000
v 73.000002 -58.000002 17.355157
v 73.000002 -57.621512 20.080323
v 73.000002 -56.593456 26.147695
v 73.000002 -56.514692 22.599201
v 73.000002 -54.763331 24.721115
v 73.000002 -54.226184 27.692375
v 73.000002 -52.500000 3.000000
v 73.000002 -52.500000 26.285443
v 73.000002 -37.500000 3.000000
v 73.000002 -37.500000 33.285167
v 73.000002 33.068337 66.191721
v 73.000002 34.035718 68.849573
v 73.000002 34.532464 66.617889
v 73.000002 35.930712 69.313278
v 73.000002 36.056948 66.582932
v 73.000002 37.500000 3.000000
v 73.000002 37.500000 66.090107
v 73.000002 37.858911 69.016500
v 73.000002 39.526761 68.004422
v 73.000002 40.680346 66.431127
v 73.000002 52.500000 3.000000
v 73.000002 52.500000 36.351399
v 73.000002 57.063079 26.565847
v 73.000002 57.579894 25.207696
v 73.000002 57.894416 23.788984
v 73.000002 58.000002 1.200000
v 73.000002 58.000002 22.339664
v 73.000002 59.063077 27.009237
v 73.000002 59.579897 25.651085
v 73.000002 59.894419 24.232371
v 73.000002 60.000000 0.000000
v 73.000002 60.000000 22.783053
v 73.099999 -58.832049 0.000000
v 73.099999 -58.832049 1.200000
v 73.099999 58.732052 0.000000
v 73.099999 58.732052 1.200000
v 73.832049 -58.099999 0.000000
v 73.832049 -58.099999 1.200000
v 73.832049 58.000002 0.000000
v 73.832049 58.000002 1.200000
v 74.000001 -59.732051 0.000000
v 74.000001 -59.732051 18.629297
v 74.000001 -59.343252 21.352608
v 74.000001 -58.207927 23.858325
v 74.000001 -56.416788 25.946240
v 74.000001 -54.112945 27.449532
v 74.000001 34.148958 68.606730
v 74.000001 35.942400 69.045582
v 74.000001 37.767265 68.764710
v 74.000001 39.345737 67.806869
v 74.000001 40.437503 66.317887
v 74.000001 58.820233 26.895995
v 74.000001 59.501362 24.889455
v 74.000001 59.732051 0.000000
v 74.000001 59.732051 22.783053
v 74.099998 -57.100000 0.000000
v 74.099998 -57.100000 1.200000
v 74.099998 56.999998 0.000000
v 74.099998 56.999998 1.200000
v 74.732051 -59.000001 0.000000
v 74.732051 -59.000001 18.629297
v 74.732051 -58.640447 21.147759
v 74.732051 -57.590523 23.464994
v 74.732051 -55.934114 25.395856
v 74.732051 -53.803563 26.786067
v 74.732051 34.458337 67.943268
v 74.732051 35.974331 68.314228
v 74.732051 37.516890 68.076806
v 74.732051 38.851171 67.267146
v 74.732051 39.774041 66.008511
v 74.732051 58.156772 26.586618
v 74.732051 58.786664 24.731009
v 74.732051 59.000001 0.000000
v 74.732051 59.000001 22.783053
v 75.000000 -58.000002 0.000000
v 75.000000 -58.000002 18.629297
v 75.000000 -57.680397 20.867929
v 75.000000 -56.747131 22.927694
v 75.000000 -55.274768 24.644015
v 75.000000 -53.380947 25.879760
v 75.000000 34.880955 67.036958
v 75.000000 36.017952 67.315183
v 75.000000 37.174869 67.137113
v 75.000000 38.175581 66.529870
v 75.000000 38.867733 65.585890
v 75.000000 57.250462 26.164000
v 75.000000 57.663918 25.077479
v 75.000000 57.915535 23.942509
v 75.000000 58.000002 0.000000
v 75.000000 58.000002 22.783053
vt 2.000000 0.150000 0.000000
vt 0.000000 0.150000 0.000000
vt 0.000000 0.000000 0.000000
vt 2.000000 0.000000 0.000000
vt 2.000000 0.150000 0.000000
vt 0.000000 0.150000 0.000000
vt 0.000000 -0.214321 0.000000
vt 2.000000 -0.214321 0.000000
vt 0.200000 0.150000 0.000000
vt 0.180902 0.208779 0.000000
vt 0.130902 0.245106 0.000000
vt 0.069098 0.245106 0.000000
vt 0.019098 0.208779 0.000000
vt 0.000000 0.150000 0.000000
vt 0.000000 0.000000 0.000000
vt 0.000000 -0.113966 0.000000
vt 0.008269 -0.242304 0.000000
vt 0.032941 -0.368518 0.000000
vt 0.073606 -0.490523 0.000000
vt 0.066304 -0.456285 0.000000
vt 0.071250 -0.421628 0.000000
vt 0.087839 -0.390800 0.000000
vt 0.178407 -0.276388 0.000000
vt 0.190201 -0.257493 0.000000
vt 0.197519 -0.236456 0.000000
vt 0.200000 -0.214321 0.000000
vt 0.200000 0.150000 0.000000
vt 0.180902 0.208779 0.000000
vt 0.130902 0.245106 0.000000
vt 0.069098 0.245106 0.000000
vt 0.019098 0.208779 0.000000
vt 0.000000 0.150000 0.000000
vt 0.000000 -0.214321 0.000000
vt 0.002481 -0.236456 0.000000
vt 0.009799 -0.257493 0.000000
vt 0.021593 -0.276388 0.000000
vt 0.112161 -0.390800 0.000000
vt 0.128750 -0.421628 0.000000
vt 0.133696 -0.456285 0.000000
vt 0.126394 -0.490523 0.000000
vt 0.167059 -0.368518 0.000000
vt 0.191731 -0.242304 0.000000
vt 0.200000 -0.113966 0.000000
vt 0.200000 0.000000 0.000000
vt -1.500000 0.078540 0.000000
vt -1.500000 0.015708 0.000000
vt -1.500000 -0.047124 0.000000
vt -1.500000 -0.109956 0.000000
vt -1.500000 -0.172788 0.000000
vt -1.500000 -0.235619 0.000000
vt 0.500000 -0.235619 0.000000
vt 0.500000 -0.172788 0.000000
vt 0.500000 -0.109956 0.000000
vt 0.500000 -0.047124 0.000000
vt 0.500000 0.015708 0.000000
vt 0.500000 0.078540 0.000000
vt -8.500000 -0.084273 0.000000
vt -6.500000 -0.084273 0.000000
vt -6.500000 0.061648 0.000000
vt -8.500000 0.061648 0.000000
vt 8.500000 0.000000 0.000000
vt 8.500000 0.022320 0.000000
vt 8.500000 0.044640 0.000000
vt 8.500000 0.066960 0.000000
vt 6.500000 0.066960 0.000000
vt 6.500000 0.044640 0.000000
vt 6.500000 0.022320 0.000000
vt 6.500000 0.000000 0.000000
vt 8.500000 0.218166 0.000000
vt 8.500000 0.089474 0.000000
vt 8.500000 -0.039218 0.000000
vt 8.500000 -0.167910 0.000000
vt 6.500000 -0.167910 0.000000
vt 6.500000 -0.039218 0.000000
vt 6.500000 0.089474 0.000000
vt 6.500000 0.218166 0.000000
vt 0.200000 0.218166 0.000000
vt 0.200000 0.072722 0.000000
vt 0.200000 -0.072722 0.000000
vt 0.200000 -0.218166 0.000000
vt 14.800000 -0.218166 0.000000
vt 14.800000 -0.072722 0.000000
vt 14.800000 0.072722 0.000000
vt 14.800000 0.218166 0.000000
vt -6.500000 2.233966 0.000000
vt -6.500000 2.120000 0.000000
vt -4.475000 2.120000 0.000000
vt -4.475000 2.000000 0.000000
vt -2.500000 2.000000 0.000000
vt -2.308658 1.961940 0.000000
vt -2.146447 1.853553 0.000000
vt -2.038060 1.691342 0.000000
vt -2.000000 1.500000 0.000000
vt -2.000000 0.500000 0.000000
vt -1.961940 0.308658 0.000000
vt -1.853553 0.146447 0.000000
vt -1.691342 0.038060 0.000000
vt -1.500000 0.000000 0.000000
vt -1.500000 0.120000 0.000000
vt -0.200000 0.120000 0.000000
vt -0.200000 2.233966 0.000000
vt -0.500000 0.078540 0.000000
vt -0.500000 0.026180 0.000000
vt -0.500000 -0.026180 0.000000
vt -0.500000 -0.078540 0.000000
vt 1.500000 -0.078540 0.000000
vt 1.500000 -0.026180 0.000000
vt 1.500000 0.026180 0.000000
vt 1.500000 0.078540 0.000000
vt 1.000000 0.000000 0.000000
vt -1.000000 0.000000 0.000000
vt -1.000000 -0.100000 0.000000
vt 1.000000 -0.100000 0.000000
vt 0.100000 -0.250000 0.000000
vt 0.150000 -0.236603 0.000000
vt 0.186603 -0.200000 0.000000
vt 0.200000 -0.150000 0.000000
vt 0.200000 0.150000 0.000000
vt 0.180902 0.208779 0.000000
vt 0.130902 0.245106 0.000000
vt 0.069098 0.245106 0.000000
vt 0.019098 0.208779 0.000000
vt 0.000000 0.150000 0.000000
vt 0.000000 0.000000 0.000000
vt 0.000000 -0.250000 0.000000
vt -1.500000 0.078540 0.000000
vt -1.500000 0.015708 0.000000
vt -1.500000 -0.047124 0.000000
vt -1.500000 -0.109956 0.000000
vt -1.500000 -0.172788 0.000000
vt -1.500000 -0.235619 0.000000
vt 0.500000 -0.235619 0.000000
vt 0.500000 -0.172788 0.000000
vt 0.500000 -0.109956 0.000000
vt 0.500000 -0.047124 0.000000
vt 0.500000 0.015708 0.000000
vt 0.500000 0.078540 0.000000
vt -0.500000 0.078540 0.000000
vt -0.500000 0.026180 0.000000
vt -0.500000 -0.026180 0.000000
vt -0.500000 -0.078540 0.000000
vt 1.500000 -0.078540 0.000000
vt 1.500000 -0.026180 0.000000
vt 1.500000 0.026180 0.000000
vt 1.500000 0.078540 0.000000
vt 1.000000 0.000000 0.000000
vt -1.000000 0.000000 0.000000
vt -1.000000 -0.100000 0.000000
vt 1.000000 -0.100000 0.000000
vt 0.100000 -0.250000 0.000000
vt 0.150000 -0.236603 0.000000
vt 0.186603 -0.200000 0.000000
vt 0.200000 -0.150000 0.000000
vt 0.200000 0.150000 0.000000
vt 0.180902 0.208779 0.000000
vt 0.130902 0.245106 0.000000
vt 0.069098 0.245106 0.000000
vt 0.019098 0.208779 0.000000
vt 0.000000 0.150000 0.000000
vt 0.000000 0.000000 0.000000
vt 0.000000 -0.250000 0.000000
vt -1.500000 0.078540 0.000000
vt -1.500000 0.015708 0.000000
vt -1.500000 -0.047124 0.000000
vt -1.500000 -0.109956 0.000000
vt -1.500000 -0.172788 0.000000
vt -1.500000 -0.235619 0.000000
vt 0.500000 -0.235619 0.000000
vt 0.500000 -0.172788 0.000000
vt 0.500000 -0.109956 0.000000
vt 0.500000 -0.047124 0.000000
vt 0.500000 0.015708 0.000000
vt 0.500000 0.078540 0.000000
vt 0.000000 -0.150000 0.000000
vt 2.000000 -0.150000 0.000000
vt 2.000000 0.150000 0.000000
vt 0.000000 0.150000 0.000000
vt 2.000000 0.150000 0.000000
vt 0.000000 0.150000 0.000000
vt 0.000000 0.000000 0.000000
vt 2.000000 0.000000 0.000000
vt 0.000000 -0.150000 0.000000
vt 0.013397 -0.200000 0.000000
vt 0.050000 -0.236603 0.000000
vt 0.100000 -0.250000 0.000000
vt 0.200000 -0.250000 0.000000
vt 0.200000 0.000000 0.000000
vt 0.200000 0.150000 0.000000
vt 0.180902 0.208779 0.000000
vt 0.130902 0.245106 0.000000
vt 0.069098 0.245106 0.000000
vt 0.019098 0.208779 0.000000
vt 0.000000 0.150000 0.000000
vt 0.000000 -0.150000 0.000000
vt 2.000000 -0.150000 0.000000
vt 2.000000 0.150000 0.000000
vt 0.000000 0.150000 0.000000
vt 2.000000 0.150000 0.000000
vt 0.000000 0.150000 0.000000
vt 0.000000 0.000000 0.000000
vt 2.000000 0.000000 0.000000
vt 0.000000 -0.150000 0.000000
vt 0.013397 -0.200000 0.000000
vt 0.050000 -0.236603 0.000000
vt 0.100000 -0.250000 0.000000
vt 0.200000 -0.250000 0.000000
vt 0.200000 0.000000 0.000000
vt 0.200000 0.150000 0.000000
vt 0.180902 0.208779 0.000000
vt 0.130902 0.245106 0.000000
vt 0.069098 0.245106 0.000000
vt 0.019098 0.208779 0.000000
vt 0.000000 0.150000 0.000000
vt 1.375000 0.039270 0.000000
vt 1.375000 0.013090 0.000000
vt 1.375000 -0.013090 0.000000
vt 1.375000 -0.039270 0.000000
vt 3.375000 -0.039270 0.000000
vt 3.375000 -0.013090 0.000000
vt 3.375000 0.013090 0.000000
vt 3.375000 0.039270 0.000000
vt 4.750000 0.100000 0.000000
vt 2.750000 0.100000 0.000000
vt 2.750000 -0.100000 0.000000
vt 4.750000 -0.100000 0.000000
vt 0.170711 -0.279289 0.000000
vt 0.186603 -0.258579 0.000000
vt 0.196593 -0.234461 0.000000
vt 0.200000 -0.208579 0.000000
vt 0.200000 0.150000 0.000000
vt 0.180902 0.208779 0.000000
vt 0.130902 0.245106 0.000000
vt 0.069098 0.245106 0.000000
vt 0.019098 0.208779 0.000000
vt 0.000000 0.150000 0.000000
vt 0.000000 0.000000 0.000000
vt 0.000000 -0.491421 0.000000
vt 0.003407 -0.465539 0.000000
vt 0.013397 -0.441421 0.000000
vt 0.029289 -0.420711 0.000000
vt 4.625000 0.039270 0.000000
vt 4.625000 0.013090 0.000000
vt 4.625000 -0.013090 0.000000
vt 4.625000 -0.039270 0.000000
vt 6.625000 -0.039270 0.000000
vt 6.625000 -0.013090 0.000000
vt 6.625000 0.013090 0.000000
vt 6.625000 0.039270 0.000000
vt -1.500000 0.370000 0.000000
vt -1.500000 0.120000 0.000000
vt -0.200000 0.120000 0.000000
vt -0.200000 1.735516 0.000000
vt -14.800000 1.735516 0.000000
vt -14.800000 0.120000 0.000000
vt -13.500000 0.120000 0.000000
vt -13.500000 0.370000 0.000000
vt -11.500000 0.370000 0.000000
vt -11.500000 0.120000 0.000000
vt -8.500000 0.120000 0.000000
vt -8.500000 0.611421 0.000000
vt -6.500000 0.611421 0.000000
vt -6.500000 0.120000 0.000000
vt -3.500000 0.120000 0.000000
vt -3.500000 0.370000 0.000000
vt -1.500000 0.078540 0.000000
vt -1.500000 0.015708 0.000000
vt -1.500000 -0.047124 0.000000
vt -1.500000 -0.109956 0.000000
vt -1.500000 -0.172788 0.000000
vt -1.500000 -0.235619 0.000000
vt 0.500000 -0.235619 0.000000
vt 0.500000 -0.172788 0.000000
vt 0.500000 -0.109956 0.000000
vt 0.500000 -0.047124 0.000000
vt 0.500000 0.015708 0.000000
vt 0.500000 0.078540 0.000000
vt 0.000000 -0.208579 0.000000
vt 2.000000 -0.208579 0.000000
vt 2.000000 0.150000 0.000000
vt 0.000000 0.150000 0.000000
vt 2.000000 0.150000 0.000000
vt 0.000000 0.150000 0.000000
vt 0.000000 0.000000 0.000000
vt 2.000000 0.000000 0.000000
vt 0.000000 -0.208579 0.000000
vt 0.003407 -0.234461 0.000000
vt 0.013397 -0.258579 0.000000
vt 0.029289 -0.279289 0.000000
vt 0.170711 -0.420711 0.000000
vt 0.186603 -0.441421 0.000000
vt 0.196593 -0.465539 0.000000
vt 0.200000 -0.491421 0.000000
vt 0.200000 0.000000 0.000000
vt 0.200000 0.150000 0.000000
vt 0.180902 0.208779 0.000000
vt 0.130902 0.245106 0.000000
vt 0.069098 0.245106 0.000000
vt 0.019098 0.208779 0.000000
vt 0.000000 0.150000 0.000000
vt -0.226893 -2.062239 0.000000
vt -0.170170 -2.062239 0.000000
vt -0.113446 -2.062239 0.000000
vt -0.056723 -2.062239 0.000000
vt -0.000000 -2.062239 0.000000
vt -0.000000 -1.933349 0.000000
vt -0.000000 -1.804459 0.000000
vt -0.000000 -1.675569 0.000000
vt -0.000000 -1.546679 0.000000
vt -0.000000 -1.417789 0.000000
vt -0.000000 -1.288899 0.000000
vt -0.000000 -1.160010 0.000000
vt -0.000000 -1.031120 0.000000
vt -0.000000 -0.902230 0.000000
vt -0.000000 -0.773340 0.000000
vt -0.000000 -0.644450 0.000000
vt -0.000000 -0.515560 0.000000
vt -0.000000 -0.386670 0.000000
vt -0.000000 -0.257780 0.000000
vt -0.000000 -0.128890 0.000000
vt -0.000000 0.000000 0.000000
vt -0.000000 0.128890 0.000000
vt -0.000000 0.257780 0.000000
vt -0.000000 0.386670 0.000000
vt -0.000000 0.515560 0.000000
vt -0.000000 0.644450 0.000000
vt -0.000000 0.773340 0.000000
vt -0.000000 0.902230 0.000000
vt -0.000000 1.031120 0.000000
vt -0.000000 1.160010 0.000000
vt -0.000000 1.288899 0.000000
vt -0.000000 1.417789 0.000000
vt -0.000000 1.546679 0.000000
vt -0.000000 1.675569 0.000000
vt -0.000000 1.804459 0.000000
vt -0.000000 1.933349 0.000000
vt -0.000000 2.062239 0.000000
vt -0.056723 2.062239 0.000000
vt -0.113446 2.062239 0.000000
vt -0.170170 2.062239 0.000000
vt -0.226893 2.062239 0.000000
vt -0.226893 1.865835 0.000000
vt -0.226893 1.669432 0.000000
vt -0.226893 1.473028 0.000000
vt -0.226893 1.276624 0.000000
vt -0.226893 1.080220 0.000000
vt -0.226893 0.883817 0.000000
vt -0.226893 0.687413 0.000000
vt -0.226893 0.491009 0.000000
vt -0.226893 0.294606 0.000000
vt -0.226893 0.098202 0.000000
vt -0.226893 -0.098202 0.000000
vt -0.226893 -0.294606 0.000000
vt -0.226893 -0.491009 0.000000
vt -0.226893 -0.687413 0.000000
vt -0.226893 -0.883817 0.000000
vt -0.226893 -1.080220 0.000000
vt -0.226893 -1.276624 0.000000
vt -0.226893 -1.473028 0.000000
vt -0.226893 -1.669432 0.000000
vt -0.226893 -1.865835 0.000000
vt -0.181580 -1.751174 0.000000
vt -0.181580 -0.299538 0.000000
vt -0.181580 0.011527 0.000000
vt -0.181580 0.218904 0.000000
vt -0.031878 0.011527 0.000000
vt -0.181580 0.426280 0.000000
vt -0.181580 0.633657 0.000000
vt -0.031878 0.529969 0.000000
vt -0.181580 1.361497 0.000000
vt -0.031878 -1.958551 0.000000
vt -0.072662 -1.958551 0.000000
vt -0.113446 -1.958551 0.000000
vt -0.136267 -1.958551 0.000000
vt -0.181580 -1.958551 0.000000
vt -0.031878 -1.854862 0.000000
vt -0.072662 -1.854862 0.000000
vt -0.113446 -1.854862 0.000000
vt -0.136267 -1.854862 0.000000
vt -0.181580 -1.854862 0.000000
vt -0.031878 -1.751174 0.000000
vt -0.072662 -1.751174 0.000000
vt -0.113446 -1.751174 0.000000
vt -0.136267 -1.751174 0.000000
vt -0.031878 -1.647486 0.000000
vt -0.072662 -1.647486 0.000000
vt -0.113446 -1.647486 0.000000
vt -0.136267 -1.647486 0.000000
vt -0.181580 -1.647486 0.000000
vt -0.031878 -1.440109 0.000000
vt -0.072662 -1.440109 0.000000
vt -0.113446 -1.440109 0.000000
vt -0.136267 -1.440109 0.000000
vt -0.181580 -1.440109 0.000000
vt -0.031878 -1.232733 0.000000
vt -0.072662 -1.232733 0.000000
vt -0.113446 -1.232733 0.000000
vt -0.136267 -1.232733 0.000000
vt -0.181580 -1.232733 0.000000
vt -0.031878 -1.025356 0.000000
vt -0.072662 -1.025356 0.000000
vt -0.113446 -1.025356 0.000000
vt -0.136267 -1.025356 0.000000
vt -0.181580 -1.025356 0.000000
vt -0.031878 -0.817979 0.000000
vt -0.072662 -0.817979 0.000000
vt -0.113446 -0.817979 0.000000
vt -0.136267 -0.817979 0.000000
vt -0.181580 -0.817979 0.000000
vt -0.031878 -0.610603 0.000000
vt -0.072662 -0.610603 0.000000
vt -0.113446 -0.610603 0.000000
vt -0.136267 -0.610603 0.000000
vt -0.181580 -0.610603 0.000000
vt -0.031878 -0.403226 0.000000
vt -0.072662 -0.403226 0.000000
vt -0.113446 -0.403226 0.000000
vt -0.136267 -0.403226 0.000000
vt -0.181580 -0.403226 0.000000
vt -0.031878 -0.299538 0.000000
vt -0.072662 -0.299538 0.000000
vt -0.113446 -0.299538 0.000000
vt -0.136267 -0.299538 0.000000
vt -0.031878 -0.195850 0.000000
vt -0.072662 -0.195850 0.000000
vt -0.113446 -0.195850 0.000000
vt -0.136267 -0.195850 0.000000
vt -0.181580 -0.195850 0.000000
vt -0.031878 -0.092161 0.000000
vt -0.072662 -0.092161 0.000000
vt -0.113446 -0.092161 0.000000
vt -0.136267 -0.092161 0.000000
vt -0.181580 -0.092161 0.000000
vt -0.072662 0.011527 0.000000
vt -0.113446 0.011527 0.000000
vt -0.136267 0.011527 0.000000
vt -0.031878 0.218904 0.000000
vt -0.072662 0.218904 0.000000
vt -0.113446 0.218904 0.000000
vt -0.136267 0.218904 0.000000
vt -0.181580 0.115215 0.000000
vt -0.136267 0.115215 0.000000
vt -0.113446 0.115215 0.000000
vt -0.072662 0.115215 0.000000
vt -0.031878 0.115215 0.000000
vt -0.031878 0.322592 0.000000
vt -0.072662 0.322592 0.000000
vt -0.113446 0.322592 0.000000
vt -0.136267 0.322592 0.000000
vt -0.181580 0.322592 0.000000
vt -0.031878 0.426280 0.000000
vt -0.072662 0.426280 0.000000
vt -0.113446 0.426280 0.000000
vt -0.136267 0.426280 0.000000
vt -0.072662 0.529969 0.000000
vt -0.113446 0.529969 0.000000
vt -0.136267 0.529969 0.000000
vt -0.181580 0.529969 0.000000
vt -0.031878 0.841033 0.000000
vt -0.072662 0.841033 0.000000
vt -0.113446 0.841033 0.000000
vt -0.136267 0.841033 0.000000
vt -0.181580 0.841033 0.000000
vt -0.136267 0.633657 0.000000
vt -0.113446 0.633657 0.000000
vt -0.072662 0.633657 0.000000
vt -0.031878 0.633657 0.000000
vt -0.031878 1.048410 0.000000
vt -0.072662 1.048410 0.000000
vt -0.113446 1.048410 0.000000
vt -0.136267 1.048410 0.000000
vt -0.181580 1.048410 0.000000
vt -0.031878 1.255787 0.000000
vt -0.072662 1.255787 0.000000
vt -0.113446 1.255787 0.000000
vt -0.136267 1.255787 0.000000
vt -0.181580 1.255787 0.000000
vt -0.031878 1.361497 0.000000
vt -0.072662 1.361497 0.000000
vt -0.113446 1.361497 0.000000
vt -0.136267 1.361497 0.000000
vt -0.031878 1.467207 0.000000
vt -0.072662 1.467207 0.000000
vt -0.113446 1.467207 0.000000
vt -0.136267 1.467207 0.000000
vt -0.181580 1.467207 0.000000
vt -0.031878 1.572917 0.000000
vt -0.072662 1.572917 0.000000
vt -0.113446 1.572917 0.000000
vt -0.136267 1.572917 0.000000
vt -0.181580 1.572917 0.000000
vt -0.031878 1.678627 0.000000
vt -0.072662 1.678627 0.000000
vt -0.113446 1.678627 0.000000
vt -0.136267 1.678627 0.000000
vt -0.181580 1.678627 0.000000
vt -0.031878 1.870433 0.000000
vt -0.072662 1.870433 0.000000
vt -0.113446 1.870433 0.000000
vt -0.136267 1.870433 0.000000
vt -0.181580 1.870433 0.000000
vt 0.706687 14.000000 0.000000
vt 0.744678 14.228436 0.000000
vt 0.855274 14.436573 0.000000
vt 1.028648 14.605920 0.000000
vt 1.249396 14.721427 0.000000
vt 1.497902 14.772833 0.000000
vt 1.752087 14.755569 0.000000
vt 1.989364 14.671169 0.000000
vt 2.188651 14.527134 0.000000
vt 2.332240 14.336260 0.000000
vt 2.407372 14.115508 0.000000
vt 2.407372 13.884492 0.000000
vt 2.332240 13.663740 0.000000
vt 2.188651 13.472866 0.000000
vt 1.989364 13.328831 0.000000
vt 1.752087 13.244431 0.000000
vt 1.497902 13.227167 0.000000
vt 1.249396 13.278573 0.000000
vt 1.028648 13.394080 0.000000
vt 0.855274 13.563427 0.000000
vt 0.744678 13.771564 0.000000
vt 8.637071 13.500000 0.000000
vt 8.497653 13.534363 0.000000
vt 8.390175 13.629580 0.000000
vt 8.339257 13.763839 0.000000
vt 8.356565 13.906382 0.000000
vt 8.438133 14.024553 0.000000
vt 8.565275 14.091283 0.000000
vt 8.708865 14.091283 0.000000
vt 8.836007 14.024553 0.000000
vt 8.917575 13.906382 0.000000
vt 8.934883 13.763839 0.000000
vt 8.883965 13.629580 0.000000
vt 8.776487 13.534363 0.000000
vt 2.137070 7.350000 0.000000
vt 2.040652 7.385093 0.000000
vt 1.989349 7.473953 0.000000
vt 2.007166 7.575000 0.000000
vt 2.085767 7.640954 0.000000
vt 2.188373 7.640954 0.000000
vt 2.266974 7.575000 0.000000
vt 2.284791 7.473953 0.000000
vt 2.233488 7.385093 0.000000
vt 2.137070 5.350000 0.000000
vt 2.040652 5.385093 0.000000
vt 1.989349 5.473953 0.000000
vt 2.007166 5.575000 0.000000
vt 2.085767 5.640954 0.000000
vt 2.188373 5.640954 0.000000
vt 2.266974 5.575000 0.000000
vt 2.284791 5.473953 0.000000
vt 2.233488 5.385093 0.000000
vt 2.137070 9.350000 0.000000
vt 2.040652 9.385094 0.000000
vt 1.989349 9.473953 0.000000
vt 2.007166 9.575000 0.000000
vt 2.085767 9.640954 0.000000
vt 2.188373 9.640954 0.000000
vt 2.266974 9.575000 0.000000
vt 2.284791 9.473953 0.000000
vt 2.233488 9.385094 0.000000
vt 8.637071 11.650000 0.000000
vt 8.540652 11.685093 0.000000
vt 8.489349 11.773952 0.000000
vt 8.507167 11.875000 0.000000
vt 8.585767 11.940954 0.000000
vt 8.688374 11.940954 0.000000
vt 8.766974 11.875000 0.000000
vt 8.784791 11.773952 0.000000
vt 8.733488 11.685093 0.000000
vt 3.137070 5.160000 0.000000
vt 2.979064 5.198945 0.000000
vt 2.857256 5.306858 0.000000
vt 2.799549 5.459018 0.000000
vt 2.819165 5.620566 0.000000
vt 2.911608 5.754494 0.000000
vt 3.055703 5.830120 0.000000
vt 3.218438 5.830120 0.000000
vt 3.362532 5.754494 0.000000
vt 3.454976 5.620566 0.000000
vt 3.474591 5.459018 0.000000
vt 3.416885 5.306858 0.000000
vt 3.295076 5.198945 0.000000
vt 3.137070 9.160000 0.000000
vt 2.979064 9.198945 0.000000
vt 2.857256 9.306858 0.000000
vt 2.799549 9.459018 0.000000
vt 2.819165 9.620565 0.000000
vt 2.911608 9.754494 0.000000
vt 3.055703 9.830120 0.000000
vt 3.218438 9.830120 0.000000
vt 3.362532 9.754494 0.000000
vt 3.454976 9.620565 0.000000
vt 3.474591 9.459018 0.000000
vt 3.416885 9.306858 0.000000
vt 3.295076 9.198945 0.000000
vt 6.137070 6.950000 0.000000
vt 5.938387 6.987140 0.000000
vt 5.766538 7.093545 0.000000
vt 5.644731 7.254844 0.000000
vt 5.589417 7.449253 0.000000
vt 5.608066 7.650515 0.000000
vt 5.698161 7.831449 0.000000
vt 5.847533 7.967619 0.000000
vt 6.036008 8.040635 0.000000
vt 6.238132 8.040635 0.000000
vt 6.426608 7.967619 0.000000
vt 6.575980 7.831449 0.000000
vt 6.666074 7.650515 0.000000
vt 6.684724 7.449253 0.000000
vt 6.629410 7.254844 0.000000
vt 6.507603 7.093545 0.000000
vt 6.335753 6.987140 0.000000
vt 0.637070 0.200000 0.000000
vt 10.375693 0.200000 0.000000
vt 10.375693 14.800000 0.000000
vt 0.637070 14.800000 0.000000
vt 0.706687 1.000000 0.000000
vt 0.744678 1.228435 0.000000
vt 0.855274 1.436573 0.000000
vt 1.028648 1.605919 0.000000
vt 1.249396 1.721427 0.000000
vt 1.497902 1.772833 0.000000
vt 1.752087 1.755569 0.000000
vt 1.989364 1.671170 0.000000
vt 2.188651 1.527134 0.000000
vt 2.332240 1.336260 0.000000
vt 2.407372 1.115508 0.000000
vt 2.407372 0.884492 0.000000
vt 2.332240 0.663740 0.000000
vt 2.188651 0.472866 0.000000
vt 1.989364 0.328830 0.000000
vt 1.752087 0.244431 0.000000
vt 1.497902 0.227167 0.000000
vt 1.249396 0.278573 0.000000
vt 1.028648 0.394081 0.000000
vt 0.855274 0.563427 0.000000
vt 0.744678 0.771565 0.000000
vt 0.005000 0.000000 0.000000
vt 0.005000 0.212519 0.000000
vt 0.005000 0.425039 0.000000
vt 0.005000 0.637559 0.000000
vt 0.005000 0.850078 0.000000
vt 0.005000 1.062598 0.000000
vt 0.005000 1.275117 0.000000
vt 0.005000 1.487636 0.000000
vt 0.005000 -1.912675 0.000000
vt 0.005000 -1.700156 0.000000
vt 0.005000 -1.487636 0.000000
vt 0.005000 -1.275117 0.000000
vt 0.005000 -1.062598 0.000000
vt 0.005000 -0.850078 0.000000
vt 0.005000 -0.637559 0.000000
vt 0.005000 -0.425039 0.000000
vt 0.005000 -0.212519 0.000000
vt -2.122397 -0.903208 0.000000
vt -2.129341 -1.016109 0.000000
vt -2.149906 -1.129010 0.000000
vt -2.183302 -1.241911 0.000000
vt -2.228245 -1.354812 0.000000
vt -2.283009 -1.467713 0.000000
vt -2.345489 -1.580614 0.000000
vt -2.413282 -1.693515 0.000000
vt -2.483786 1.806416 0.000000
vt -2.554289 1.693515 0.000000
vt -2.622083 1.580614 0.000000
vt -2.684563 1.467713 0.000000
vt -2.739326 1.354812 0.000000
vt -2.784269 1.241911 0.000000
vt -2.817665 1.129010 0.000000
vt -2.838230 1.016109 0.000000
vt -2.845174 0.903208 0.000000
vt -2.838230 0.790307 0.000000
vt -2.817665 0.677406 0.000000
vt -2.784269 0.564505 0.000000
vt -2.739326 0.451604 0.000000
vt -2.684563 0.338703 0.000000
vt -2.622083 0.225802 0.000000
vt -2.554289 0.112901 0.000000
vt -2.483786 0.000000 0.000000
vt -2.413282 -0.112901 0.000000
vt -2.345489 -0.225802 0.000000
vt -2.283009 -0.338703 0.000000
vt -2.228245 -0.451604 0.000000
vt -2.183302 -0.564505 0.000000
vt -2.149906 -0.677406 0.000000
vt -2.129341 -0.790307 0.000000
vt 0.005000 1.700156 0.000000
vt 0.005000 1.700156 0.000000
vt 0.005000 1.700156 0.000000
vt -2.483786 -1.806416 0.000000
vt -2.483786 -1.806416 0.000000
vt -0.000000 0.927791 0.000000
vt -0.079663 0.927791 0.000000
vt -0.159326 0.927791 0.000000
vt -0.238989 0.927791 0.000000
vt -0.238989 0.869805 0.000000
vt -0.238989 0.811818 0.000000
vt -0.238989 0.695844 0.000000
vt -0.238989 0.579870 0.000000
vt -0.238989 0.463896 0.000000
vt -0.238989 0.347922 0.000000
vt -0.238989 0.231948 0.000000
vt -0.238989 0.115974 0.000000
vt -0.238989 0.057987 0.000000
vt -0.238989 0.000000 0.000000
vt -0.159326 0.000000 0.000000
vt -0.079663 0.000000 0.000000
vt -0.000000 0.000000 0.000000
vt -0.000000 0.115974 0.000000
vt -0.000000 0.231948 0.000000
vt -0.000000 0.347922 0.000000
vt -0.000000 0.463896 0.000000
vt -0.000000 0.579870 0.000000
vt -0.000000 0.695844 0.000000
vt -0.000000 0.811818 0.000000
vt -0.144455 0.597815 0.000000
vt -0.034519 0.597815 0.000000
vt -0.144455 0.845297 0.000000
vt -0.119495 0.845297 0.000000
vt -0.034519 0.845297 0.000000
vt -0.144455 0.762803 0.000000
vt -0.119495 0.762803 0.000000
vt -0.034519 0.762803 0.000000
vt -0.144455 0.680309 0.000000
vt -0.119495 0.680309 0.000000
vt -0.034519 0.680309 0.000000
vt -0.144455 0.493549 0.000000
vt -0.119495 0.493549 0.000000
vt -0.034519 0.493549 0.000000
vt -0.119495 0.597815 0.000000
vt -0.144455 0.370161 0.000000
vt -0.119495 0.370161 0.000000
vt -0.034519 0.370161 0.000000
vt -0.144455 0.246774 0.000000
vt -0.119495 0.246774 0.000000
vt -0.034519 0.246774 0.000000
vt -0.144455 0.123387 0.000000
vt -0.119495 0.123387 0.000000
vt -0.034519 0.123387 0.000000
vt -0.144455 0.061694 0.000000
vt -0.119495 0.061694 0.000000
vt -0.034519 0.061694 0.000000
vt -0.000000 0.777331 0.000000
vt -0.180351 0.777331 0.000000
vt -0.360701 0.777331 0.000000
vt -0.541052 0.777331 0.000000
vt -0.541052 0.728749 0.000000
vt -0.541052 0.680168 0.000000
vt -0.541052 0.631597 0.000000
vt -0.541052 0.583005 0.000000
vt -0.541052 0.485831 0.000000
vt -0.541052 0.388663 0.000000
vt -0.541052 0.340078 0.000000
vt -0.541052 0.291498 0.000000
vt -0.541052 0.242912 0.000000
vt -0.541052 0.194332 0.000000
vt -0.541052 0.145749 0.000000
vt -0.541052 0.097164 0.000000
vt -0.541052 0.048583 0.000000
vt -0.541052 0.000000 0.000000
vt -0.541052 -0.048583 0.000000
vt -0.541052 -0.097166 0.000000
vt -0.541052 -0.145748 0.000000
vt -0.541052 -0.194330 0.000000
vt -0.541052 -0.242915 0.000000
vt -0.541052 -0.291496 0.000000
vt -0.541052 -0.340082 0.000000
vt -0.541052 -0.388658 0.000000
vt -0.541052 -0.485829 0.000000
vt -0.541052 -0.583012 0.000000
vt -0.541052 -0.631589 0.000000
vt -0.541052 -0.680165 0.000000
vt -0.541052 -0.728755 0.000000
vt -0.541052 -0.777331 0.000000
vt -0.360701 -0.777331 0.000000
vt -0.180351 -0.777331 0.000000
vt -0.000000 -0.777331 0.000000
vt -0.000054 -0.728755 0.000000
vt -0.000005 -0.680165 0.000000
vt -0.000056 -0.631589 0.000000
vt -0.000060 -0.583013 0.000000
vt -0.000000 -0.485829 0.000000
vt -0.000000 -0.388657 0.000000
vt -0.000000 -0.340082 0.000000
vt -0.000000 -0.291496 0.000000
vt -0.000000 -0.242915 0.000000
vt -0.000000 -0.194329 0.000000
vt -0.000000 -0.145748 0.000000
vt -0.000000 -0.097166 0.000000
vt -0.000000 -0.048582 0.000000
vt -0.000000 0.000000 0.000000
vt -0.000000 0.048583 0.000000
vt -0.000000 0.097162 0.000000
vt -0.000000 0.145749 0.000000
vt -0.000000 0.194332 0.000000
vt -0.000000 0.242911 0.000000
vt -0.000000 0.291498 0.000000
vt -0.000000 0.340078 0.000000
vt -0.000000 0.388663 0.000000
vt -0.000000 0.485831 0.000000
vt -0.000023 0.583006 0.000000
vt -0.000084 0.631598 0.000000
vt -0.000029 0.680168 0.000000
vt -0.000012 0.728749 0.000000
vt -0.432934 -0.478466 0.000000
vt -0.075652 -0.478466 0.000000
vt -0.432934 0.144639 0.000000
vt -0.075652 0.107354 0.000000
vt -0.432934 0.576360 0.000000
vt -0.075652 0.502977 0.000000
vt -0.432934 0.713537 0.000000
vt -0.324816 0.713537 0.000000
vt -0.270526 0.713537 0.000000
vt -0.173089 0.713537 0.000000
vt -0.075652 0.713537 0.000000
vt -0.432934 0.649743 0.000000
vt -0.324816 0.649743 0.000000
vt -0.270526 0.649743 0.000000
vt -0.173089 0.649743 0.000000
vt -0.075652 0.649743 0.000000
vt -0.324816 0.576360 0.000000
vt -0.270526 0.576360 0.000000
vt -0.173089 0.576360 0.000000
vt -0.075652 0.576360 0.000000
vt -0.432934 0.438671 0.000000
vt -0.324816 0.438671 0.000000
vt -0.270526 0.438671 0.000000
vt -0.173089 0.438671 0.000000
vt -0.075652 0.438671 0.000000
vt -0.173089 0.502977 0.000000
vt -0.270526 0.502977 0.000000
vt -0.324816 0.502977 0.000000
vt -0.432934 0.502977 0.000000
vt -0.432934 0.374364 0.000000
vt -0.324816 0.374364 0.000000
vt -0.270526 0.374364 0.000000
vt -0.173089 0.374364 0.000000
vt -0.075652 0.374364 0.000000
vt -0.432934 0.321699 0.000000
vt -0.324816 0.321699 0.000000
vt -0.270526 0.321699 0.000000
vt -0.173089 0.321699 0.000000
vt -0.075652 0.321699 0.000000
vt -0.432934 0.269035 0.000000
vt -0.324816 0.269035 0.000000
vt -0.270526 0.269035 0.000000
vt -0.173089 0.269035 0.000000
vt -0.075652 0.269035 0.000000
vt -0.432934 0.225480 0.000000
vt -0.324816 0.225480 0.000000
vt -0.270526 0.225480 0.000000
vt -0.173089 0.225480 0.000000
vt -0.075652 0.225480 0.000000
vt -0.432934 0.181925 0.000000
vt -0.324816 0.181925 0.000000
vt -0.270526 0.181925 0.000000
vt -0.173089 0.181925 0.000000
vt -0.075652 0.181925 0.000000
vt -0.324816 0.144639 0.000000
vt -0.270526 0.144639 0.000000
vt -0.173089 0.144639 0.000000
vt -0.075652 0.144639 0.000000
vt -0.432934 0.043856 0.000000
vt -0.324816 0.043856 0.000000
vt -0.270526 0.043856 0.000000
vt -0.173089 0.043856 0.000000
vt -0.075652 0.043856 0.000000
vt -0.173089 0.107354 0.000000
vt -0.270526 0.107354 0.000000
vt -0.324816 0.107354 0.000000
vt -0.432934 0.107354 0.000000
vt -0.432934 -0.019643 0.000000
vt -0.324816 -0.019643 0.000000
vt -0.270526 -0.019643 0.000000
vt -0.173089 -0.019643 0.000000
vt -0.075652 -0.019643 0.000000
vt -0.432934 -0.079128 0.000000
vt -0.324816 -0.079128 0.000000
vt -0.270526 -0.079128 0.000000
vt -0.173089 -0.079128 0.000000
vt -0.075652 -0.079128 0.000000
vt -0.432934 -0.112409 0.000000
vt -0.324816 -0.112409 0.000000
vt -0.270526 -0.112409 0.000000
vt -0.173089 -0.112409 0.000000
vt -0.075652 -0.112409 0.000000
vt -0.432934 -0.186201 0.000000
vt -0.324816 -0.186201 0.000000
vt -0.270526 -0.186201 0.000000
vt -0.173089 -0.186201 0.000000
vt -0.075652 -0.186201 0.000000
vt -0.075652 -0.145748 0.000000
vt -0.173089 -0.145748 0.000000
vt -0.270526 -0.145748 0.000000
vt -0.324816 -0.145748 0.000000
vt -0.432934 -0.145748 0.000000
vt -0.432934 -0.226712 0.000000
vt -0.324816 -0.226712 0.000000
vt -0.270526 -0.226712 0.000000
vt -0.173089 -0.226712 0.000000
vt -0.075652 -0.226712 0.000000
vt -0.432934 -0.268671 0.000000
vt -0.324816 -0.268671 0.000000
vt -0.270526 -0.268671 0.000000
vt -0.173089 -0.268671 0.000000
vt -0.075652 -0.268671 0.000000
vt -0.432934 -0.310630 0.000000
vt -0.324816 -0.310630 0.000000
vt -0.270526 -0.310630 0.000000
vt -0.173089 -0.310630 0.000000
vt -0.075652 -0.310630 0.000000
vt -0.432934 -0.394548 0.000000
vt -0.324816 -0.394548 0.000000
vt -0.270526 -0.394548 0.000000
vt -0.173089 -0.394548 0.000000
vt -0.075652 -0.394548 0.000000
vt -0.432934 -0.562384 0.000000
vt -0.324816 -0.562384 0.000000
vt -0.270526 -0.562384 0.000000
vt -0.173089 -0.562384 0.000000
vt -0.075652 -0.562384 0.000000
vt -0.173089 -0.478466 0.000000
vt -0.270526 -0.478466 0.000000
vt -0.324816 -0.478466 0.000000
vt -0.432934 -0.616120 0.000000
vt -0.324816 -0.616120 0.000000
vt -0.270526 -0.616120 0.000000
vt -0.173089 -0.616120 0.000000
vt -0.075652 -0.616120 0.000000
vt -0.432934 -0.669857 0.000000
vt -0.324816 -0.669857 0.000000
vt -0.270526 -0.669857 0.000000
vt -0.173089 -0.669857 0.000000
vt -0.075652 -0.669857 0.000000
vt -0.432934 -0.723594 0.000000
vt -0.324816 -0.723594 0.000000
vt -0.270526 -0.723594 0.000000
vt -0.173089 -0.723594 0.000000
vt -0.075652 -0.723594 0.000000
vt -0.526103 0.392699 0.000000
vt -0.565338 0.298932 0.000000
vt -0.614694 0.219478 0.000000
vt -0.732314 0.102445 0.000000
vt -0.863419 0.035319 0.000000
vt -1.000001 0.013375 0.000000
vt -1.136589 0.035323 0.000000
vt -1.267685 0.102443 0.000000
vt -1.385492 0.219959 0.000000
vt -1.434683 0.298980 0.000000
vt -1.473897 0.392699 0.000000
vt -13.526103 0.392699 0.000000
vt -13.565337 0.298932 0.000000
vt -13.614694 0.219478 0.000000
vt -13.732314 0.102445 0.000000
vt -13.863419 0.035319 0.000000
vt -14.000001 0.013375 0.000000
vt -14.136589 0.035323 0.000000
vt -14.267685 0.102443 0.000000
vt -14.385491 0.219959 0.000000
vt -14.434683 0.298980 0.000000
vt -14.473897 0.392699 0.000000
vt -14.800000 0.392699 0.000000
vt -14.800000 0.196350 0.000000
vt -14.800000 0.000000 0.000000
vt -14.800000 -0.196350 0.000000
vt -14.800000 -0.392699 0.000000
vt -0.200000 -0.392699 0.000000
vt -0.200000 -0.196350 0.000000
vt -0.200000 0.000000 0.000000
vt -0.200000 0.196350 0.000000
vt -0.200000 0.392699 0.000000
vt 0.005000 0.000000 0.000000
vt 0.005000 0.212519 0.000000
vt 0.005000 0.425039 0.000000
vt 0.005000 0.637559 0.000000
vt 0.005000 0.850078 0.000000
vt 0.005000 1.062598 0.000000
vt 0.005000 1.275117 0.000000
vt 0.005000 1.487636 0.000000
vt 0.005000 1.700156 0.000000
vt 0.005000 -1.700156 0.000000
vt 0.005000 -1.487636 0.000000
vt 0.005000 -1.275117 0.000000
vt 0.005000 -1.062598 0.000000
vt 0.005000 -0.850078 0.000000
vt 0.005000 -0.637559 0.000000
vt 0.005000 -0.425039 0.000000
vt 0.005000 -0.212519 0.000000
vt -6.063589 -0.524899 0.000000
vt -6.148299 -0.603775 0.000000
vt -6.191942 -0.700425 0.000000
vt -6.210801 -0.801334 0.000000
vt -6.215916 -0.903207 0.000000
vt -6.210785 -1.005075 0.000000
vt -6.191943 -1.105992 0.000000
vt -6.148379 -1.202400 0.000000
vt -6.063589 -1.281517 0.000000
vt -5.890655 -1.370774 0.000000
vt -5.690254 -1.460030 0.000000
vt -5.467207 -1.549287 0.000000
vt -5.226878 1.974288 0.000000
vt -4.717764 1.795775 0.000000
vt -4.211591 1.617261 0.000000
vt -3.974871 1.528005 0.000000
vt -3.756755 1.438748 0.000000
vt -3.562490 1.349491 0.000000
vt -3.396745 1.260234 0.000000
vt -3.263507 1.170978 0.000000
vt -3.165981 1.081721 0.000000
vt -3.106511 0.992465 0.000000
vt -3.086527 0.903208 0.000000
vt -3.106511 0.813951 0.000000
vt -3.165981 0.724694 0.000000
vt -3.263507 0.635438 0.000000
vt -3.396745 0.546181 0.000000
vt -3.562490 0.456925 0.000000
vt -3.756755 0.367668 0.000000
vt -3.974871 0.278411 0.000000
vt -4.211591 0.189155 0.000000
vt -4.717764 0.010641 0.000000
vt -5.226878 -0.167872 0.000000
vt -5.467207 -0.257129 0.000000
vt -5.690254 -0.346385 0.000000
vt -5.890655 -0.435642 0.000000
vt 0.005000 1.912676 0.000000
vt 0.005000 1.912676 0.000000
vt -5.226878 -1.638544 0.000000
vt -5.226878 -1.638544 0.000000
vt -0.000000 0.927791 0.000000
vt -0.079663 0.927791 0.000000
vt -0.159326 0.927791 0.000000
vt -0.238989 0.927791 0.000000
vt -0.238989 0.869805 0.000000
vt -0.238989 0.811818 0.000000
vt -0.238989 0.695844 0.000000
vt -0.238989 0.579870 0.000000
vt -0.238989 0.463896 0.000000
vt -0.238989 0.347922 0.000000
vt -0.238989 0.231948 0.000000
vt -0.238989 0.115974 0.000000
vt -0.238989 0.057987 0.000000
vt -0.238989 0.000000 0.000000
vt -0.159326 0.000000 0.000000
vt -0.079663 0.000000 0.000000
vt -0.000000 0.000000 0.000000
vt -0.000000 0.115974 0.000000
vt -0.000000 0.231948 0.000000
vt -0.000000 0.347922 0.000000
vt -0.000000 0.463896 0.000000
vt -0.000000 0.579870 0.000000
vt -0.000000 0.695844 0.000000
vt -0.000000 0.811818 0.000000
vt -0.144455 0.597815 0.000000
vt -0.034519 0.597815 0.000000
vt -0.144455 0.845297 0.000000
vt -0.119495 0.845297 0.000000
vt -0.034519 0.845297 0.000000
vt -0.144455 0.762803 0.000000
vt -0.119495 0.762803 0.000000
vt -0.034519 0.762803 0.000000
vt -0.144455 0.680309 0.000000
vt -0.119495 0.680309 0.000000
vt -0.034519 0.680309 0.000000
vt -0.144455 0.493549 0.000000
vt -0.119495 0.493549 0.000000
vt -0.034519 0.493549 0.000000
vt -0.119495 0.597815 0.000000
vt -0.144455 0.370161 0.000000
vt -0.119495 0.370161 0.000000
vt -0.034519 0.370161 0.000000
vt -0.144455 0.246774 0.000000
vt -0.119495 0.246774 0.000000
vt -0.034519 0.246774 0.000000
vt -0.144455 0.123387 0.000000
vt -0.119495 0.123387 0.000000
vt -0.034519 0.123387 0.000000
vt -0.144455 0.061694 0.000000
vt -0.119495 0.061694 0.000000
vt -0.034519 0.061694 0.000000
vt -0.000000 0.777331 0.000000
vt -0.180351 0.777331 0.000000
vt -0.360701 0.777331 0.000000
vt -0.541052 0.777331 0.000000
vt -0.541052 0.728749 0.000000
vt -0.541052 0.680168 0.000000
vt -0.541052 0.631597 0.000000
vt -0.541052 0.583005 0.000000
vt -0.541052 0.485831 0.000000
vt -0.541052 0.388663 0.000000
vt -0.541052 0.340078 0.000000
vt -0.541052 0.291498 0.000000
vt -0.541052 0.242912 0.000000
vt -0.541052 0.194332 0.000000
vt -0.541052 0.145749 0.000000
vt -0.541052 0.097164 0.000000
vt -0.541052 0.048583 0.000000
vt -0.541052 0.000000 0.000000
vt -0.541052 -0.048583 0.000000
vt -0.541052 -0.097166 0.000000
vt -0.541052 -0.145748 0.000000
vt -0.541052 -0.194330 0.000000
vt -0.541052 -0.242915 0.000000
vt -0.541052 -0.291496 0.000000
vt -0.541052 -0.340082 0.000000
vt -0.541052 -0.388658 0.000000
vt -0.541052 -0.485829 0.000000
vt -0.541052 -0.583012 0.000000
vt -0.541052 -0.631589 0.000000
vt -0.541052 -0.680165 0.000000
vt -0.541052 -0.728755 0.000000
vt -0.541052 -0.777331 0.000000
vt -0.360701 -0.777331 0.000000
vt -0.180351 -0.777331 0.000000
vt -0.000000 -0.777331 0.000000
vt -0.000054 -0.728755 0.000000
vt -0.000005 -0.680165 0.000000
vt -0.000056 -0.631589 0.000000
vt -0.000060 -0.583013 0.000000
vt -0.000000 -0.485829 0.000000
vt -0.000000 -0.388657 0.000000
vt -0.000000 -0.340082 0.000000
vt -0.000000 -0.291496 0.000000
vt -0.000000 -0.242915 0.000000
vt -0.000000 -0.194329 0.000000
vt -0.000000 -0.145748 0.000000
vt -0.000000 -0.097166 0.000000
vt -0.000000 -0.048582 0.000000
vt -0.000000 0.000000 0.000000
vt -0.000000 0.048583 0.000000
vt -0.000000 0.097162 0.000000
vt -0.000000 0.145749 0.000000
vt -0.000000 0.194332 0.000000
vt -0.000000 0.242911 0.000000
vt -0.000000 0.291498 0.000000
vt -0.000000 0.340078 0.000000
vt -0.000000 0.388663 0.000000
vt -0.000000 0.485831 0.000000
vt -0.000023 0.583006 0.000000
vt -0.000084 0.631598 0.000000
vt -0.000029 0.680168 0.000000
vt -0.000012 0.728749 0.000000
vt -0.432934 -0.478466 0.000000
vt -0.075652 -0.478466 0.000000
vt -0.432934 0.144639 0.000000
vt -0.075652 0.107354 0.000000
vt -0.432934 0.576360 0.000000
vt -0.075652 0.502977 0.000000
vt -0.432934 0.713537 0.000000
vt -0.324816 0.713537 0.000000
vt -0.270526 0.713537 0.000000
vt -0.173089 0.713537 0.000000
vt -0.075652 0.713537 0.000000
vt -0.432934 0.649743 0.000000
vt -0.324816 0.649743 0.000000
vt -0.270526 0.649743 0.000000
vt -0.173089 0.649743 0.000000
vt -0.075652 0.649743 0.000000
vt -0.324816 0.576360 0.000000
vt -0.270526 0.576360 0.000000
vt -0.173089 0.576360 0.000000
vt -0.075652 0.576360 0.000000
vt -0.432934 0.438671 0.000000
vt -0.324816 0.438671 0.000000
vt -0.270526 0.438671 0.000000
vt -0.173089 0.438671 0.000000
vt -0.075652 0.438671 0.000000
vt -0.173089 0.502977 0.000000
vt -0.270526 0.502977 0.000000
vt -0.324816 0.502977 0.000000
vt -0.432934 0.502977 0.000000
vt -0.432934 0.374364 0.000000
vt -0.324816 0.374364 0.000000
vt -0.270526 0.374364 0.000000
vt -0.173089 0.374364 0.000000
vt -0.075652 0.374364 0.000000
vt -0.432934 0.321699 0.000000
vt -0.324816 0.321699 0.000000
vt -0.270526 0.321699 0.000000
vt -0.173089 0.321699 0.000000
vt -0.075652 0.321699 0.000000
vt -0.432934 0.269035 0.000000
vt -0.324816 0.269035 0.000000
vt -0.270526 0.269035 0.000000
vt -0.173089 0.269035 0.000000
vt -0.075652 0.269035 0.000000
vt -0.432934 0.225480 0.000000
vt -0.324816 0.225480 0.000000
vt -0.270526 0.225480 0.000000
vt -0.173089 0.225480 0.000000
vt -0.075652 0.225480 0.000000
vt -0.432934 0.181925 0.000000
vt -0.324816 0.181925 0.000000
vt -0.270526 0.181925 0.000000
vt -0.173089 0.181925 0.000000
vt -0.075652 0.181925 0.000000
vt -0.324816 0.144639 0.000000
vt -0.270526 0.144639 0.000000
vt -0.173089 0.144639 0.000000
vt -0.075652 0.144639 0.000000
vt -0.432934 0.043856 0.000000
vt -0.324816 0.043856 0.000000
vt -0.270526 0.043856 0.000000
vt -0.173089 0.043856 0.000000
vt -0.075652 0.043856 0.000000
vt -0.173089 0.107354 0.000000
vt -0.270526 0.107354 0.000000
vt -0.324816 0.107354 0.000000
vt -0.432934 0.107354 0.000000
vt -0.432934 -0.019643 0.000000
vt -0.324816 -0.019643 0.000000
vt -0.270526 -0.019643 0.000000
vt -0.173089 -0.019643 0.000000
vt -0.075652 -0.019643 0.000000
vt -0.432934 -0.079128 0.000000
vt -0.324816 -0.079128 0.000000
vt -0.270526 -0.079128 0.000000
vt -0.173089 -0.079128 0.000000
vt -0.075652 -0.079128 0.000000
vt -0.432934 -0.112409 0.000000
vt -0.324816 -0.112409 0.000000
vt -0.270526 -0.112409 0.000000
vt -0.173089 -0.112409 0.000000
vt -0.075652 -0.112409 0.000000
vt -0.432934 -0.186201 0.000000
vt -0.324816 -0.186201 0.000000
vt -0.270526 -0.186201 0.000000
vt -0.173089 -0.186201 0.000000
vt -0.075652 -0.186201 0.000000
vt -0.075652 -0.145748 0.000000
vt -0.173089 -0.145748 0.000000
vt -0.270526 -0.145748 0.000000
vt -0.324816 -0.145748 0.000000
vt -0.432934 -0.145748 0.000000
vt -0.432934 -0.226712 0.000000
vt -0.324816 -0.226712 0.000000
vt -0.270526 -0.226712 0.000000
vt -0.173089 -0.226712 0.000000
vt -0.075652 -0.226712 0.000000
vt -0.432934 -0.268671 0.000000
vt -0.324816 -0.268671 0.000000
vt -0.270526 -0.268671 0.000000
vt -0.173089 -0.268671 0.000000
vt -0.075652 -0.268671 0.000000
vt -0.432934 -0.310630 0.000000
vt -0.324816 -0.310630 0.000000
vt -0.270526 -0.310630 0.000000
vt -0.173089 -0.310630 0.000000
vt -0.075652 -0.310630 0.000000
vt -0.432934 -0.394548 0.000000
vt -0.324816 -0.394548 0.000000
vt -0.270526 -0.394548 0.000000
vt -0.173089 -0.394548 0.000000
vt -0.075652 -0.394548 0.000000
vt -0.432934 -0.562384 0.000000
vt -0.324816 -0.562384 0.000000
vt -0.270526 -0.562384 0.000000
vt -0.173089 -0.562384 0.000000
vt -0.075652 -0.562384 0.000000
vt -0.173089 -0.478466 0.000000
vt -0.270526 -0.478466 0.000000
vt -0.324816 -0.478466 0.000000
vt -0.432934 -0.616120 0.000000
vt -0.324816 -0.616120 0.000000
vt -0.270526 -0.616120 0.000000
vt -0.173089 -0.616120 0.000000
vt -0.075652 -0.616120 0.000000
vt -0.432934 -0.669857 0.000000
vt -0.324816 -0.669857 0.000000
vt -0.270526 -0.669857 0.000000
vt -0.173089 -0.669857 0.000000
vt -0.075652 -0.669857 0.000000
vt -0.432934 -0.723594 0.000000
vt -0.324816 -0.723594 0.000000
vt -0.270526 -0.723594 0.000000
vt -0.173089 -0.723594 0.000000
vt -0.075652 -0.723594 0.000000
vt 0.005000 0.000000 0.000000
vt 0.005000 0.212519 0.000000
vt 0.005000 0.425039 0.000000
vt 0.005000 0.637559 0.000000
vt 0.005000 0.850078 0.000000
vt 0.005000 1.062598 0.000000
vt 0.005000 1.275117 0.000000
vt 0.005000 1.487636 0.000000
vt 0.005000 1.700156 0.000000
vt 0.005000 -1.700156 0.000000
vt 0.005000 -1.487636 0.000000
vt 0.005000 -1.275117 0.000000
vt 0.005000 -1.062598 0.000000
vt 0.005000 -0.850078 0.000000
vt 0.005000 -0.637559 0.000000
vt 0.005000 -0.425039 0.000000
vt 0.005000 -0.212519 0.000000
vt -6.063589 -0.524899 0.000000
vt -6.148299 -0.603775 0.000000
vt -6.191942 -0.700425 0.000000
vt -6.210801 -0.801334 0.000000
vt -6.215916 -0.903207 0.000000
vt -6.210785 -1.005075 0.000000
vt -6.191943 -1.105992 0.000000
vt -6.148379 -1.202400 0.000000
vt -6.063589 -1.281517 0.000000
vt -5.890655 -1.370774 0.000000
vt -5.690254 -1.460030 0.000000
vt -5.467207 -1.549287 0.000000
vt -5.226878 1.974288 0.000000
vt -4.717764 1.795775 0.000000
vt -4.211591 1.617261 0.000000
vt -3.974871 1.528005 0.000000
vt -3.756755 1.438748 0.000000
vt -3.562490 1.349491 0.000000
vt -3.396745 1.260234 0.000000
vt -3.263507 1.170978 0.000000
vt -3.165981 1.081721 0.000000
vt -3.106511 0.992465 0.000000
vt -3.086527 0.903208 0.000000
vt -3.106511 0.813951 0.000000
vt -3.165981 0.724694 0.000000
vt -3.263507 0.635438 0.000000
vt -3.396745 0.546181 0.000000
vt -3.562490 0.456925 0.000000
vt -3.756755 0.367668 0.000000
vt -3.974871 0.278411 0.000000
vt -4.211591 0.189155 0.000000
vt -4.717764 0.010641 0.000000
vt -5.226878 -0.167872 0.000000
vt -5.467207 -0.257129 0.000000
vt -5.690254 -0.346385 0.000000
vt -5.890655 -0.435642 0.000000
vt 0.005000 1.912676 0.000000
vt 0.005000 1.912676 0.000000
vt -5.226878 -1.638544 0.000000
vt -5.226878 -1.638544 0.000000
vt -0.226893 -2.062239 0.000000
vt -0.170170 -2.062239 0.000000
vt -0.113446 -2.062239 0.000000
vt -0.056723 -2.062239 0.000000
vt -0.000000 -2.062239 0.000000
vt -0.000000 -1.933349 0.000000
vt -0.000000 -1.804459 0.000000
vt -0.000000 -1.675569 0.000000
vt -0.000000 -1.546679 0.000000
vt -0.000000 -1.417789 0.000000
vt -0.000000 -1.288899 0.000000
vt -0.000000 -1.160010 0.000000
vt -0.000000 -1.031120 0.000000
vt -0.000000 -0.902230 0.000000
vt -0.000000 -0.773340 0.000000
vt -0.000000 -0.644450 0.000000
vt -0.000000 -0.515560 0.000000
vt -0.000000 -0.386670 0.000000
vt -0.000000 -0.257780 0.000000
vt -0.000000 -0.128890 0.000000
vt -0.000000 0.000000 0.000000
vt -0.000000 0.128890 0.000000
vt -0.000000 0.257780 0.000000
vt -0.000000 0.386670 0.000000
vt -0.000000 0.515560 0.000000
vt -0.000000 0.644450 0.000000
vt -0.000000 0.773340 0.000000
vt -0.000000 0.902230 0.000000
vt -0.000000 1.031120 0.000000
vt -0.000000 1.160010 0.000000
vt -0.000000 1.288899 0.000000
vt -0.000000 1.417789 0.000000
vt -0.000000 1.546679 0.000000
vt -0.000000 1.675569 0.000000
vt -0.000000 1.804459 0.000000
vt -0.000000 1.933349 0.000000
vt -0.000000 2.062239 0.000000
vt -0.056723 2.062239 0.000000
vt -0.113446 2.062239 0.000000
vt -0.170170 2.062239 0.000000
vt -0.226893 2.062239 0.000000
vt -0.226893 1.865835 0.000000
vt -0.226893 1.669432 0.000000
vt -0.226893 1.473028 0.000000
vt -0.226893 1.276624 0.000000
vt -0.226893 1.080220 0.000000
vt -0.226893 0.883817 0.000000
vt -0.226893 0.687413 0.000000
vt -0.226893 0.491009 0.000000
vt -0.226893 0.294606 0.000000
vt -0.226893 0.098202 0.000000
vt -0.226893 -0.098202 0.000000
vt -0.226893 -0.294606 0.000000
vt -0.226893 -0.491009 0.000000
vt -0.226893 -0.687413 0.000000
vt -0.226893 -0.883817 0.000000
vt -0.226893 -1.080220 0.000000
vt -0.226893 -1.276624 0.000000
vt -0.226893 -1.473028 0.000000
vt -0.226893 -1.669432 0.000000
vt -0.226893 -1.865835 0.000000
vt -0.181580 -1.751174 0.000000
vt -0.181580 -0.299538 0.000000
vt -0.181580 0.011527 0.000000
vt -0.181580 0.218904 0.000000
vt -0.031878 0.011527 0.000000
vt -0.181580 0.426280 0.000000
vt -0.181580 0.633657 0.000000
vt -0.031878 0.529969 0.000000
vt -0.181580 1.361497 0.000000
vt -0.031878 -1.958551 0.000000
vt -0.072662 -1.958551 0.000000
vt -0.113446 -1.958551 0.000000
vt -0.136267 -1.958551 0.000000
vt -0.181580 -1.958551 0.000000
vt -0.031878 -1.854862 0.000000
vt -0.072662 -1.854862 0.000000
vt -0.113446 -1.854862 0.000000
vt -0.136267 -1.854862 0.000000
vt -0.181580 -1.854862 0.000000
vt -0.031878 -1.751174 0.000000
vt -0.072662 -1.751174 0.000000
vt -0.113446 -1.751174 0.000000
vt -0.136267 -1.751174 0.000000
vt -0.031878 -1.647486 0.000000
vt -0.072662 -1.647486 0.000000
vt -0.113446 -1.647486 0.000000
vt -0.136267 -1.647486 0.000000
vt -0.181580 -1.647486 0.000000
vt -0.031878 -1.440109 0.000000
vt -0.072662 -1.440109 0.000000
vt -0.113446 -1.440109 0.000000
vt -0.136267 -1.440109 0.000000
vt -0.181580 -1.440109 0.000000
vt -0.031878 -1.232733 0.000000
vt -0.072662 -1.232733 0.000000
vt -0.113446 -1.232733 0.000000
vt -0.136267 -1.232733 0.000000
vt -0.181580 -1.232733 0.000000
vt -0.031878 -1.025356 0.000000
vt -0.072662 -1.025356 0.000000
vt -0.113446 -1.025356 0.000000
vt -0.136267 -1.025356 0.000000
vt -0.181580 -1.025356 0.000000
vt -0.031878 -0.817979 0.000000
vt -0.072662 -0.817979 0.000000
vt -0.113446 -0.817979 0.000000
vt -0.136267 -0.817979 0.000000
vt -0.181580 -0.817979 0.000000
vt -0.031878 -0.610603 0.000000
vt -0.072662 -0.610603 0.000000
vt -0.113446 -0.610603 0.000000
vt -0.136267 -0.610603 0.000000
vt -0.181580 -0.610603 0.000000
vt -0.031878 -0.403226 0.000000
vt -0.072662 -0.403226 0.000000
vt -0.113446 -0.403226 0.000000
vt -0.136267 -0.403226 0.000000
vt -0.181580 -0.403226 0.000000
vt -0.031878 -0.299538 0.000000
vt -0.072662 -0.299538 0.000000
vt -0.113446 -0.299538 0.000000
vt -0.136267 -0.299538 0.000000
vt -0.031878 -0.195850 0.000000
vt -0.072662 -0.195850 0.000000
vt -0.113446 -0.195850 0.000000
vt -0.136267 -0.195850 0.000000
vt -0.181580 -0.195850 0.000000
vt -0.031878 -0.092161 0.000000
vt -0.072662 -0.092161 0.000000
vt -0.113446 -0.092161 0.000000
vt -0.136267 -0.092161 0.000000
vt -0.181580 -0.092161 0.000000
vt -0.072662 0.011527 0.000000
vt -0.113446 0.011527 0.000000
vt -0.136267 0.011527 0.000000
vt -0.031878 0.218904 0.000000
vt -0.072662 0.218904 0.000000
vt -0.113446 0.218904 0.000000
vt -0.136267 0.218904 0.000000
vt -0.181580 0.115215 0.000000
vt -0.136267 0.115215 0.000000
vt -0.113446 0.115215 0.000000
vt -0.072662 0.115215 0.000000
vt -0.031878 0.115215 0.000000
vt -0.031878 0.322592 0.000000
vt -0.072662 0.322592 0.000000
vt -0.113446 0.322592 0.000000
vt -0.136267 0.322592 0.000000
vt -0.181580 0.322592 0.000000
vt -0.031878 0.426280 0.000000
vt -0.072662 0.426280 0.000000
vt -0.113446 0.426280 0.000000
vt -0.136267 0.426280 0.000000
vt -0.072662 0.529969 0.000000
vt -0.113446 0.529969 0.000000
vt -0.136267 0.529969 0.000000
vt -0.181580 0.529969 0.000000
vt -0.031878 0.841033 0.000000
vt -0.072662 0.841033 0.000000
vt -0.113446 0.841033 0.000000
vt -0.136267 0.841033 0.000000
vt -0.181580 0.841033 0.000000
vt -0.136267 0.633657 0.000000
vt -0.113446 0.633657 0.000000
vt -0.072662 0.633657 0.000000
vt -0.031878 0.633657 0.000000
vt -0.031878 1.048410 0.000000
vt -0.072662 1.048410 0.000000
vt -0.113446 1.048410 0.000000
vt -0.136267 1.048410 0.000000
vt -0.181580 1.048410 0.000000
vt -0.031878 1.255787 0.000000
vt -0.072662 1.255787 0.000000
vt -0.113446 1.255787 0.000000
vt -0.136267 1.255787 0.000000
vt -0.181580 1.255787 0.000000
vt -0.031878 1.361497 0.000000
vt -0.072662 1.361497 0.000000
vt -0.113446 1.361497 0.000000
vt -0.136267 1.361497 0.000000
vt -0.031878 1.467207 0.000000
vt -0.072662 1.467207 0.000000
vt -0.113446 1.467207 0.000000
vt -0.136267 1.467207 0.000000
vt -0.181580 1.467207 0.000000
vt -0.031878 1.572917 0.000000
vt -0.072662 1.572917 0.000000
vt -0.113446 1.572917 0.000000
vt -0.136267 1.572917 0.000000
vt -0.181580 1.572917 0.000000
vt -0.031878 1.678627 0.000000
vt -0.072662 1.678627 0.000000
vt -0.113446 1.678627 0.000000
vt -0.136267 1.678627 0.000000
vt -0.181580 1.678627 0.000000
vt -0.031878 1.870433 0.000000
vt -0.072662 1.870433 0.000000
vt -0.113446 1.870433 0.000000
vt -0.136267 1.870433 0.000000
vt -0.181580 1.870433 0.000000
vt 0.005000 0.000000 0.000000
vt 0.005000 0.212519 0.000000
vt 0.005000 0.425039 0.000000
vt 0.005000 0.637559 0.000000
vt 0.005000 0.850078 0.000000
vt 0.005000 1.062598 0.000000
vt 0.005000 1.275117 0.000000
vt 0.005000 1.487636 0.000000
vt 0.005000 -1.912675 0.000000
vt 0.005000 -1.700156 0.000000
vt 0.005000 -1.487636 0.000000
vt 0.005000 -1.275117 0.000000
vt 0.005000 -1.062598 0.000000
vt 0.005000 -0.850078 0.000000
vt 0.005000 -0.637559 0.000000
vt 0.005000 -0.425039 0.000000
vt 0.005000 -0.212519 0.000000
vt -2.122397 -0.903208 0.000000
vt -2.129341 -1.016109 0.000000
vt -2.149906 -1.129010 0.000000
vt -2.183302 -1.241911 0.000000
vt -2.228245 -1.354812 0.000000
vt -2.283009 -1.467713 0.000000
vt -2.345489 -1.580614 0.000000
vt -2.413282 -1.693515 0.000000
vt -2.483786 1.806416 0.000000
vt -2.554289 1.693515 0.000000
vt -2.622083 1.580614 0.000000
vt -2.684563 1.467713 0.000000
vt -2.739326 1.354812 0.000000
vt -2.784269 1.241911 0.000000
vt -2.817665 1.129010 0.000000
vt -2.838230 1.016109 0.000000
vt -2.845174 0.903208 0.000000
vt -2.838230 0.790307 0.000000
vt -2.817665 0.677406 0.000000
vt -2.784269 0.564505 0.000000
vt -2.739326 0.451604 0.000000
vt -2.684563 0.338703 0.000000
vt -2.622083 0.225802 0.000000
vt -2.554289 0.112901 0.000000
vt -2.483786 0.000000 0.000000
vt -2.413282 -0.112901 0.000000
vt -2.345489 -0.225802 0.000000
vt -2.283009 -0.338703 0.000000
vt -2.228245 -0.451604 0.000000
vt -2.183302 -0.564505 0.000000
vt -2.149906 -0.677406 0.000000
vt -2.129341 -0.790307 0.000000
vt 0.005000 1.700156 0.000000
vt 0.005000 1.700156 0.000000
vt 0.005000 1.700156 0.000000
vt -2.483786 -1.806416 0.000000
vt -2.483786 -1.806416 0.000000
vt 0.200000 0.942478 0.000000
vt 0.200000 0.797481 0.000000
vt 0.200000 0.652485 0.000000
vt 0.200000 0.507488 0.000000
vt 0.200000 0.362491 0.000000
vt 0.200000 0.217495 0.000000
vt 0.200000 0.072498 0.000000
vt 0.200000 -0.072498 0.000000
vt 0.200000 -0.217495 0.000000
vt 0.200000 -0.362491 0.000000
vt 0.200000 -0.507488 0.000000
vt 0.200000 -0.652485 0.000000
vt 0.200000 -0.797481 0.000000
vt 0.400000 0.000000 0.000000
vt 0.400000 0.144997 0.000000
vt 0.400000 0.289993 0.000000
vt 0.400000 0.434990 0.000000
vt 0.400000 0.579986 0.000000
vt 0.400000 0.724983 0.000000
vt 0.400000 -1.014976 0.000000
vt 0.400000 -0.869980 0.000000
vt 0.400000 -0.724983 0.000000
vt 0.400000 -0.579986 0.000000
vt 0.400000 -0.434990 0.000000
vt 0.400000 -0.289993 0.000000
vt 0.400000 -0.144997 0.000000
vt 0.400000 0.869980 0.000000
vt 0.200000 -0.942478 0.000000
vt 0.200000 -0.942478 0.000000
vt 0.400000 0.869980 0.000000
vt 0.200000 0.471239 0.000000
vt 0.200000 0.366519 0.000000
vt 0.200000 0.261799 0.000000
vt 0.200000 0.157080 0.000000
vt 0.200000 0.052360 0.000000
vt 0.200000 -0.052360 0.000000
vt 0.200000 -0.157080 0.000000
vt 0.200000 -0.261799 0.000000
vt 0.200000 -0.366519 0.000000
vt 0.400000 0.000000 0.000000
vt 0.400000 0.104720 0.000000
vt 0.400000 0.209440 0.000000
vt 0.400000 0.314159 0.000000
vt 0.400000 -0.523599 0.000000
vt 0.400000 -0.418879 0.000000
vt 0.400000 -0.314159 0.000000
vt 0.400000 -0.209440 0.000000
vt 0.400000 -0.104720 0.000000
vt 0.400000 0.418879 0.000000
vt 0.200000 -0.471239 0.000000
vt 0.200000 -0.471239 0.000000
vt 0.400000 0.418879 0.000000
vt 0.200000 0.471239 0.000000
vt 0.200000 0.366519 0.000000
vt 0.200000 0.261799 0.000000
vt 0.200000 0.157080 0.000000
vt 0.200000 0.052360 0.000000
vt 0.200000 -0.052360 0.000000
vt 0.200000 -0.157080 0.000000
vt 0.200000 -0.261799 0.000000
vt 0.200000 -0.366519 0.000000
vt 0.400000 0.000000 0.000000
vt 0.400000 0.104720 0.000000
vt 0.400000 0.209440 0.000000
vt 0.400000 0.314159 0.000000
vt 0.400000 -0.523599 0.000000
vt 0.400000 -0.418879 0.000000
vt 0.400000 -0.314159 0.000000
vt 0.400000 -0.209440 0.000000
vt 0.400000 -0.104720 0.000000
vt 0.400000 0.418879 0.000000
vt 0.200000 -0.471239 0.000000
vt 0.200000 -0.471239 0.000000
vt 0.400000 0.418879 0.000000
vt 0.200000 0.471239 0.000000
vt 0.200000 0.366519 0.000000
vt 0.200000 0.261799 0.000000
vt 0.200000 0.157080 0.000000
vt 0.200000 0.052360 0.000000
vt 0.200000 -0.052360 0.000000
vt 0.200000 -0.157080 0.000000
vt 0.200000 -0.261799 0.000000
vt 0.200000 -0.366519 0.000000
vt 0.400000 0.000000 0.000000
vt 0.400000 0.104720 0.000000
vt 0.400000 0.209440 0.000000
vt 0.400000 0.314159 0.000000
vt 0.400000 -0.523599 0.000000
vt 0.400000 -0.418879 0.000000
vt 0.400000 -0.314159 0.000000
vt 0.400000 -0.209440 0.000000
vt 0.400000 -0.104720 0.000000
vt 0.400000 0.418879 0.000000
vt 0.200000 -0.471239 0.000000
vt 0.200000 -0.471239 0.000000
vt 0.400000 0.418879 0.000000
vt 0.200000 0.471239 0.000000
vt 0.200000 0.366519 0.000000
vt 0.200000 0.261799 0.000000
vt 0.200000 0.157080 0.000000
vt 0.200000 0.052360 0.000000
vt 0.200000 -0.052360 0.000000
vt 0.200000 -0.157080 0.000000
vt 0.200000 -0.261799 0.000000
vt 0.200000 -0.366519 0.000000
vt 0.400000 0.000000 0.000000
vt 0.400000 0.104720 0.000000
vt 0.400000 0.209440 0.000000
vt 0.400000 0.314159 0.000000
vt 0.400000 -0.523599 0.000000
vt 0.400000 -0.418879 0.000000
vt 0.400000 -0.314159 0.000000
vt 0.400000 -0.209440 0.000000
vt 0.400000 -0.104720 0.000000
vt 0.400000 0.418879 0.000000
vt 0.200000 -0.471239 0.000000
vt 0.200000 -0.471239 0.000000
vt 0.400000 0.418879 0.000000
vt -0.575000 0.000000 0.000000
vt -0.536172 -0.207714 0.000000
vt -0.424930 -0.387375 0.000000
vt -0.256300 -0.514719 0.000000
vt -0.053054 -0.572547 0.000000
vt 0.157356 -0.553050 0.000000
vt 0.346515 -0.458860 0.000000
vt 0.488875 -0.302698 0.000000
vt 0.565210 -0.105656 0.000000
vt 0.565210 0.105656 0.000000
vt 0.488875 0.302698 0.000000
vt 0.346515 0.458860 0.000000
vt 0.157356 0.553050 0.000000
vt -0.053054 0.572547 0.000000
vt -0.256300 0.514719 0.000000
vt -0.424930 0.387375 0.000000
vt -0.536172 0.207714 0.000000
vt 0.170000 0.000000 0.000000
vt 0.137533 -0.099923 0.000000
vt 0.052533 -0.161680 0.000000
vt -0.052533 -0.161680 0.000000
vt -0.137533 -0.099923 0.000000
vt -0.170000 0.000000 0.000000
vt -0.137533 0.099923 0.000000
vt -0.052533 0.161680 0.000000
vt 0.052533 0.161680 0.000000
vt 0.137533 0.099923 0.000000
vt -0.200000 -0.534071 0.000000
vt -0.200000 -0.427257 0.000000
vt -0.200000 -0.320442 0.000000
vt -0.200000 -0.213628 0.000000
vt -0.200000 -0.106814 0.000000
vt -0.200000 0.000000 0.000000
vt -0.200000 0.106814 0.000000
vt -0.200000 0.213628 0.000000
vt -0.200000 0.320442 0.000000
vt -0.200000 0.427257 0.000000
vt -0.390000 0.534071 0.000000
vt -0.390000 0.427257 0.000000
vt -0.390000 0.320442 0.000000
vt -0.390000 0.213628 0.000000
vt -0.390000 0.106814 0.000000
vt -0.390000 0.000000 0.000000
vt -0.390000 -0.106814 0.000000
vt -0.390000 -0.213628 0.000000
vt -0.390000 -0.320442 0.000000
vt -0.390000 -0.427257 0.000000
vt -0.390000 -0.534071 0.000000
vt -0.200000 0.534071 0.000000
vt -0.575000 0.000000 0.000000
vt -0.536172 -0.207714 0.000000
vt -0.424930 -0.387375 0.000000
vt -0.256300 -0.514719 0.000000
vt -0.053054 -0.572547 0.000000
vt 0.157356 -0.553050 0.000000
vt 0.346515 -0.458860 0.000000
vt 0.488875 -0.302698 0.000000
vt 0.565210 -0.105656 0.000000
vt 0.565210 0.105656 0.000000
vt 0.488875 0.302698 0.000000
vt 0.346515 0.458860 0.000000
vt 0.157356 0.553050 0.000000
vt -0.053054 0.572547 0.000000
vt -0.256300 0.514719 0.000000
vt -0.424930 0.387375 0.000000
vt -0.536172 0.207714 0.000000
vt 0.170000 0.000000 0.000000
vt 0.137533 -0.099923 0.000000
vt 0.052533 -0.161680 0.000000
vt -0.052533 -0.161680 0.000000
vt -0.137533 -0.099923 0.000000
vt -0.170000 0.000000 0.000000
vt -0.137533 0.099923 0.000000
vt -0.052533 0.161680 0.000000
vt 0.052533 0.161680 0.000000
vt 0.137533 0.099923 0.000000
vt -0.200000 -0.534071 0.000000
vt -0.200000 -0.427257 0.000000
vt -0.200000 -0.320442 0.000000
vt -0.200000 -0.213628 0.000000
vt -0.200000 -0.106814 0.000000
vt -0.200000 0.000000 0.000000
vt -0.200000 0.106814 0.000000
vt -0.200000 0.213628 0.000000
vt -0.200000 0.320442 0.000000
vt -0.200000 0.427257 0.000000
vt -0.390000 0.534071 0.000000
vt -0.390000 0.427257 0.000000
vt -0.390000 0.320442 0.000000
vt -0.390000 0.213628 0.000000
vt -0.390000 0.106814 0.000000
vt -0.390000 0.000000 0.000000
vt -0.390000 -0.106814 0.000000
vt -0.390000 -0.213628 0.000000
vt -0.390000 -0.320442 0.000000
vt -0.390000 -0.427257 0.000000
vt -0.390000 -0.534071 0.000000
vt -0.200000 0.534071 0.000000
vt -0.575000 0.000000 0.000000
vt -0.536172 -0.207714 0.000000
vt -0.424930 -0.387375 0.000000
vt -0.256300 -0.514719 0.000000
vt -0.053054 -0.572547 0.000000
vt 0.157356 -0.553050 0.000000
vt 0.346515 -0.458860 0.000000
vt 0.488875 -0.302698 0.000000
vt 0.565210 -0.105656 0.000000
vt 0.565210 0.105656 0.000000
vt 0.488875 0.302698 0.000000
vt 0.346515 0.458860 0.000000
vt 0.157356 0.553050 0.000000
vt -0.053054 0.572547 0.000000
vt -0.256300 0.514719 0.000000
vt -0.424930 0.387375 0.000000
vt -0.536172 0.207714 0.000000
vt 0.170000 0.000000 0.000000
vt 0.137533 -0.099923 0.000000
vt 0.052533 -0.161680 0.000000
vt -0.052533 -0.161680 0.000000
vt -0.137533 -0.099923 0.000000
vt -0.170000 0.000000 0.000000
vt -0.137533 0.099923 0.000000
vt -0.052533 0.161680 0.000000
vt 0.052533 0.161680 0.000000
vt 0.137533 0.099923 0.000000
vt -0.200000 -0.534071 0.000000
vt -0.200000 -0.427257 0.000000
vt -0.200000 -0.320442 0.000000
vt -0.200000 -0.213628 0.000000
vt -0.200000 -0.106814 0.000000
vt -0.200000 0.000000 0.000000
vt -0.200000 0.106814 0.000000
vt -0.200000 0.213628 0.000000
vt -0.200000 0.320442 0.000000
vt -0.200000 0.427257 0.000000
vt -0.390000 0.534071 0.000000
vt -0.390000 0.427257 0.000000
vt -0.390000 0.320442 0.000000
vt -0.390000 0.213628 0.000000
vt -0.390000 0.106814 0.000000
vt -0.390000 0.000000 0.000000
vt -0.390000 -0.106814 0.000000
vt -0.390000 -0.213628 0.000000
vt -0.390000 -0.320442 0.000000
vt -0.390000 -0.427257 0.000000
vt -0.390000 -0.534071 0.000000
vt -0.200000 0.534071 0.000000
vt -0.575000 0.000000 0.000000
vt -0.536172 -0.207714 0.000000
vt -0.424930 -0.387375 0.000000
vt -0.256300 -0.514719 0.000000
vt -0.053054 -0.572547 0.000000
vt 0.157356 -0.553050 0.000000
vt 0.346515 -0.458860 0.000000
vt 0.488875 -0.302698 0.000000
vt 0.565210 -0.105656 0.000000
vt 0.565210 0.105656 0.000000
vt 0.488875 0.302698 0.000000
vt 0.346515 0.458860 0.000000
vt 0.157356 0.553050 0.000000
vt -0.053054 0.572547 0.000000
vt -0.256300 0.514719 0.000000
vt -0.424930 0.387375 0.000000
vt -0.536172 0.207714 0.000000
vt 0.170000 0.000000 0.000000
vt 0.137533 -0.099923 0.000000
vt 0.052533 -0.161680 0.000000
vt -0.052533 -0.161680 0.000000
vt -0.137533 -0.099923 0.000000
vt -0.170000 0.000000 0.000000
vt -0.137533 0.099923 0.000000
vt -0.052533 0.161680 0.000000
vt 0.052533 0.161680 0.000000
vt 0.137533 0.099923 0.000000
vt -0.200000 -0.534071 0.000000
vt -0.200000 -0.427257 0.000000
vt -0.200000 -0.320442 0.000000
vt -0.200000 -0.213628 0.000000
vt -0.200000 -0.106814 0.000000
vt -0.200000 0.000000 0.000000
vt -0.200000 0.106814 0.000000
vt -0.200000 0.213628 0.000000
vt -0.200000 0.320442 0.000000
vt -0.200000 0.427257 0.000000
vt -0.390000 0.534071 0.000000
vt -0.390000 0.427257 0.000000
vt -0.390000 0.320442 0.000000
vt -0.390000 0.213628 0.000000
vt -0.390000 0.106814 0.000000
vt -0.390000 0.000000 0.000000
vt -0.390000 -0.106814 0.000000
vt -0.390000 -0.213628 0.000000
vt -0.390000 -0.320442 0.000000
vt -0.390000 -0.427257 0.000000
vt -0.390000 -0.534071 0.000000
vt -0.200000 0.534071 0.000000
vt 0.500000 1.473897 0.000000
vt 0.690812 1.563007 0.000000
vt 0.911930 1.638579 0.000000
vt 1.158035 1.698794 0.000000
vt 1.423209 1.742205 0.000000
vt 1.984954 1.774867 0.000000
vt 2.543453 1.733442 0.000000
vt 2.804645 1.685914 0.000000
vt 3.045309 1.621891 0.000000
vt 3.259658 1.542914 0.000000
vt 3.442537 1.450880 0.000000
vt 3.589548 1.348003 0.000000
vt 3.697157 1.236758 0.000000
vt 3.762775 1.119820 0.000000
vt 3.784824 1.000000 0.000000
vt 3.762775 0.880180 0.000000
vt 3.697157 0.763242 0.000000
vt 3.589548 0.651997 0.000000
vt 3.442537 0.549120 0.000000
vt 3.259658 0.457086 0.000000
vt 3.045309 0.378109 0.000000
vt 2.804645 0.314086 0.000000
vt 2.543453 0.266558 0.000000
vt 1.984954 0.225133 0.000000
vt 1.423209 0.257795 0.000000
vt 1.158035 0.301206 0.000000
vt 0.911930 0.361421 0.000000
vt 0.690812 0.436993 0.000000
vt 0.500000 0.526103 0.000000
vt 0.500000 0.200000 0.000000
vt 4.849724 0.200000 0.000000
vt 4.849724 14.800000 0.000000
vt 0.500000 14.800000 0.000000
vt 0.500000 14.473897 0.000000
vt 0.690812 14.563007 0.000000
vt 0.911930 14.638578 0.000000
vt 1.158035 14.698794 0.000000
vt 1.423209 14.742205 0.000000
vt 1.984954 14.774867 0.000000
vt 2.543453 14.733442 0.000000
vt 2.804645 14.685914 0.000000
vt 3.045309 14.621891 0.000000
vt 3.259658 14.542913 0.000000
vt 3.442537 14.450880 0.000000
vt 3.589548 14.348003 0.000000
vt 3.697157 14.236758 0.000000
vt 3.762775 14.119820 0.000000
vt 3.784824 14.000000 0.000000
vt 3.762775 13.880180 0.000000
vt 3.697157 13.763242 0.000000
vt 3.589548 13.651997 0.000000
vt 3.442537 13.549120 0.000000
vt 3.259658 13.457087 0.000000
vt 3.045309 13.378109 0.000000
vt 2.804645 13.314086 0.000000
vt 2.543453 13.266558 0.000000
vt 1.984954 13.225133 0.000000
vt 1.423209 13.257795 0.000000
vt 1.158035 13.301206 0.000000
vt 0.911930 13.361422 0.000000
vt 0.690812 13.436993 0.000000
vt 0.500000 13.526103 0.000000
vt 0.800000 2.328544 0.000000
vt 0.000000 2.328544 0.000000
vt 0.000000 0.000000 0.000000
vt 0.800000 0.000000 0.000000
vt -2.328544 0.000000 0.000000
vt -2.341824 -0.203285 0.000000
vt -2.382123 -0.418576 0.000000
vt -2.446700 -0.633867 0.000000
vt -2.530270 -0.849158 0.000000
vt -2.625993 -1.064449 0.000000
vt -2.726038 -1.279740 0.000000
vt -2.822215 -1.495031 0.000000
vt -2.906655 -1.710322 0.000000
vt -2.972446 -1.925613 0.000000
vt -3.014206 -2.140904 0.000000
vt -3.028517 -2.356194 0.000000
vt -0.000000 -2.356194 0.000000
vt -0.000000 -2.120575 0.000000
vt -0.000000 -1.884956 0.000000
vt -0.000000 -1.649336 0.000000
vt -0.000000 -1.413717 0.000000
vt -0.000000 -1.178097 0.000000
vt -0.000000 -0.942478 0.000000
vt -0.000000 -0.706858 0.000000
vt -0.000000 -0.471239 0.000000
vt -0.000000 -0.235619 0.000000
vt -0.000000 0.000000 0.000000
vt 0.800000 3.028517 0.000000
vt 0.000000 3.028517 0.000000
vt 0.000000 0.000000 0.000000
vt 0.800000 0.000000 0.000000
vt -0.145000 0.000000 0.000000
vt -0.112533 0.099923 0.000000
vt -0.027533 0.161680 0.000000
vt 0.077533 0.161680 0.000000
vt 0.162533 0.099923 0.000000
vt 0.195000 0.000000 0.000000
vt 0.162533 -0.099923 0.000000
vt 0.077533 -0.161680 0.000000
vt -0.027533 -0.161680 0.000000
vt -0.112533 -0.099923 0.000000
vt 0.025000 -0.750000 0.000000
vt 0.256763 -0.713292 0.000000
vt 0.465839 -0.606763 0.000000
vt 0.631763 -0.440839 0.000000
vt 0.738292 -0.231763 0.000000
vt 0.775000 0.000000 0.000000
vt 0.738292 0.231763 0.000000
vt 0.631763 0.440839 0.000000
vt 0.465839 0.606763 0.000000
vt 0.256763 0.713292 0.000000
vt 0.025000 0.750000 0.000000
vt -0.775000 0.750000 0.000000
vt -0.775000 -0.750000 0.000000
vt -0.750000 2.628544 0.000000
vt -0.750000 0.300000 0.000000
vt -2.250000 0.300000 0.000000
vt -2.250000 3.328517 0.000000
vt -9.306834 6.619172 0.000000
vt -9.453246 6.661789 0.000000
vt -9.605695 6.658293 0.000000
vt -9.750000 6.609011 0.000000
vt -9.750000 0.300000 0.000000
vt -11.250000 0.300000 0.000000
vt -11.250000 3.635140 0.000000
vt -11.706307 2.656585 0.000000
vt -11.757990 2.520770 0.000000
vt -11.789442 2.378898 0.000000
vt -11.800000 2.233966 0.000000
vt -11.800000 0.120000 0.000000
vt -0.200000 0.120000 0.000000
vt -0.200000 1.735516 0.000000
vt -0.237849 2.008032 0.000000
vt -0.348531 2.259920 0.000000
vt -0.523667 2.472111 0.000000
vt -8.637071 14.100000 0.000000
vt -8.497653 14.065637 0.000000
vt -8.390175 13.970420 0.000000
vt -8.339257 13.836161 0.000000
vt -8.356565 13.693619 0.000000
vt -8.438133 13.575447 0.000000
vt -8.565275 13.508718 0.000000
vt -8.708865 13.508718 0.000000
vt -8.836007 13.575447 0.000000
vt -8.917575 13.693619 0.000000
vt -8.934883 13.836161 0.000000
vt -8.883965 13.970420 0.000000
vt -8.776487 14.065637 0.000000
vt -2.137070 7.650000 0.000000
vt -2.040652 7.614907 0.000000
vt -1.989349 7.526047 0.000000
vt -2.007166 7.425000 0.000000
vt -2.085767 7.359046 0.000000
vt -2.188373 7.359046 0.000000
vt -2.266974 7.425000 0.000000
vt -2.284791 7.526047 0.000000
vt -2.233488 7.614907 0.000000
vt -2.137070 5.650000 0.000000
vt -2.040652 5.614907 0.000000
vt -1.989349 5.526047 0.000000
vt -2.007166 5.425000 0.000000
vt -2.085767 5.359046 0.000000
vt -2.188373 5.359046 0.000000
vt -2.266974 5.425000 0.000000
vt -2.284791 5.526047 0.000000
vt -2.233488 5.614907 0.000000
vt -2.137070 9.650000 0.000000
vt -2.040652 9.614906 0.000000
vt -1.989349 9.526047 0.000000
vt -2.007166 9.425000 0.000000
vt -2.085767 9.359046 0.000000
vt -2.188373 9.359046 0.000000
vt -2.266974 9.425000 0.000000
vt -2.284791 9.526047 0.000000
vt -2.233488 9.614906 0.000000
vt -8.637071 11.950000 0.000000
vt -8.540652 11.914907 0.000000
vt -8.489349 11.826047 0.000000
vt -8.507167 11.725000 0.000000
vt -8.585767 11.659046 0.000000
vt -8.688374 11.659046 0.000000
vt -8.766974 11.725000 0.000000
vt -8.784791 11.826047 0.000000
vt -8.733488 11.914907 0.000000
vt -3.137070 5.840000 0.000000
vt -2.979064 5.801055 0.000000
vt -2.857256 5.693142 0.000000
vt -2.799549 5.540982 0.000000
vt -2.819165 5.379434 0.000000
vt -2.911608 5.245506 0.000000
vt -3.055703 5.169880 0.000000
vt -3.218438 5.169880 0.000000
vt -3.362532 5.245506 0.000000
vt -3.454976 5.379434 0.000000
vt -3.474591 5.540982 0.000000
vt -3.416885 5.693142 0.000000
vt -3.295076 5.801055 0.000000
vt -3.137070 9.840000 0.000000
vt -2.979064 9.801055 0.000000
vt -2.857256 9.693142 0.000000
vt -2.799549 9.540982 0.000000
vt -2.819165 9.379435 0.000000
vt -2.911608 9.245506 0.000000
vt -3.055703 9.169880 0.000000
vt -3.218438 9.169880 0.000000
vt -3.362532 9.245506 0.000000
vt -3.454976 9.379435 0.000000
vt -3.474591 9.540982 0.000000
vt -3.416885 9.693142 0.000000
vt -3.295076 9.801055 0.000000
vt -6.137070 8.050000 0.000000
vt -5.938387 8.012859 0.000000
vt -5.766538 7.906455 0.000000
vt -5.644731 7.745156 0.000000
vt -5.589417 7.550747 0.000000
vt -5.608066 7.349485 0.000000
vt -5.698161 7.168551 0.000000
vt -5.847533 7.032381 0.000000
vt -6.036008 6.959365 0.000000
vt -6.238132 6.959365 0.000000
vt -6.426608 7.032381 0.000000
vt -6.575980 7.168551 0.000000
vt -6.666074 7.349485 0.000000
vt -6.684724 7.550747 0.000000
vt -6.629410 7.745156 0.000000
vt -6.507603 7.906455 0.000000
vt -6.335753 8.012859 0.000000
vt -2.389339 0.200000 0.000000
vt -2.389339 1.000000 0.000000
vt -2.355478 1.212346 0.000000
vt -2.256666 1.407315 0.000000
vt -2.100989 1.568951 0.000000
vt -1.901188 1.684026 0.000000
vt -1.673613 1.743123 0.000000
vt -1.436888 1.741406 0.000000
vt -1.210386 1.679015 0.000000
vt -1.012642 1.561056 0.000000
vt -0.859840 1.397183 0.000000
vt -0.764484 1.200806 0.000000
vt -0.764484 13.799194 0.000000
vt -0.859840 13.602818 0.000000
vt -1.012642 13.438944 0.000000
vt -1.210386 13.320985 0.000000
vt -1.436888 13.258595 0.000000
vt -1.673613 13.256877 0.000000
vt -1.901188 13.315974 0.000000
vt -2.100989 13.431049 0.000000
vt -2.256666 13.592685 0.000000
vt -2.355478 13.787654 0.000000
vt -2.389339 14.000000 0.000000
vt -2.389339 14.800000 0.000000
vt -10.175694 14.800000 0.000000
vt -10.175694 0.200000 0.000000
vt 0.800000 6.309011 0.000000
vt 0.000000 6.309011 0.000000
vt 0.000000 0.000000 0.000000
vt 0.800000 0.000000 0.000000
vt -6.309011 0.000000 0.000000
vt -6.299030 -0.165313 0.000000
vt -6.264118 -0.328137 0.000000
vt -6.191999 -0.477997 0.000000
vt -6.077328 -0.591346 0.000000
vt -5.897917 -0.701649 0.000000
vt -5.697901 -0.811952 0.000000
vt -5.253675 -1.032558 0.000000
vt -4.782807 -1.253164 0.000000
vt -4.325745 -1.473770 0.000000
vt -4.114799 -1.584073 0.000000
vt -3.921747 -1.694376 0.000000
vt -3.750756 -1.804679 0.000000
vt -3.605517 -1.914982 0.000000
vt -3.489167 -2.025285 0.000000
vt -3.404217 -2.135588 0.000000
vt -3.352503 -2.245891 0.000000
vt -3.335140 -2.356194 0.000000
vt -0.000000 -2.356194 0.000000
vt -0.000000 -2.120575 0.000000
vt -0.000000 -1.884956 0.000000
vt -0.000000 -1.649336 0.000000
vt -0.000000 -1.413717 0.000000
vt -0.000000 -1.178097 0.000000
vt -0.000000 -0.942478 0.000000
vt -0.000000 -0.706858 0.000000
vt -0.000000 -0.471239 0.000000
vt -0.000000 -0.235619 0.000000
vt -0.000000 0.000000 0.000000
vt 0.800000 3.335140 0.000000
vt 0.000000 3.335140 0.000000
vt 0.000000 0.000000 0.000000
vt 0.800000 0.000000 0.000000
vt -0.145000 0.000000 0.000000
vt -0.112533 0.099923 0.000000
vt -0.027533 0.161680 0.000000
vt 0.077533 0.161680 0.000000
vt 0.162533 0.099923 0.000000
vt 0.195000 0.000000 0.000000
vt 0.162533 -0.099923 0.000000
vt 0.077533 -0.161680 0.000000
vt -0.027533 -0.161680 0.000000
vt -0.112533 -0.099923 0.000000
vt -0.775000 -0.750000 0.000000
vt 0.025000 -0.750000 0.000000
vt 0.256763 -0.713292 0.000000
vt 0.465839 -0.606763 0.000000
vt 0.631763 -0.440839 0.000000
vt 0.738292 -0.231763 0.000000
vt 0.775000 0.000000 0.000000
vt 0.738292 0.231763 0.000000
vt 0.631763 0.440839 0.000000
vt 0.465839 0.606763 0.000000
vt 0.256763 0.713292 0.000000
vt 0.025000 0.750000 0.000000
vt -0.775000 0.750000 0.000000
vt -3.725669 0.200000 0.000000
vt -3.725669 1.000000 0.000000
vt -3.706511 1.109906 0.000000
vt -3.649451 1.217439 0.000000
vt -3.555719 1.320277 0.000000
vt -3.427341 1.416200 0.000000
vt -3.267088 1.503137 0.000000
vt -3.078420 1.579211 0.000000
vt -2.865410 1.642779 0.000000
vt -2.632658 1.692469 0.000000
vt -2.128345 1.746246 0.000000
vt -1.608801 1.735923 0.000000
vt -1.118651 1.662386 0.000000
vt -0.897957 1.603686 0.000000
vt -0.700000 1.531952 0.000000
vt -0.700000 13.468048 0.000000
vt -0.897957 13.396314 0.000000
vt -1.118651 13.337614 0.000000
vt -1.608801 13.264077 0.000000
vt -2.128345 13.253754 0.000000
vt -2.632658 13.307530 0.000000
vt -2.865410 13.357221 0.000000
vt -3.078420 13.420789 0.000000
vt -3.267088 13.496863 0.000000
vt -3.427341 13.583800 0.000000
vt -3.555719 13.679723 0.000000
vt -3.649451 13.782561 0.000000
vt -3.706511 13.890094 0.000000
vt -3.725669 14.000000 0.000000
vt -3.725669 14.800000 0.000000
vt -4.805386 14.800000 0.000000
vt -4.805386 0.200000 0.000000
vt 1.531952 0.392699 0.000000
vt 1.446282 0.255764 0.000000
vt 1.317762 0.150370 0.000000
vt 1.163977 0.087273 0.000000
vt 1.000000 0.066558 0.000000
vt 0.200000 0.066558 0.000000
vt 0.200000 -0.086527 0.000000
vt 0.200000 -0.239613 0.000000
vt 0.200000 -0.392699 0.000000
vt 14.800000 -0.392699 0.000000
vt 14.800000 -0.239613 0.000000
vt 14.800000 -0.086527 0.000000
vt 14.800000 0.066558 0.000000
vt 14.000000 0.066558 0.000000
vt 13.836023 0.087273 0.000000
vt 13.682238 0.150370 0.000000
vt 13.553719 0.255764 0.000000
vt 13.468048 0.392699 0.000000
vt -6.077328 -1.764848 0.000000
vt -6.191999 -1.878197 0.000000
vt -6.264118 -2.028057 0.000000
vt -6.299030 -2.190881 0.000000
vt -6.309011 -2.356194 0.000000
vt -0.000000 -2.356194 0.000000
vt -0.000000 -2.120575 0.000000
vt -0.000000 -1.884956 0.000000
vt -0.000000 -1.649336 0.000000
vt -0.000000 -1.413717 0.000000
vt -0.000000 -1.178097 0.000000
vt -0.000000 -0.942478 0.000000
vt -0.000000 -0.706858 0.000000
vt -0.000000 -0.471239 0.000000
vt -0.000000 -0.235619 0.000000
vt -0.000000 0.000000 0.000000
vt -3.335140 0.000000 0.000000
vt -3.352503 -0.110303 0.000000
vt -3.404217 -0.220606 0.000000
vt -3.489167 -0.330909 0.000000
vt -3.605517 -0.441212 0.000000
vt -3.750756 -0.551515 0.000000
vt -3.921747 -0.661818 0.000000
vt -4.114799 -0.772121 0.000000
vt -4.325745 -0.882424 0.000000
vt -4.782807 -1.103030 0.000000
vt -5.253675 -1.323636 0.000000
vt -5.697901 -1.544243 0.000000
vt -5.897917 -1.654546 0.000000
vt 0.800000 3.335140 0.000000
vt 0.000000 3.335140 0.000000
vt 0.000000 0.000000 0.000000
vt 0.800000 0.000000 0.000000
vt 0.800000 6.309011 0.000000
vt 0.000000 6.309011 0.000000
vt 0.000000 0.000000 0.000000
vt 0.800000 0.000000 0.000000
vt -0.195000 0.000000 0.000000
vt -0.162533 0.099923 0.000000
vt -0.077533 0.161680 0.000000
vt 0.027533 0.161680 0.000000
vt 0.112533 0.099923 0.000000
vt 0.145000 0.000000 0.000000
vt 0.112533 -0.099923 0.000000
vt 0.027533 -0.161680 0.000000
vt -0.077533 -0.161680 0.000000
vt -0.162533 -0.099923 0.000000
vt 0.775000 0.750000 0.000000
vt -0.025000 0.750000 0.000000
vt -0.256763 0.713292 0.000000
vt -0.465839 0.606763 0.000000
vt -0.631763 0.440839 0.000000
vt -0.738292 0.231763 0.000000
vt -0.775000 0.000000 0.000000
vt -0.738292 -0.231763 0.000000
vt -0.631763 -0.440839 0.000000
vt -0.465839 -0.606763 0.000000
vt -0.256763 -0.713292 0.000000
vt -0.025000 -0.750000 0.000000
vt 0.775000 -0.750000 0.000000
vt -0.750000 3.635140 0.000000
vt -0.750000 0.300000 0.000000
vt -2.250000 0.300000 0.000000
vt -2.250000 6.609011 0.000000
vt -2.394305 6.658293 0.000000
vt -2.546754 6.661789 0.000000
vt -2.693166 6.619172 0.000000
vt -9.750000 3.328517 0.000000
vt -9.750000 0.300000 0.000000
vt -11.250000 0.300000 0.000000
vt -11.250000 2.628544 0.000000
vt -11.476334 2.472111 0.000000
vt -11.651469 2.259920 0.000000
vt -11.762151 2.008032 0.000000
vt -11.800000 1.735516 0.000000
vt -11.800000 0.120000 0.000000
vt -0.200000 0.120000 0.000000
vt -0.200000 2.233966 0.000000
vt -0.210558 2.378898 0.000000
vt -0.242010 2.520770 0.000000
vt -0.293692 2.656585 0.000000
vt -2.341824 -2.152909 0.000000
vt -2.328544 -2.356194 0.000000
vt -0.000000 -2.356194 0.000000
vt -0.000000 -2.120575 0.000000
vt -0.000000 -1.884956 0.000000
vt -0.000000 -1.649336 0.000000
vt -0.000000 -1.413717 0.000000
vt -0.000000 -1.178097 0.000000
vt -0.000000 -0.942478 0.000000
vt -0.000000 -0.706858 0.000000
vt -0.000000 -0.471239 0.000000
vt -0.000000 -0.235619 0.000000
vt -0.000000 0.000000 0.000000
vt -3.028517 0.000000 0.000000
vt -3.014206 -0.215291 0.000000
vt -2.972446 -0.430582 0.000000
vt -2.906655 -0.645873 0.000000
vt -2.822215 -0.861164 0.000000
vt -2.726038 -1.076455 0.000000
vt -2.625993 -1.291745 0.000000
vt -2.530270 -1.507036 0.000000
vt -2.446700 -1.722327 0.000000
vt -2.382123 -1.937618 0.000000
vt 0.800000 2.328544 0.000000
vt 0.000000 2.328544 0.000000
vt 0.000000 0.000000 0.000000
vt 0.800000 0.000000 0.000000
vt 0.800000 3.028517 0.000000
vt 0.000000 3.028517 0.000000
vt 0.000000 0.000000 0.000000
vt 0.800000 0.000000 0.000000
vt -0.195000 0.000000 0.000000
vt -0.162533 0.099923 0.000000
vt -0.077533 0.161680 0.000000
vt 0.027533 0.161680 0.000000
vt 0.112533 0.099923 0.000000
vt 0.145000 0.000000 0.000000
vt 0.112533 -0.099923 0.000000
vt 0.027533 -0.161680 0.000000
vt -0.077533 -0.161680 0.000000
vt -0.162533 -0.099923 0.000000
vt -0.025000 0.750000 0.000000
vt -0.256763 0.713292 0.000000
vt -0.465839 0.606763 0.000000
vt -0.631763 0.440839 0.000000
vt -0.738292 0.231763 0.000000
vt -0.775000 0.000000 0.000000
vt -0.738292 -0.231763 0.000000
vt -0.631763 -0.440839 0.000000
vt -0.465839 -0.606763 0.000000
vt -0.256763 -0.713292 0.000000
vt -0.025000 -0.750000 0.000000
vt 0.775000 -0.750000 0.000000
vt 0.775000 0.750000 0.000000
vt -6.050000 0.000000 0.000000
vt -0.000000 0.000000 0.000000
vt -0.000000 0.120000 0.000000
vt -6.050000 0.120000 0.000000
vt -0.110000 0.000000 0.000000
vt -0.000000 0.000000 0.000000
vt -0.000000 0.120000 0.000000
vt -0.110000 0.120000 0.000000
vt -0.110000 0.000000 0.000000
vt -0.000000 0.000000 0.000000
vt -0.000000 0.120000 0.000000
vt -0.110000 0.120000 0.000000
vt 3.025000 -0.055000 0.000000
vt 3.025000 0.055000 0.000000
vt -3.025000 0.055000 0.000000
vt -3.025000 -0.055000 0.000000
vt -1.000000 -0.055000 0.000000
vt 1.000000 -0.055000 0.000000
vt -8.500000 2.120000 0.000000
vt -8.500000 2.233966 0.000000
vt -14.800000 2.233966 0.000000
vt -14.800000 0.120000 0.000000
vt -13.500000 0.120000 0.000000
vt -13.500000 0.000000 0.000000
vt -13.308659 0.038060 0.000000
vt -13.146446 0.146447 0.000000
vt -13.038060 0.308658 0.000000
vt -13.000000 0.500000 0.000000
vt -13.000000 1.500000 0.000000
vt -12.961940 1.691342 0.000000
vt -12.853554 1.853553 0.000000
vt -12.691341 1.961940 0.000000
vt -12.500000 2.000000 0.000000
vt -10.525000 2.000000 0.000000
vt -10.525000 2.120000 0.000000
vt 0.120000 -0.157080 0.000000
vt 0.120000 -0.052360 0.000000
vt 0.120000 0.052360 0.000000
vt 0.120000 0.157080 0.000000
vt 0.000000 0.157080 0.000000
vt 0.000000 0.052360 0.000000
vt 0.000000 -0.052360 0.000000
vt 0.000000 -0.157080 0.000000
vt -11.610000 0.120000 0.000000
vt -11.610000 0.000000 0.000000
vt -0.200000 0.000000 0.000000
vt -0.200000 0.120000 0.000000
vt 0.120000 -0.157080 0.000000
vt 0.120000 -0.052360 0.000000
vt 0.120000 0.052360 0.000000
vt 0.120000 0.157080 0.000000
vt 0.000000 0.157080 0.000000
vt 0.000000 0.052360 0.000000
vt 0.000000 -0.052360 0.000000
vt 0.000000 -0.157080 0.000000
vt -14.620000 0.120000 0.000000
vt -14.620000 0.000000 0.000000
vt -0.200000 0.000000 0.000000
vt -0.200000 0.120000 0.000000
vt 0.120000 -0.157080 0.000000
vt 0.120000 -0.052360 0.000000
vt 0.120000 0.052360 0.000000
vt 0.120000 0.157080 0.000000
vt 0.000000 0.157080 0.000000
vt 0.000000 0.052360 0.000000
vt 0.000000 -0.052360 0.000000
vt 0.000000 -0.157080 0.000000
vt -1.210000 0.120000 0.000000
vt -1.210000 0.000000 0.000000
vt -0.000000 0.000000 0.000000
vt -0.000000 0.120000 0.000000
vt 0.120000 -0.157080 0.000000
vt 0.120000 -0.052360 0.000000
vt 0.120000 0.052360 0.000000
vt 0.120000 0.157080 0.000000
vt 0.000000 0.157080 0.000000
vt 0.000000 0.052360 0.000000
vt 0.000000 -0.052360 0.000000
vt 0.000000 -0.157080 0.000000
vt -0.200000 0.000000 0.000000
vt -0.200000 0.120000 0.000000
vt -11.620000 0.120000 0.000000
vt -11.620000 0.000000 0.000000
vt -0.100000 0.000000 0.000000
vt -0.000000 0.000000 0.000000
vt -0.000000 0.120000 0.000000
vt -0.100000 0.120000 0.000000
vt -0.200000 0.000000 0.000000
vt -0.200000 0.120000 0.000000
vt -1.410000 0.120000 0.000000
vt -1.410000 0.000000 0.000000
vt -0.110000 0.000000 0.000000
vt -0.000000 0.000000 0.000000
vt -0.000000 0.120000 0.000000
vt -0.110000 0.120000 0.000000
vt -7.210000 5.900000 0.000000
vt -7.310000 5.873205 0.000000
vt -7.383205 5.800000 0.000000
vt -7.410000 5.700000 0.000000
vt -7.410000 -5.710000 0.000000
vt -7.383205 -5.810000 0.000000
vt -7.310000 -5.883205 0.000000
vt -7.210000 -5.910000 0.000000
vt 7.210000 -5.910000 0.000000
vt 7.310000 -5.883205 0.000000
vt 7.383205 -5.810000 0.000000
vt 7.410000 -5.710000 0.000000
vt 7.410000 5.710000 0.000000
vt 7.383205 5.810000 0.000000
vt 7.310000 5.883205 0.000000
vt 7.210000 5.910000 0.000000
vt 6.000000 5.910000 0.000000
vt 6.000000 5.800000 0.000000
vt 7.300000 5.800000 0.000000
vt 7.300000 -5.800000 0.000000
vt 6.000000 -5.800000 0.000000
vt 4.000000 -5.800000 0.000000
vt 1.000000 -5.800000 0.000000
vt -1.000000 -5.800000 0.000000
vt -4.000000 -5.800000 0.000000
vt -6.000000 -5.800000 0.000000
vt -7.300000 -5.800000 0.000000
vt -7.300000 5.800000 0.000000
vt -6.000000 5.800000 0.000000
vt -6.000000 5.900000 0.000000
vt 20.221800 1.068142 0.000000
vt 20.221800 0.903812 0.000000
vt 20.221800 0.739483 0.000000
vt 20.221800 0.575153 0.000000
vt 20.221800 0.410824 0.000000
vt 20.221800 0.246494 0.000000
vt 20.221800 0.082165 0.000000
vt 20.221800 -0.082165 0.000000
vt 20.221800 -0.246494 0.000000
vt 20.221800 -0.410824 0.000000
vt 20.221800 -0.575153 0.000000
vt 20.221800 -0.739483 0.000000
vt 20.221800 -0.903812 0.000000
vt 20.421801 0.000000 0.000000
vt 20.421801 0.164329 0.000000
vt 20.421801 0.328659 0.000000
vt 20.421801 0.492988 0.000000
vt 20.421801 0.657318 0.000000
vt 20.421801 0.821647 0.000000
vt 20.421801 -1.150306 0.000000
vt 20.421801 -0.985977 0.000000
vt 20.421801 -0.821647 0.000000
vt 20.421801 -0.657318 0.000000
vt 20.421801 -0.492988 0.000000
vt 20.421801 -0.328659 0.000000
vt 20.421801 -0.164329 0.000000
vt 20.421801 0.985977 0.000000
vt 20.221800 -1.068142 0.000000
vt 20.221800 -1.068142 0.000000
vt 20.421801 0.985977 0.000000
vt 20.221800 1.068142 0.000000
vt 20.221800 0.903812 0.000000
vt 20.221800 0.739483 0.000000
vt 20.221800 0.575153 0.000000
vt 20.221800 0.410824 0.000000
vt 20.221800 0.246494 0.000000
vt 20.221800 0.082165 0.000000
vt 20.221800 -0.082165 0.000000
vt 20.221800 -0.246494 0.000000
vt 20.221800 -0.410824 0.000000
vt 20.221800 -0.575153 0.000000
vt 20.221800 -0.739483 0.000000
vt 20.221800 -0.903812 0.000000
vt 20.421801 0.000000 0.000000
vt 20.421801 0.164329 0.000000
vt 20.421801 0.328659 0.000000
vt 20.421801 0.492988 0.000000
vt 20.421801 0.657318 0.000000
vt 20.421801 0.821647 0.000000
vt 20.421801 -1.150306 0.000000
vt 20.421801 -0.985977 0.000000
vt 20.421801 -0.821647 0.000000
vt 20.421801 -0.657318 0.000000
vt 20.421801 -0.492988 0.000000
vt 20.421801 -0.328659 0.000000
vt 20.421801 -0.164329 0.000000
vt 20.421801 0.985977 0.000000
vt 20.221800 -1.068142 0.000000
vt 20.221800 -1.068142 0.000000
vt 20.421801 0.985977 0.000000
vt 20.221800 1.727876 0.000000
vt 20.221800 1.524596 0.000000
vt 20.221800 1.321317 0.000000
vt 20.221800 1.118037 0.000000
vt 20.221800 0.914758 0.000000
vt 20.221800 0.711478 0.000000
vt 20.221800 0.508199 0.000000
vt 20.221800 0.304919 0.000000
vt 20.221800 0.101640 0.000000
vt 20.221800 -0.101640 0.000000
vt 20.221800 -0.304919 0.000000
vt 20.221800 -0.508199 0.000000
vt 20.221800 -0.711478 0.000000
vt 20.221800 -0.914758 0.000000
vt 20.221800 -1.118037 0.000000
vt 20.221800 -1.321317 0.000000
vt 20.221800 -1.524596 0.000000
vt 20.421801 0.000000 0.000000
vt 20.421801 0.203280 0.000000
vt 20.421801 0.406559 0.000000
vt 20.421801 0.609839 0.000000
vt 20.421801 0.813118 0.000000
vt 20.421801 1.016398 0.000000
vt 20.421801 1.219677 0.000000
vt 20.421801 1.422957 0.000000
vt 20.421801 -1.829516 0.000000
vt 20.421801 -1.626236 0.000000
vt 20.421801 -1.422957 0.000000
vt 20.421801 -1.219677 0.000000
vt 20.421801 -1.016398 0.000000
vt 20.421801 -0.813118 0.000000
vt 20.421801 -0.609839 0.000000
vt 20.421801 -0.406559 0.000000
vt 20.421801 -0.203280 0.000000
vt 20.421801 1.626236 0.000000
vt 20.221800 -1.727876 0.000000
vt 20.221800 -1.727876 0.000000
vt 20.421801 1.626236 0.000000
vt -0.000000 -0.157080 0.000000
vt -0.000000 -0.052360 0.000000
vt -0.000000 0.052360 0.000000
vt -0.000000 0.157080 0.000000
vt -1.862930 0.157080 0.000000
vt -1.862930 0.052360 0.000000
vt -1.862930 -0.052360 0.000000
vt -1.862930 -0.157080 0.000000
vt 0.314159 -0.410773 0.000000
vt 0.209440 -0.410773 0.000000
vt 0.104720 -0.410773 0.000000
vt -0.000000 -0.410773 0.000000
vt -0.000000 -0.677775 0.000000
vt -0.000000 -0.944777 0.000000
vt -0.000000 -1.211779 0.000000
vt -0.000000 -1.478781 0.000000
vt 0.104720 -1.478781 0.000000
vt 0.209440 -1.478781 0.000000
vt 0.314159 -1.478781 0.000000
vt 0.314159 -1.211779 0.000000
vt 0.314159 -0.944777 0.000000
vt 0.314159 -0.677775 0.000000
vt 0.104720 -0.677775 0.000000
vt 0.209440 -0.677775 0.000000
vt 0.104720 -0.944777 0.000000
vt 0.209440 -0.944777 0.000000
vt 0.104720 -1.211779 0.000000
vt 0.209440 -1.211779 0.000000
vt 10.903967 -0.157080 0.000000
vt 10.903967 -0.052360 0.000000
vt 10.903967 0.052360 0.000000
vt 10.903967 0.157080 0.000000
vt 1.165343 0.157080 0.000000
vt 1.165343 0.052360 0.000000
vt 1.165343 -0.052360 0.000000
vt 1.165343 -0.157080 0.000000
vt 0.314159 0.500777 0.000000
vt 0.209440 0.500777 0.000000
vt 0.104720 0.500777 0.000000
vt -0.000000 0.500777 0.000000
vt -0.000000 0.327431 0.000000
vt -0.000000 0.154085 0.000000
vt -0.000000 -0.019261 0.000000
vt -0.000000 -0.192606 0.000000
vt 0.104720 -0.192606 0.000000
vt 0.209440 -0.192606 0.000000
vt 0.314159 -0.192606 0.000000
vt 0.314159 -0.019261 0.000000
vt 0.314159 0.154085 0.000000
vt 0.314159 0.327431 0.000000
vt 0.104720 0.327431 0.000000
vt 0.209440 0.327431 0.000000
vt 0.104720 0.154085 0.000000
vt 0.209440 0.154085 0.000000
vt 0.104720 -0.019261 0.000000
vt 0.209440 -0.019261 0.000000
vt 3.716840 -0.157080 0.000000
vt 3.716840 -0.052360 0.000000
vt 3.716840 0.052360 0.000000
vt 3.716840 0.157080 0.000000
vt -0.632885 0.157080 0.000000
vt -0.632885 0.052360 0.000000
vt -0.632885 -0.052360 0.000000
vt -0.632885 -0.157080 0.000000
vt 0.314159 1.478781 0.000000
vt 0.209440 1.478781 0.000000
vt 0.104720 1.478781 0.000000
vt -0.000000 1.478781 0.000000
vt -0.000000 1.341857 0.000000
vt -0.000000 1.204933 0.000000
vt -0.000000 1.068009 0.000000
vt 0.104720 1.068009 0.000000
vt 0.209440 1.068009 0.000000
vt 0.314159 1.068009 0.000000
vt 0.314159 1.204933 0.000000
vt 0.314159 1.341857 0.000000
vt 0.104720 1.273395 0.000000
vt 0.209440 1.273395 0.000000
vt -0.000000 -0.157080 0.000000
vt -0.000000 -0.052360 0.000000
vt -0.000000 0.052360 0.000000
vt -0.000000 0.157080 0.000000
vt -2.278305 0.157080 0.000000
vt -2.278305 0.052360 0.000000
vt -2.278305 -0.052360 0.000000
vt -2.278305 -0.157080 0.000000
vt 11.800000 0.000000 0.000000
vt 11.800000 2.278305 0.000000
vt 11.791553 2.394251 0.000000
vt 11.766392 2.507748 0.000000
vt 11.725046 2.616400 0.000000
vt 9.886773 6.558589 0.000000
vt 9.817558 6.652987 0.000000
vt 9.717487 6.713711 0.000000
vt 9.601795 6.731518 0.000000
vt 9.488095 6.703696 0.000000
vt 0.661905 2.587976 0.000000
vt 0.472523 2.464401 0.000000
vt 0.325287 2.292769 0.000000
vt 0.231960 2.086793 0.000000
vt 0.200000 1.862930 0.000000
vt 0.200000 0.000000 0.000000
vt 14.800000 0.000000 0.000000
vt 14.800000 1.862930 0.000000
vt 0.200000 1.862930 0.000000
vt 0.200000 0.000000 0.000000
vt -0.000000 -0.157080 0.000000
vt -0.000000 -0.052360 0.000000
vt -0.000000 0.052360 0.000000
vt -0.000000 0.157080 0.000000
vt -2.278305 0.157080 0.000000
vt -2.278305 0.052360 0.000000
vt -2.278305 -0.052360 0.000000
vt -2.278305 -0.157080 0.000000
vt 0.314159 1.889554 0.000000
vt 0.209440 1.889554 0.000000
vt 0.104720 1.889554 0.000000
vt -0.000000 1.889554 0.000000
vt -0.000000 1.752630 0.000000
vt -0.000000 1.615705 0.000000
vt -0.000000 1.478781 0.000000
vt 0.104720 1.478781 0.000000
vt 0.209440 1.478781 0.000000
vt 0.314159 1.478781 0.000000
vt 0.314159 1.615705 0.000000
vt 0.314159 1.752630 0.000000
vt 0.104720 1.684167 0.000000
vt 0.209440 1.684167 0.000000
vt -3.168594 0.157080 0.000000
vt -3.168594 0.052360 0.000000
vt -3.168594 -0.052360 0.000000
vt -3.168594 -0.157080 0.000000
vt 1.181130 -0.157080 0.000000
vt 1.181130 -0.052360 0.000000
vt 1.181130 0.052360 0.000000
vt 1.181130 0.157080 0.000000
vt 0.314159 -1.194160 0.000000
vt 0.209440 -1.194160 0.000000
vt 0.104720 -1.194160 0.000000
vt -0.000000 -1.194160 0.000000
vt -0.000000 -1.367506 0.000000
vt -0.000000 -1.540851 0.000000
vt -0.000000 -1.714197 0.000000
vt -0.000000 -1.887543 0.000000
vt 0.104720 -1.887543 0.000000
vt 0.209440 -1.887543 0.000000
vt 0.314159 -1.887543 0.000000
vt 0.314159 -1.714197 0.000000
vt 0.314159 -1.540851 0.000000
vt 0.314159 -1.367506 0.000000
vt 0.104720 -1.367506 0.000000
vt 0.209440 -1.367506 0.000000
vt 0.104720 -1.540851 0.000000
vt 0.209440 -1.540851 0.000000
vt 0.104720 -1.714197 0.000000
vt 0.209440 -1.714197 0.000000
vt -4.272504 0.157080 0.000000
vt -4.272504 0.052360 0.000000
vt -4.272504 -0.052360 0.000000
vt -4.272504 -0.157080 0.000000
vt 5.466119 -0.157080 0.000000
vt 5.466119 -0.052360 0.000000
vt 5.466119 0.052360 0.000000
vt 5.466119 0.157080 0.000000
vt 0.314159 -1.478781 0.000000
vt 0.209440 -1.478781 0.000000
vt 0.104720 -1.478781 0.000000
vt -0.000000 -1.478781 0.000000
vt -0.000000 -1.745783 0.000000
vt -0.000000 -2.012785 0.000000
vt -0.000000 -2.279788 0.000000
vt -0.000000 -2.546790 0.000000
vt 0.104720 -2.546790 0.000000
vt 0.209440 -2.546790 0.000000
vt 0.314159 -2.546790 0.000000
vt 0.314159 -2.279788 0.000000
vt 0.314159 -2.012785 0.000000
vt 0.314159 -1.745783 0.000000
vt 0.104720 -1.745783 0.000000
vt 0.209440 -1.745783 0.000000
vt 0.104720 -2.012785 0.000000
vt 0.209440 -2.012785 0.000000
vt 0.104720 -2.279788 0.000000
vt 0.209440 -2.279788 0.000000
vt -0.000000 -0.157080 0.000000
vt -0.000000 -0.052360 0.000000
vt -0.000000 0.052360 0.000000
vt -0.000000 0.157080 0.000000
vt -1.862930 0.157080 0.000000
vt -1.862930 0.052360 0.000000
vt -1.862930 -0.052360 0.000000
vt -1.862930 -0.157080 0.000000
vt 11.800000 0.000000 0.000000
vt 11.800000 1.862930 0.000000
vt 11.768040 2.086793 0.000000
vt 11.674713 2.292769 0.000000
vt 11.527476 2.464401 0.000000
vt 11.338095 2.587976 0.000000
vt 2.511904 6.703696 0.000000
vt 2.398205 6.731518 0.000000
vt 2.282513 6.713711 0.000000
vt 2.182442 6.652987 0.000000
vt 2.113227 6.558589 0.000000
vt 0.274954 2.616400 0.000000
vt 0.233608 2.507748 0.000000
vt 0.208447 2.394251 0.000000
vt 0.200000 2.278305 0.000000
vt 0.200000 0.000000 0.000000
vt 0.200000 2.278305 0.000000
vt 0.200000 0.000000 0.000000
vt 1.500000 0.000000 0.000000
vt 1.691342 0.038060 0.000000
vt 1.853553 0.146447 0.000000
vt 1.961940 0.308658 0.000000
vt 2.000000 0.500000 0.000000
vt 2.000000 1.500000 0.000000
vt 2.038060 1.691342 0.000000
vt 2.146447 1.853553 0.000000
vt 2.308658 1.961940 0.000000
vt 2.500000 2.000000 0.000000
vt 12.500000 2.000000 0.000000
vt 12.691341 1.961940 0.000000
vt 12.853554 1.853553 0.000000
vt 12.961940 1.691342 0.000000
vt 13.000000 1.500000 0.000000
vt 13.000000 0.500000 0.000000
vt 13.038060 0.308658 0.000000
vt 13.146446 0.146447 0.000000
vt 13.308659 0.038060 0.000000
vt 13.500000 0.000000 0.000000
vt 14.800000 0.000000 0.000000
vt 14.800000 2.278305 0.000000
vt 3.000000 -0.392699 0.000000
vt 3.000000 -0.196350 0.000000
vt 3.000000 0.000000 0.000000
vt 3.000000 0.196350 0.000000
vt 3.000000 0.392699 0.000000
vt 2.800000 0.392699 0.000000
vt 2.800000 0.196350 0.000000
vt 2.800000 0.000000 0.000000
vt 2.800000 -0.196350 0.000000
vt 2.800000 -0.392699 0.000000
vt 2.910000 -0.392699 0.000000
vt -1.500000 0.200000 0.000000
vt -1.500000 0.000000 0.000000
vt -0.500000 0.000000 0.000000
vt -0.500000 0.200000 0.000000
vt 0.000000 0.392699 0.000000
vt 0.000000 0.196350 0.000000
vt 0.000000 0.000000 0.000000
vt 0.000000 -0.196350 0.000000
vt 0.000000 -0.392699 0.000000
vt 0.200000 -0.392699 0.000000
vt 0.200000 -0.196350 0.000000
vt 0.200000 0.000000 0.000000
vt 0.200000 0.196350 0.000000
vt 0.200000 0.392699 0.000000
vt -8.525000 0.090000 0.000000
vt -8.525000 0.200000 0.000000
vt -10.500000 0.200000 0.000000
vt -10.500000 0.000000 0.000000
vt -0.500000 0.000000 0.000000
vt -0.500000 0.200000 0.000000
vt -2.475000 0.200000 0.000000
vt -2.475000 0.090000 0.000000
vt -3.000000 0.392699 0.000000
vt -3.000000 0.196350 0.000000
vt -3.000000 0.000000 0.000000
vt -3.000000 -0.196350 0.000000
vt -3.000000 -0.392699 0.000000
vt -2.900000 -0.392699 0.000000
vt -2.800000 -0.392699 0.000000
vt -2.800000 -0.196350 0.000000
vt -2.800000 0.000000 0.000000
vt -2.800000 0.196350 0.000000
vt -2.800000 0.392699 0.000000
vt -0.500000 0.000000 0.000000
vt -0.500000 0.200000 0.000000
vt -1.500000 0.200000 0.000000
vt -1.500000 0.000000 0.000000
vt 0.000000 0.392699 0.000000
vt 0.000000 0.196350 0.000000
vt 0.000000 0.000000 0.000000
vt 0.000000 -0.196350 0.000000
vt 0.000000 -0.392699 0.000000
vt 0.200000 -0.392699 0.000000
vt 0.200000 -0.196350 0.000000
vt 0.200000 0.000000 0.000000
vt 0.200000 0.196350 0.000000
vt 0.200000 0.392699 0.000000
vt -0.200000 -0.218166 0.000000
vt -0.200000 -0.072722 0.000000
vt -0.200000 0.072722 0.000000
vt -0.200000 0.218166 0.000000
vt -14.800000 0.218166 0.000000
vt -14.800000 0.072722 0.000000
vt -14.800000 -0.072722 0.000000
vt -14.800000 -0.218166 0.000000
vt -7.300000 0.567232 0.000000
vt -7.300000 0.283616 0.000000
vt -7.300000 0.000000 0.000000
vt -7.300000 -0.283616 0.000000
vt -7.300000 -0.567232 0.000000
vt 7.300000 -0.567232 0.000000
vt 7.300000 -0.283616 0.000000
vt 7.300000 0.000000 0.000000
vt 7.300000 0.283616 0.000000
vt 7.300000 0.567232 0.000000
vt 6.500000 -0.536799 0.000000
vt 7.300000 -0.536799 0.000000
vt 7.300000 -0.260791 0.000000
vt 7.300000 0.015217 0.000000
vt 7.300000 0.291224 0.000000
vt 7.300000 0.567232 0.000000
vt -7.300000 0.567232 0.000000
vt -7.300000 0.291224 0.000000
vt -7.300000 0.015217 0.000000
vt -7.300000 -0.260791 0.000000
vt -7.300000 -0.536799 0.000000
vt -6.500000 -0.536799 0.000000
vt -6.299194 -0.567232 0.000000
vt 6.299194 -0.567232 0.000000
vt -7.210000 5.900000 0.000000
vt -6.000000 5.900000 0.000000
vt -6.000000 6.000000 0.000000
vt -7.300000 6.000000 0.000000
vt -7.400000 5.973205 0.000000
vt -7.473205 5.900000 0.000000
vt -7.500000 5.800000 0.000000
vt -7.500000 -5.800000 0.000000
vt -7.473205 -5.900000 0.000000
vt -7.400000 -5.973205 0.000000
vt -7.300000 -6.000000 0.000000
vt 7.300000 -6.000000 0.000000
vt 7.400000 -5.973205 0.000000
vt 7.473205 -5.900000 0.000000
vt 7.500000 -5.800000 0.000000
vt 7.500000 5.800000 0.000000
vt 7.473205 5.900000 0.000000
vt 7.400000 5.973205 0.000000
vt 7.300000 6.000000 0.000000
vt 6.000000 6.000000 0.000000
vt 6.000000 5.910000 0.000000
vt 7.210000 5.910000 0.000000
vt 7.310000 5.883205 0.000000
vt 7.383205 5.810000 0.000000
vt 7.410000 5.710000 0.000000
vt 7.410000 -5.710000 0.000000
vt 7.383205 -5.810000 0.000000
vt 7.310000 -5.883205 0.000000
vt 7.210000 -5.910000 0.000000
vt -7.210000 -5.910000 0.000000
vt -7.310000 -5.883205 0.000000
vt -7.383205 -5.810000 0.000000
vt -7.410000 -5.710000 0.000000
vt -7.410000 5.700000 0.000000
vt -7.383205 5.800000 0.000000
vt -7.310000 5.873205 0.000000
vt 6.500000 0.052784 0.000000
vt 6.500000 0.017595 0.000000
vt 6.500000 -0.017595 0.000000
vt 6.500000 -0.052784 0.000000
vt 8.500000 -0.052784 0.000000
vt 8.500000 -0.017595 0.000000
vt 8.500000 0.017595 0.000000
vt 8.500000 0.052784 0.000000
vn 0.000000 0.100000 0.000000
vn 0.000000 0.100000 0.000000
vn 0.000000 0.100000 0.000000
vn 0.000000 0.100000 0.000000
vn 0.000000 -0.100000 0.000000
vn 0.000000 -0.100000 0.000000
vn 0.000000 -0.100000 0.000000
vn 0.000000 -0.100000 0.000000
vn 0.100000 0.000000 0.000000
vn 0.100000 0.000000 0.000000
vn 0.100000 0.000000 0.000000
vn 0.100000 0.000000 0.000000
vn 0.100000 0.000000 0.000000
vn 0.100000 0.000000 0.000000
vn 0.100000 0.000000 0.000000
vn 0.100000 0.000000 0.000000
vn 0.100000 0.000000 0.000000
vn 0.100000 0.000000 0.000000
vn 0.100000 0.000000 0.000000
vn 0.100000 0.000000 0.000000
vn 0.100000 0.000000 0.000000
vn 0.100000 0.000000 0.000000
vn 0.100000 0.000000 0.000000
vn 0.100000 0.000000 0.000000
vn 0.100000 0.000000 0.000000
vn 0.100000 0.000000 0.000000
vn -0.100000 0.000000 0.000000
vn -0.100000 0.000000 0.000000
vn -0.100000 0.000000 0.000000
vn -0.100000 0.000000 0.000000
vn -0.100000 0.000000 0.000000
vn -0.100000 0.000000 0.000000
vn -0.100000 0.000000 0.000000
vn -0.100000 0.000000 0.000000
vn -0.100000 0.000000 0.000000
vn -0.100000 0.000000 0.000000
vn -0.100000 0.000000 0.000000
vn -0.100000 0.000000 0.000000
vn -0.100000 0.000000 0.000000
vn -0.100000 0.000000 0.000000
vn -0.100000 0.000000 0.000000
vn -0.100000 0.000000 0.000000
vn -0.100000 0.000000 0.000000
vn -0.100000 0.000000 0.000000
vn 0.000000 -0.100000 0.000000
vn 0.000000 -0.080902 -0.058779
vn 0.000000 -0.030902 -0.095106
vn 0.000000 0.030902 -0.095106
vn 0.000000 0.080902 -0.058779
vn 0.000000 0.100000 0.000000
vn 0.000000 0.100000 0.000000
vn 0.000000 0.080902 -0.058779
vn 0.000000 0.030902 -0.095106
vn 0.000000 -0.030902 -0.095106
vn 0.000000 -0.080902 -0.058779
vn 0.000000 -0.100000 0.000000
vn 0.000000 -0.078407 0.062067
vn 0.000000 -0.078407 0.062067
vn 0.000000 -0.078407 0.062067
vn 0.000000 -0.078407 0.062067
vn 0.000000 -0.078407 0.062067
vn 0.000000 -0.090201 0.043172
vn 0.000000 -0.097519 0.022135
vn 0.000000 -0.100000 0.000000
vn 0.000000 -0.100000 0.000000
vn 0.000000 -0.097519 0.022135
vn 0.000000 -0.090201 0.043172
vn 0.000000 -0.078407 0.062067
vn 0.000000 -0.100000 0.000000
vn 0.000000 -0.099173 -0.012834
vn 0.000000 -0.096706 -0.025455
vn 0.000000 -0.092639 -0.037656
vn 0.000000 -0.092639 -0.037656
vn 0.000000 -0.096706 -0.025455
vn 0.000000 -0.099173 -0.012834
vn 0.000000 -0.100000 0.000000
vn 0.000000 -0.100000 0.000000
vn 0.000000 -0.098944 -0.014493
vn 0.000000 -0.095799 -0.028680
vn 0.000000 -0.090631 -0.042262
vn 0.000000 -0.090631 -0.042262
vn 0.000000 -0.095799 -0.028680
vn 0.000000 -0.098944 -0.014493
vn 0.000000 -0.100000 0.000000
vn 0.000000 -0.100000 0.000000
vn 0.000000 -0.100000 0.000000
vn 0.000000 -0.100000 0.000000
vn 0.000000 -0.100000 0.000000
vn 0.000000 -0.100000 0.000000
vn 0.000000 -0.100000 0.000000
vn 0.000000 -0.100000 0.000000
vn 0.000000 -0.100000 0.000000
vn 0.000000 -0.100000 0.000000
vn 0.000000 -0.100000 0.000000
vn 0.000000 -0.100000 0.000000
vn 0.000000 -0.100000 0.000000
vn 0.000000 -0.100000 0.000000
vn 0.000000 -0.100000 0.000000
vn 0.000000 -0.100000 0.000000
vn 0.000000 -0.100000 0.000000
vn 0.000000 -0.100000 0.000000
vn 0.000000 0.100000 0.000000
vn 0.000000 0.086603 0.050000
vn 0.000000 0.050000 0.086603
vn 0.000000 0.000000 0.100000
vn 0.000000 0.000000 0.100000
vn 0.000000 0.050000 0.086603
vn 0.000000 0.086603 0.050000
vn 0.000000 0.100000 0.000000
vn 0.000000 0.000000 0.100000
vn 0.000000 0.000000 0.100000
vn 0.000000 0.000000 0.100000
vn 0.000000 0.000000 0.100000
vn -0.100000 0.000000 0.000000
vn -0.100000 0.000000 0.000000
vn -0.100000 0.000000 0.000000
vn -0.100000 0.000000 0.000000
vn -0.100000 0.000000 0.000000
vn -0.100000 0.000000 0.000000
vn -0.100000 0.000000 0.000000
vn -0.100000 0.000000 0.000000
vn -0.100000 0.000000 0.000000
vn -0.100000 0.000000 0.000000
vn -0.100000 0.000000 0.000000
vn -0.100000 0.000000 0.000000
vn 0.000000 -0.100000 0.000000
vn 0.000000 -0.080902 -0.058779
vn 0.000000 -0.030902 -0.095106
vn 0.000000 0.030902 -0.095106
vn 0.000000 0.080902 -0.058779
vn 0.000000 0.100000 0.000000
vn 0.000000 0.100000 0.000000
vn 0.000000 0.080902 -0.058779
vn 0.000000 0.030902 -0.095106
vn 0.000000 -0.030902 -0.095106
vn 0.000000 -0.080902 -0.058779
vn 0.000000 -0.100000 0.000000
vn 0.000000 0.100000 0.000000
vn 0.000000 0.086603 0.050000
vn 0.000000 0.050000 0.086603
vn 0.000000 0.000000 0.100000
vn 0.000000 0.000000 0.100000
vn 0.000000 0.050000 0.086603
vn 0.000000 0.086603 0.050000
vn 0.000000 0.100000 0.000000
vn 0.000000 0.000000 0.100000
vn 0.000000 0.000000 0.100000
vn 0.000000 0.000000 0.100000
vn 0.000000 0.000000 0.100000
vn -0.100000 0.000000 0.000000
vn -0.100000 0.000000 0.000000
vn -0.100000 0.000000 0.000000
vn -0.100000 0.000000 0.000000
vn -0.100000 0.000000 0.000000
vn -0.100000 0.000000 0.000000
vn -0.100000 0.000000 0.000000
vn -0.100000 0.000000 0.000000
vn -0.100000 0.000000 0.000000
vn -0.100000 0.000000 0.000000
vn -0.100000 0.000000 0.000000
vn -0.100000 0.000000 0.000000
vn 0.000000 -0.100000 0.000000
vn 0.000000 -0.080902 -0.058779
vn 0.000000 -0.030902 -0.095106
vn 0.000000 0.030902 -0.095106
vn 0.000000 0.080902 -0.058779
vn 0.000000 0.100000 0.000000
vn 0.000000 0.100000 0.000000
vn 0.000000 0.080902 -0.058779
vn 0.000000 0.030902 -0.095106
vn 0.000000 -0.030902 -0.095106
vn 0.000000 -0.080902 -0.058779
vn 0.000000 -0.100000 0.000000
vn 0.000000 0.100000 0.000000
vn 0.000000 0.100000 0.000000
vn 0.000000 0.100000 0.000000
vn 0.000000 0.100000 0.000000
vn 0.000000 -0.100000 0.000000
vn 0.000000 -0.100000 0.000000
vn 0.000000 -0.100000 0.000000
vn 0.000000 -0.100000 0.000000
vn 0.100000 0.000000 0.000000
vn 0.100000 0.000000 0.000000
vn 0.100000 0.000000 0.000000
vn 0.100000 0.000000 0.000000
vn 0.100000 0.000000 0.000000
vn 0.100000 0.000000 0.000000
vn 0.100000 0.000000 0.000000
vn 0.100000 0.000000 0.000000
vn 0.100000 0.000000 0.000000
vn 0.100000 0.000000 0.000000
vn 0.100000 0.000000 0.000000
vn 0.100000 0.000000 0.000000
vn 0.000000 0.100000 0.000000
vn 0.000000 0.100000 0.000000
vn 0.000000 0.100000 0.000000
vn 0.000000 0.100000 0.000000
vn 0.000000 -0.100000 0.000000
vn 0.000000 -0.100000 0.000000
vn 0.000000 -0.100000 0.000000
vn 0.000000 -0.100000 0.000000
vn 0.100000 0.000000 0.000000
vn 0.100000 0.000000 0.000000
vn 0.100000 0.000000 0.000000
vn 0.100000 0.000000 0.000000
vn 0.100000 0.000000 0.000000
vn 0.100000 0.000000 0.000000
vn 0.100000 0.000000 0.000000
vn 0.100000 0.000000 0.000000
vn 0.100000 0.000000 0.000000
vn 0.100000 0.000000 0.000000
vn 0.100000 0.000000 0.000000
vn 0.100000 0.000000 0.000000
vn 0.000000 0.100000 0.000000
vn 0.000000 0.096593 0.025882
vn 0.000000 0.086603 0.050000
vn 0.000000 0.070711 0.070711
vn 0.000000 0.070711 0.070711
vn 0.000000 0.086603 0.050000
vn 0.000000 0.096593 0.025882
vn 0.000000 0.100000 0.000000
vn 0.000000 0.070711 0.070711
vn 0.000000 0.070711 0.070711
vn 0.000000 0.070711 0.070711
vn 0.000000 0.070711 0.070711
vn -0.100000 0.000000 0.000000
vn -0.100000 0.000000 0.000000
vn -0.100000 0.000000 0.000000
vn -0.100000 0.000000 0.000000
vn -0.100000 0.000000 0.000000
vn -0.100000 0.000000 0.000000
vn -0.100000 0.000000 0.000000
vn -0.100000 0.000000 0.000000
vn -0.100000 0.000000 0.000000
vn -0.100000 0.000000 0.000000
vn -0.100000 0.000000 0.000000
vn -0.100000 0.000000 0.000000
vn -0.100000 0.000000 0.000000
vn -0.100000 0.000000 0.000000
vn -0.100000 0.000000 0.000000
vn 0.000000 0.070711 0.070711
vn 0.000000 0.086603 0.050000
vn 0.000000 0.096593 0.025882
vn 0.000000 0.100000 0.000000
vn 0.000000 0.100000 0.000000
vn 0.000000 0.096593 0.025882
vn 0.000000 0.086603 0.050000
vn 0.000000 0.070711 0.070711
vn 0.000000 0.100000 0.000000
vn 0.000000 0.100000 0.000000
vn 0.000000 0.100000 0.000000
vn 0.000000 0.100000 0.000000
vn 0.000000 0.100000 0.000000
vn 0.000000 0.100000 0.000000
vn 0.000000 0.100000 0.000000
vn 0.000000 0.100000 0.000000
vn 0.000000 0.100000 0.000000
vn 0.000000 0.100000 0.000000
vn 0.000000 0.100000 0.000000
vn 0.000000 0.100000 0.000000
vn 0.000000 0.100000 0.000000
vn 0.000000 0.100000 0.000000
vn 0.000000 0.100000 0.000000
vn 0.000000 0.100000 0.000000
vn 0.000000 -0.100000 0.000000
vn 0.000000 -0.080902 -0.058779
vn 0.000000 -0.030902 -0.095106
vn 0.000000 0.030902 -0.095106
vn 0.000000 0.080902 -0.058779
vn 0.000000 0.100000 0.000000
vn 0.000000 0.100000 0.000000
vn 0.000000 0.080902 -0.058779
vn 0.000000 0.030902 -0.095106
vn 0.000000 -0.030902 -0.095106
vn 0.000000 -0.080902 -0.058779
vn 0.000000 -0.100000 0.000000
vn 0.000000 0.100000 0.000000
vn 0.000000 0.100000 0.000000
vn 0.000000 0.100000 0.000000
vn 0.000000 0.100000 0.000000
vn 0.000000 -0.100000 0.000000
vn 0.000000 -0.100000 0.000000
vn 0.000000 -0.100000 0.000000
vn 0.000000 -0.100000 0.000000
vn 0.100000 0.000000 0.000000
vn 0.100000 0.000000 0.000000
vn 0.100000 0.000000 0.000000
vn 0.100000 0.000000 0.000000
vn 0.100000 0.000000 0.000000
vn 0.100000 0.000000 0.000000
vn 0.100000 0.000000 0.000000
vn 0.100000 0.000000 0.000000
vn 0.100000 0.000000 0.000000
vn 0.100000 0.000000 0.000000
vn 0.100000 0.000000 0.000000
vn 0.100000 0.000000 0.000000
vn 0.100000 0.000000 0.000000
vn 0.100000 0.000000 0.000000
vn 0.100000 0.000000 0.000000
vn 0.000000 -0.042262 0.090631
vn 0.000000 0.006544 0.099786
vn 0.000000 0.053730 0.084339
vn 0.000000 0.087671 0.048102
vn 0.000000 0.100000 0.000000
vn 0.019497 0.098081 0.000004
vn 0.038308 0.092372 0.000012
vn 0.055520 0.083172 0.000021
vn 0.070759 0.070662 -0.000024
vn 0.083116 0.055603 0.000025
vn 0.092408 0.038219 -0.000027
vn 0.098077 0.019518 -0.000024
vn 0.100000 0.000062 0.000025
vn 0.098064 -0.019581 -0.000064
vn 0.092419 -0.038194 -0.000006
vn 0.083143 -0.055562 -0.000003
vn 0.070641 -0.070780 -0.000105
vn 0.055674 -0.083069 -0.000041
vn 0.038319 -0.092367 0.000008
vn 0.019375 -0.098105 -0.000071
vn 0.000102 -0.100000 -0.000073
vn -0.019450 -0.098090 -0.000008
vn -0.038448 -0.092313 -0.000030
vn -0.055520 -0.083171 -0.000113
vn -0.070620 -0.070801 -0.000058
vn -0.083245 -0.055410 0.000031
vn -0.092399 -0.038241 -0.000084
vn -0.098053 -0.019636 -0.000091
vn -0.100000 0.000156 0.000060
vn -0.098062 0.019592 -0.000033
vn -0.092443 0.038135 -0.000113
vn -0.083108 0.055615 0.000030
vn -0.070640 0.070781 0.000102
vn -0.055688 0.083059 0.000008
vn -0.038326 0.092364 -0.000010
vn -0.019506 0.098079 0.000028
vn 0.000000 0.100000 0.000000
vn 0.000000 0.087671 0.048102
vn 0.000000 0.053730 0.084339
vn 0.000000 0.006544 0.099786
vn 0.000000 -0.042262 0.090631
vn 0.000000 -0.042262 0.090631
vn 0.000000 -0.042262 0.090631
vn 0.000000 -0.042262 0.090631
vn 0.000000 -0.042262 0.090631
vn 0.000000 -0.042262 0.090631
vn 0.000000 -0.042262 0.090631
vn 0.000000 -0.042262 0.090631
vn 0.000000 -0.042262 0.090631
vn 0.000000 -0.042262 0.090631
vn 0.000000 -0.042262 0.090631
vn 0.000000 -0.042262 0.090631
vn 0.000000 -0.042262 0.090631
vn 0.000000 -0.042262 0.090631
vn 0.000000 -0.042262 0.090631
vn 0.000000 -0.042262 0.090631
vn 0.000000 -0.042262 0.090631
vn 0.000000 -0.042262 0.090631
vn 0.000000 -0.042262 0.090631
vn 0.000000 -0.042262 0.090631
vn 0.000000 -0.042262 0.090631
vn 0.018715 -0.009114 0.097809
vn 0.011163 -0.059692 0.079450
vn -0.000403 -0.061526 0.078832
vn -0.008238 -0.060540 0.079164
vn -0.001485 -0.098730 0.015816
vn -0.015539 -0.057872 0.080058
vn -0.022205 -0.053360 0.081607
vn -0.067094 -0.072217 0.016829
vn -0.031043 -0.025658 0.091531
vn 0.017112 0.094565 0.027650
vn 0.016925 0.078409 0.059712
vn 0.014571 0.052334 0.083957
vn 0.012403 0.034483 0.093044
vn 0.006719 -0.004293 0.099682
vn 0.033659 0.090150 0.027203
vn 0.033123 0.073786 0.058810
vn 0.028430 0.048250 0.082847
vn 0.024175 0.030988 0.091953
vn 0.013082 -0.006177 0.098948
vn 0.048941 0.083069 0.026539
vn 0.047816 0.066454 0.057424
vn 0.040848 0.041826 0.081129
vn 0.034669 0.025512 0.090262
vn 0.062617 0.073625 0.025660
vn 0.060590 0.056845 0.055655
vn 0.051437 0.033485 0.078949
vn 0.043548 0.018424 0.088115
vn 0.023435 -0.012900 0.096355
vn 0.083774 0.049222 0.023646
vn 0.079141 0.032874 0.051536
vn 0.066144 0.013137 0.073841
vn 0.055657 0.001286 0.083070
vn 0.029729 -0.021952 0.092921
vn 0.095550 0.020158 0.021539
vn 0.087921 0.005718 0.047299
vn 0.072194 -0.009172 0.068585
vn 0.060322 -0.017255 0.077868
vn 0.031941 -0.031571 0.089348
vn 0.097505 -0.010021 0.019806
vn 0.087466 -0.021064 0.043657
vn 0.070578 -0.030402 0.063988
vn 0.058564 -0.034643 0.073281
vn 0.030742 -0.040420 0.086146
vn 0.090287 -0.038910 0.018284
vn 0.079206 -0.045590 0.040595
vn 0.062918 -0.049225 0.060152
vn 0.051877 -0.049849 0.069454
vn 0.027015 -0.048011 0.083458
vn 0.074903 -0.063993 0.017159
vn 0.064533 -0.066104 0.038284
vn 0.050608 -0.064526 0.057230
vn 0.041512 -0.062059 0.066524
vn 0.021477 -0.054003 0.081378
vn 0.053277 -0.083021 0.016407
vn 0.045310 -0.081226 0.036733
vn 0.035196 -0.075554 0.055253
vn 0.028756 -0.070773 0.064531
vn 0.014802 -0.058222 0.079945
vn 0.040614 -0.089934 0.016199
vn 0.034387 -0.086632 0.036227
vn 0.026625 -0.079447 0.054583
vn 0.021724 -0.073833 0.063849
vn 0.026787 -0.095012 0.015971
vn 0.022599 -0.090592 0.035809
vn 0.017456 -0.082290 0.054071
vn 0.014231 -0.076064 0.063338
vn 0.007306 -0.060760 0.079087
vn 0.012707 -0.097917 0.015835
vn 0.010698 -0.092843 0.035578
vn 0.008251 -0.083896 0.053791
vn 0.006723 -0.077320 0.063059
vn 0.003449 -0.061359 0.078887
vn -0.001246 -0.093469 0.035525
vn -0.000960 -0.084341 0.053718
vn -0.000783 -0.077668 0.062984
vn -0.030168 -0.093982 0.016037
vn -0.025478 -0.089784 0.035912
vn -0.019689 -0.081707 0.054188
vn -0.016051 -0.075606 0.063452
vn -0.004311 -0.061262 0.078920
vn -0.008401 -0.077114 0.063110
vn -0.010310 -0.083632 0.053846
vn -0.013363 -0.092473 0.035640
vn -0.015865 -0.097445 0.015900
vn -0.043467 -0.088594 0.016177
vn -0.036831 -0.085597 0.036286
vn -0.028533 -0.078706 0.054693
vn -0.023286 -0.073252 0.063968
vn -0.011969 -0.059412 0.079542
vn -0.055771 -0.081364 0.016414
vn -0.047479 -0.079938 0.036819
vn -0.036912 -0.074629 0.055390
vn -0.030171 -0.070047 0.064677
vn -0.057477 -0.072685 0.037594
vn -0.044890 -0.069351 0.056350
vn -0.036760 -0.065882 0.065638
vn -0.018978 -0.055860 0.080743
vn -0.091481 -0.035978 0.018352
vn -0.080435 -0.043167 0.040828
vn -0.063996 -0.047399 0.060480
vn -0.052800 -0.048385 0.069793
vn -0.027518 -0.047286 0.083707
vn -0.042897 -0.060741 0.066861
vn -0.052272 -0.062868 0.057578
vn -0.066570 -0.063870 0.038588
vn -0.077120 -0.061248 0.017352
vn -0.097754 -0.006552 0.020031
vn -0.087929 -0.018041 0.044079
vn -0.071086 -0.028039 0.064503
vn -0.059029 -0.032720 0.073790
vn -0.031015 -0.039450 0.086497
vn -0.094759 0.023456 0.021694
vn -0.087459 0.008718 0.047696
vn -0.071958 -0.006753 0.069111
vn -0.060171 -0.015260 0.078400
vn -0.031889 -0.030546 0.089722
vn -0.089459 0.038447 0.022779
vn -0.083685 0.022629 0.049848
vn -0.069480 0.004625 0.071771
vn -0.058310 -0.005820 0.081031
vn -0.081457 0.052820 0.023976
vn -0.077217 0.036327 0.052133
vn -0.064681 0.016034 0.074561
vn -0.054473 0.003718 0.083779
vn -0.029126 -0.020669 0.093405
vn -0.071218 0.065591 0.025014
vn -0.068357 0.048833 0.054246
vn -0.057737 0.026632 0.077183
vn -0.048787 0.012638 0.086372
vn -0.026196 -0.015965 0.095178
vn -0.058852 0.076583 0.025913
vn -0.057118 0.059850 0.056174
vn -0.048593 0.036096 0.079598
vn -0.041177 0.020643 0.088760
vn -0.022188 -0.011716 0.096801
vn -0.031179 0.091008 0.027301
vn -0.030729 0.074674 0.058987
vn -0.026392 0.049034 0.083061
vn -0.022443 0.031661 0.092163
vn -0.012141 -0.005812 0.099090
vn 0.000000 -0.042262 0.090631
vn 0.000000 -0.042262 0.090631
vn 0.000000 -0.042262 0.090631
vn 0.000000 -0.042262 0.090631
vn 0.000000 -0.042262 0.090631
vn 0.000000 -0.042262 0.090631
vn 0.000000 -0.042262 0.090631
vn 0.000000 -0.042262 0.090631
vn 0.000000 -0.042262 0.090631
vn 0.000000 -0.042262 0.090631
vn 0.000000 -0.042262 0.090631
vn 0.000000 -0.042262 0.090631
vn 0.000000 -0.042262 0.090631
vn 0.000000 -0.042262 0.090631
vn 0.000000 -0.042262 0.090631
vn 0.000000 -0.042262 0.090631
vn 0.000000 -0.042262 0.090631
vn 0.000000 -0.042262 0.090631
vn 0.000000 -0.042262 0.090631
vn 0.000000 -0.042262 0.090631
vn 0.000000 -0.042262 0.090631
vn 0.000000 -0.042262 0.090631
vn 0.000000 -0.042262 0.090631
vn 0.000000 -0.042262 0.090631
vn 0.000000 -0.042262 0.090631
vn 0.000000 -0.042262 0.090631
vn 0.000000 -0.042262 0.090631
vn 0.000000 -0.042262 0.090631
vn 0.000000 -0.042262 0.090631
vn 0.000000 -0.042262 0.090631
vn 0.000000 -0.042262 0.090631
vn 0.000000 -0.042262 0.090631
vn 0.000000 -0.042262 0.090631
vn 0.000000 -0.042262 0.090631
vn 0.000000 -0.042262 0.090631
vn 0.000000 -0.042262 0.090631
vn 0.000000 -0.042262 0.090631
vn 0.000000 -0.042262 0.090631
vn 0.000000 -0.042262 0.090631
vn 0.000000 -0.042262 0.090631
vn 0.000000 -0.042262 0.090631
vn 0.000000 -0.042262 0.090631
vn 0.000000 -0.042262 0.090631
vn 0.000000 -0.042262 0.090631
vn 0.000000 -0.042262 0.090631
vn 0.000000 -0.042262 0.090631
vn 0.000000 -0.042262 0.090631
vn 0.000000 -0.042262 0.090631
vn 0.000000 -0.042262 0.090631
vn 0.000000 -0.042262 0.090631
vn 0.000000 -0.042262 0.090631
vn 0.000000 -0.042262 0.090631
vn 0.000000 -0.042262 0.090631
vn 0.000000 -0.042262 0.090631
vn 0.000000 -0.042262 0.090631
vn 0.000000 -0.042262 0.090631
vn 0.000000 -0.042262 0.090631
vn 0.000000 -0.042262 0.090631
vn 0.000000 -0.042262 0.090631
vn 0.000000 -0.042262 0.090631
vn 0.000000 -0.042262 0.090631
vn 0.000000 -0.042262 0.090631
vn 0.000000 -0.042262 0.090631
vn 0.000000 -0.042262 0.090631
vn 0.000000 -0.042262 0.090631
vn 0.000000 -0.042262 0.090631
vn 0.000000 -0.042262 0.090631
vn 0.000000 -0.042262 0.090631
vn 0.000000 -0.042262 0.090631
vn 0.000000 -0.042262 0.090631
vn 0.000000 -0.042262 0.090631
vn 0.000000 -0.042262 0.090631
vn 0.000000 -0.042262 0.090631
vn 0.000000 -0.042262 0.090631
vn 0.000000 -0.042262 0.090631
vn 0.000000 -0.042262 0.090631
vn 0.000000 -0.042262 0.090631
vn 0.000000 -0.042262 0.090631
vn 0.000000 -0.042262 0.090631
vn 0.000000 -0.042262 0.090631
vn 0.000000 -0.042262 0.090631
vn 0.000000 -0.042262 0.090631
vn 0.000000 -0.042262 0.090631
vn 0.000000 -0.042262 0.090631
vn 0.000000 -0.042262 0.090631
vn 0.000000 -0.042262 0.090631
vn 0.000000 -0.042262 0.090631
vn 0.000000 -0.042262 0.090631
vn 0.000000 -0.042262 0.090631
vn 0.000000 -0.042262 0.090631
vn 0.000000 -0.042262 0.090631
vn 0.000000 -0.042262 0.090631
vn 0.000000 -0.042262 0.090631
vn 0.000000 -0.042262 0.090631
vn 0.000000 -0.042262 0.090631
vn 0.000000 -0.042262 0.090631
vn 0.000000 -0.042262 0.090631
vn 0.000000 -0.042262 0.090631
vn 0.000000 -0.042262 0.090631
vn 0.000000 -0.042262 0.090631
vn 0.000000 -0.042262 0.090631
vn 0.000000 -0.042262 0.090631
vn 0.000000 -0.042262 0.090631
vn 0.000000 -0.042262 0.090631
vn 0.000000 -0.042262 0.090631
vn 0.000000 -0.042262 0.090631
vn 0.000000 -0.042262 0.090631
vn 0.000000 -0.042262 0.090631
vn 0.000000 -0.042262 0.090631
vn 0.000000 -0.042262 0.090631
vn 0.000000 -0.042262 0.090631
vn 0.000000 -0.042262 0.090631
vn 0.000000 -0.042262 0.090631
vn 0.000000 -0.042262 0.090631
vn 0.000000 -0.042262 0.090631
vn 0.000000 -0.042262 0.090631
vn 0.000000 -0.042262 0.090631
vn 0.000000 -0.042262 0.090631
vn 0.000000 -0.042262 0.090631
vn 0.000000 -0.042262 0.090631
vn 0.000000 -0.042262 0.090631
vn 0.000000 -0.042262 0.090631
vn 0.000000 -0.042262 0.090631
vn 0.000000 -0.042262 0.090631
vn 0.000000 -0.042262 0.090631
vn 0.000000 -0.042262 0.090631
vn 0.000000 -0.042262 0.090631
vn 0.000000 -0.042262 0.090631
vn 0.000000 -0.042262 0.090631
vn 0.000000 -0.042262 0.090631
vn 0.000000 -0.042262 0.090631
vn 0.000000 -0.042262 0.090631
vn 0.000000 -0.042262 0.090631
vn 0.000000 -0.042262 0.090631
vn 0.000000 -0.042262 0.090631
vn 0.000000 -0.042262 0.090631
vn 0.000000 -0.042262 0.090631
vn 0.000000 -0.042262 0.090631
vn 0.100000 0.000000 0.000000
vn 0.093247 -0.036124 0.000000
vn 0.073901 -0.067370 0.000000
vn 0.044574 -0.089516 0.000000
vn 0.009227 -0.099573 0.000000
vn -0.027366 -0.096183 0.000000
vn -0.060263 -0.079802 0.000000
vn -0.085022 -0.052643 0.000000
vn -0.098297 -0.018375 0.000000
vn -0.098297 0.018375 0.000000
vn -0.085022 0.052643 0.000000
vn -0.060263 0.079802 0.000000
vn -0.027366 0.096183 0.000000
vn 0.009227 0.099573 0.000000
vn 0.044574 0.089516 0.000000
vn 0.073901 0.067370 0.000000
vn 0.093247 0.036124 0.000000
vn 0.000000 0.100000 0.000000
vn -0.019509 0.098079 0.000000
vn -0.038268 0.092388 0.000000
vn -0.055557 0.083147 0.000000
vn -0.070711 0.070711 0.000000
vn -0.083147 0.055557 0.000000
vn -0.092388 0.038268 0.000000
vn -0.098079 0.019509 0.000000
vn -0.100000 0.000000 0.000000
vn -0.098079 -0.019509 0.000000
vn -0.092388 -0.038268 0.000000
vn -0.083147 -0.055557 0.000000
vn -0.070711 -0.070711 0.000000
vn -0.055557 -0.083147 0.000000
vn -0.038268 -0.092388 0.000000
vn -0.019509 -0.098079 0.000000
vn 0.000000 -0.100000 0.000000
vn 0.019509 -0.098079 0.000000
vn 0.038268 -0.092388 0.000000
vn 0.055557 -0.083147 0.000000
vn 0.070711 -0.070711 0.000000
vn 0.083147 -0.055557 0.000000
vn 0.092388 -0.038268 0.000000
vn 0.098079 -0.019509 0.000000
vn 0.100000 0.000000 0.000000
vn 0.098079 0.019509 0.000000
vn 0.092388 0.038268 0.000000
vn 0.083147 0.055557 0.000000
vn 0.070711 0.070711 0.000000
vn 0.055557 0.083147 0.000000
vn 0.038268 0.092388 0.000000
vn 0.019509 0.098079 0.000000
vn -0.098297 -0.018375 0.000000
vn -0.098297 -0.018375 0.000000
vn -0.098297 -0.018375 0.000000
vn -0.100000 0.000000 0.000000
vn -0.100000 0.000000 0.000000
vn 0.061148 0.079126 0.000000
vn 0.043140 0.088889 0.015418
vn 0.022309 0.092808 0.029817
vn 0.000000 0.090631 0.042262
vn -0.000155 0.081277 0.058258
vn -0.000089 0.071030 0.070390
vn -0.000095 0.052642 0.085022
vn 0.000223 0.040729 0.091330
vn 0.000022 0.036740 0.093006
vn -0.000054 0.040750 0.091320
vn 0.000006 0.052610 0.085043
vn 0.000030 0.070914 0.070507
vn 0.000008 0.081167 0.058412
vn 0.000000 0.090631 0.042262
vn -0.022309 0.092808 0.029817
vn -0.043140 0.088889 0.015418
vn -0.061148 0.079126 0.000000
vn -0.049700 0.086775 -0.000010
vn -0.034538 0.093846 -0.000001
vn -0.017632 0.098433 0.000004
vn 0.000003 0.100000 0.000018
vn 0.017673 0.098426 0.000008
vn 0.034518 0.093854 -0.000005
vn 0.049690 0.086780 -0.000157
vn 0.009895 0.076548 0.063581
vn 0.018578 0.096881 0.016401
vn 0.023355 0.087823 0.041733
vn 0.029247 0.088997 0.034988
vn 0.047250 0.087534 0.010256
vn 0.020144 0.082750 0.052408
vn 0.025009 0.086164 0.044162
vn 0.039323 0.090988 0.013228
vn 0.015018 0.079145 0.059249
vn 0.018693 0.084486 0.050127
vn 0.029183 0.094443 0.015127
vn 0.002147 0.075113 0.065981
vn 0.002683 0.082715 0.056135
vn 0.004136 0.098434 0.017134
vn 0.012203 0.083295 0.053972
vn -0.006978 0.075766 0.064890
vn -0.008611 0.082973 0.055148
vn -0.013079 0.097709 0.016792
vn -0.015209 0.079117 0.059238
vn -0.018877 0.084451 0.050117
vn -0.029340 0.094395 0.015127
vn -0.021791 0.085202 0.047601
vn -0.027196 0.087512 0.040025
vn -0.043440 0.089279 0.011929
vn -0.024384 0.088923 0.038706
vn -0.030488 0.089538 0.032456
vn -0.049246 0.086500 0.009622
vn -0.061148 0.079126 0.000000
vn -0.043140 0.088889 0.015418
vn -0.022308 0.092808 0.029816
vn 0.000000 0.090631 0.042262
vn 0.000000 0.090631 0.042262
vn 0.000000 0.090631 0.042262
vn 0.000000 0.090631 0.042262
vn 0.000000 0.090631 0.042262
vn 0.000000 0.090631 0.042262
vn 0.000000 0.090631 0.042262
vn 0.000000 0.090631 0.042262
vn 0.000000 0.090631 0.042262
vn 0.000000 0.090631 0.042262
vn 0.000000 0.090631 0.042262
vn 0.000000 0.090631 0.042262
vn 0.000000 0.090631 0.042262
vn 0.000000 0.090631 0.042262
vn 0.000000 0.090631 0.042262
vn 0.000000 0.090631 0.042262
vn 0.000000 0.090631 0.042262
vn 0.000000 0.090631 0.042262
vn 0.000000 0.090631 0.042262
vn 0.000000 0.090631 0.042262
vn 0.000000 0.090631 0.042262
vn 0.000000 0.090631 0.042262
vn 0.000000 0.090631 0.042262
vn 0.000000 0.090631 0.042262
vn 0.000000 0.090631 0.042262
vn 0.000000 0.090631 0.042262
vn 0.000000 0.090631 0.042262
vn 0.000000 0.090631 0.042262
vn 0.000000 0.090631 0.042262
vn 0.022308 0.092808 0.029816
vn 0.043140 0.088889 0.015418
vn 0.061148 0.079126 0.000000
vn 0.072651 0.068716 0.000001
vn 0.082395 0.056666 -0.000009
vn 0.090183 0.043209 0.000027
vn 0.095779 0.028746 -0.000022
vn 0.099982 -0.001885 0.000024
vn 0.094626 -0.032339 -0.000052
vn 0.088504 -0.046551 0.000002
vn 0.080237 -0.059683 -0.000009
vn 0.070044 -0.071371 0.000002
vn 0.058163 -0.081345 -0.000019
vn 0.044889 -0.089359 -0.000008
vn 0.030547 -0.095220 0.000002
vn 0.015468 -0.098796 0.000001
vn 0.000002 -0.100000 0.000008
vn -0.015460 -0.098798 0.000004
vn -0.030533 -0.095225 -0.000015
vn -0.044901 -0.089352 -0.000009
vn -0.058170 -0.081340 0.000000
vn -0.070037 -0.071378 -0.000017
vn -0.080240 -0.059679 0.000004
vn -0.088497 -0.046564 -0.000016
vn -0.094633 -0.032322 0.000007
vn -0.099982 -0.001886 -0.000007
vn -0.095769 0.028780 -0.000033
vn -0.090180 0.043214 -0.000003
vn -0.082409 0.056646 0.000025
vn -0.072646 0.068721 -0.000003
vn 0.031543 0.085759 0.040626
vn 0.098250 0.016043 0.009463
vn -0.036646 0.066372 0.065206
vn -0.050930 -0.081122 0.028728
vn -0.025980 0.088768 0.038017
vn -0.096940 0.022828 0.009029
vn -0.017538 0.091728 0.035755
vn -0.034474 0.089601 0.027987
vn -0.042560 0.087334 0.023695
vn -0.056061 0.081345 0.015499
vn -0.067978 0.073021 0.006851
vn -0.021535 0.090511 0.036661
vn -0.042028 0.085901 0.029234
vn -0.051598 0.081952 0.024931
vn -0.067050 0.072340 0.016468
vn -0.079826 0.059784 0.007323
vn -0.050189 0.080704 0.031112
vn -0.061127 0.074471 0.026787
vn -0.077892 0.060102 0.017907
vn -0.090273 0.042272 0.007993
vn -0.033626 0.084305 0.041976
vn -0.063389 0.068051 0.036755
vn -0.075720 0.056693 0.032440
vn -0.091913 0.032411 0.022396
vn -0.099360 0.004905 0.010172
vn -0.086513 0.045994 0.020003
vn -0.069533 0.065571 0.029420
vn -0.057641 0.074424 0.033743
vn -0.030203 0.086591 0.039873
vn -0.036641 0.081572 0.044760
vn -0.068132 0.060752 0.040832
vn -0.080493 0.046729 0.036569
vn -0.094983 0.017790 0.025725
vn -0.098392 -0.013400 0.011812
vn -0.038644 0.078954 0.047674
vn -0.070983 0.054064 0.045151
vn -0.083030 0.037795 0.040957
vn -0.095477 0.005250 0.029268
vn -0.094974 -0.028225 0.013537
vn -0.039937 0.075889 0.051439
vn -0.072417 0.046593 0.050841
vn -0.083813 0.028042 0.046788
vn -0.093707 -0.007802 0.034032
vn -0.089023 -0.042691 0.015887
vn -0.040176 0.072964 0.055337
vn -0.072053 0.039811 0.056775
vn -0.082628 0.019400 0.052879
vn -0.090130 -0.018813 0.039020
vn -0.082083 -0.054092 0.018342
vn -0.039115 0.069593 0.060223
vn -0.069370 0.032345 0.064355
vn -0.078809 0.010109 0.060720
vn -0.083817 -0.030072 0.045503
vn -0.072956 -0.064907 0.021552
vn -0.064420 0.025549 0.072092
vn -0.072620 0.001851 0.068723
vn -0.075589 -0.039607 0.052130
vn -0.063176 -0.073427 0.024844
vn -0.016156 0.057602 0.080131
vn -0.027939 0.008209 0.095666
vn -0.031002 -0.018498 0.093256
vn -0.030832 -0.061437 0.072628
vn -0.023446 -0.090673 0.035054
vn -0.063350 -0.048903 0.059960
vn -0.062083 -0.006568 0.078119
vn -0.055481 0.018482 0.081119
vn -0.031842 0.062899 0.070922
vn 0.007574 0.056458 0.082190
vn 0.013144 0.006044 0.098948
vn 0.014588 -0.020975 0.096681
vn 0.014422 -0.063957 0.075508
vn 0.010793 -0.092477 0.036489
vn 0.026189 0.060310 0.075345
vn 0.045421 0.013410 0.088075
vn 0.050593 -0.012492 0.085348
vn 0.050950 -0.055206 0.066003
vn 0.039847 -0.086045 0.031755
vn 0.032695 0.063383 0.070097
vn 0.057070 0.019468 0.079775
vn 0.063933 -0.005398 0.076704
vn 0.065393 -0.047637 0.058774
vn 0.052806 -0.080120 0.028148
vn 0.039315 0.069955 0.059670
vn 0.069817 0.033139 0.063461
vn 0.079394 0.011088 0.059780
vn 0.084644 -0.028919 0.044711
vn 0.073993 -0.063854 0.021158
vn 0.063450 -0.073213 0.024778
vn 0.075793 -0.039376 0.052008
vn 0.072764 0.002053 0.068566
vn 0.064539 0.025720 0.071925
vn 0.036719 0.066461 0.065074
vn 0.040166 0.073044 0.055238
vn 0.072055 0.039985 0.056651
vn 0.082651 0.019616 0.052763
vn 0.090223 -0.018544 0.038936
vn 0.082276 -0.053812 0.018303
vn 0.039953 0.075870 0.051454
vn 0.072437 0.046553 0.050849
vn 0.083828 0.027994 0.046789
vn 0.093704 -0.007862 0.034027
vn 0.088992 -0.042758 0.015882
vn 0.038983 0.078345 0.048398
vn 0.071414 0.052551 0.046244
vn 0.083353 0.035801 0.042078
vn 0.095301 0.002530 0.030187
vn 0.093932 -0.031319 0.013997
vn 0.035751 0.082491 0.043785
vn 0.066778 0.063162 0.039386
vn 0.079181 0.049988 0.035094
vn 0.094306 0.022483 0.024514
vn 0.099076 -0.007661 0.011188
vn 0.026804 0.088388 0.038328
vn 0.051671 0.079592 0.031548
vn 0.062827 0.072883 0.027220
vn 0.079724 0.057543 0.018247
vn 0.091857 0.038677 0.008152
vn 0.088824 0.040920 0.020876
vn 0.072035 0.062291 0.030509
vn 0.059929 0.072082 0.034825
vn 0.023595 0.089757 0.037242
vn 0.045848 0.083640 0.030040
vn 0.056094 0.078686 0.025729
vn 0.072281 0.066957 0.017093
vn 0.085068 0.052012 0.007625
vn 0.020284 0.090927 0.036343
vn 0.039682 0.087157 0.028793
vn 0.048808 0.083773 0.024492
vn 0.063715 0.075369 0.016121
vn 0.076330 0.064208 0.007152
vn 0.016901 0.091893 0.035637
vn 0.033255 0.090110 0.027826
vn 0.041087 0.088079 0.023537
vn 0.054224 0.082603 0.015376
vn 0.065917 0.074892 0.006792
vn 0.000000 0.090631 0.042262
vn 0.000000 0.081163 0.058418
vn 0.000000 0.070896 0.070525
vn 0.000000 0.052606 0.085045
vn 0.000000 0.040749 0.091321
vn 0.000000 0.036703 0.093021
vn 0.000000 0.040750 0.091321
vn 0.000000 0.052605 0.085045
vn 0.000000 0.070964 0.070457
vn 0.000000 0.081168 0.058410
vn 0.000000 0.090631 0.042262
vn 0.000000 0.090631 0.042262
vn 0.000000 0.081163 0.058418
vn 0.000000 0.070896 0.070525
vn 0.000000 0.052606 0.085045
vn 0.000000 0.040749 0.091321
vn 0.000000 0.036703 0.093021
vn 0.000000 0.040750 0.091321
vn 0.000000 0.052605 0.085045
vn 0.000000 0.070964 0.070457
vn 0.000000 0.081168 0.058410
vn 0.000000 0.090631 0.042262
vn 0.000000 0.090631 0.042262
vn 0.000000 0.067559 0.073728
vn 0.000000 0.034202 0.093969
vn 0.000000 -0.004362 0.099905
vn 0.000000 -0.042262 0.090631
vn 0.000000 -0.042262 0.090631
vn 0.000000 -0.004362 0.099905
vn 0.000000 0.034202 0.093969
vn 0.000000 0.067559 0.073728
vn 0.000000 0.090631 0.042262
vn 0.100000 0.000000 0.000000
vn 0.093247 -0.036124 0.000000
vn 0.073901 -0.067370 0.000000
vn 0.044574 -0.089516 0.000000
vn 0.009227 -0.099573 0.000000
vn -0.027366 -0.096183 0.000000
vn -0.060263 -0.079802 0.000000
vn -0.085022 -0.052643 0.000000
vn -0.098297 -0.018375 0.000000
vn -0.098297 0.018375 0.000000
vn -0.085022 0.052643 0.000000
vn -0.060263 0.079802 0.000000
vn -0.027366 0.096183 0.000000
vn 0.009227 0.099573 0.000000
vn 0.044574 0.089516 0.000000
vn 0.073901 0.067370 0.000000
vn 0.093247 0.036124 0.000000
vn 0.061148 0.079126 0.000000
vn 0.049753 0.086744 0.000000
vn 0.034540 0.093846 0.000000
vn 0.017625 0.098435 0.000000
vn 0.000000 0.100000 0.000000
vn -0.017624 0.098435 0.000000
vn -0.034540 0.093845 0.000000
vn -0.049717 0.086765 0.000000
vn -0.061148 0.079126 0.000000
vn -0.072646 0.068721 0.000000
vn -0.082397 0.056663 0.000000
vn -0.090167 0.043242 0.000000
vn -0.095768 0.028782 0.000000
vn -0.099983 -0.001851 0.000000
vn -0.094638 -0.032306 0.000000
vn -0.088505 -0.046549 0.000000
vn -0.080244 -0.059673 0.000000
vn -0.070053 -0.071362 0.000000
vn -0.058178 -0.081335 0.000000
vn -0.044904 -0.089351 0.000000
vn -0.030549 -0.095219 0.000000
vn -0.015461 -0.098798 0.000000
vn 0.000000 -0.100000 0.000000
vn 0.015461 -0.098798 0.000000
vn 0.030549 -0.095219 0.000000
vn 0.044904 -0.089351 0.000000
vn 0.058178 -0.081335 0.000000
vn 0.070053 -0.071362 0.000000
vn 0.080244 -0.059673 0.000000
vn 0.088505 -0.046549 0.000000
vn 0.094638 -0.032306 0.000000
vn 0.099983 -0.001851 0.000000
vn 0.095768 0.028782 0.000000
vn 0.090167 0.043242 0.000000
vn 0.082397 0.056663 0.000000
vn 0.072646 0.068721 0.000000
vn -0.098297 0.018375 0.000000
vn -0.098297 0.018375 0.000000
vn -0.095768 0.028782 0.000000
vn -0.095768 0.028782 0.000000
vn 0.061148 0.079126 0.000000
vn 0.043140 0.088889 0.015418
vn 0.022309 0.092808 0.029817
vn 0.000000 0.090631 0.042262
vn -0.000155 0.081277 0.058258
vn -0.000089 0.071030 0.070390
vn -0.000095 0.052642 0.085022
vn 0.000223 0.040729 0.091330
vn 0.000022 0.036740 0.093006
vn -0.000054 0.040750 0.091320
vn 0.000006 0.052610 0.085043
vn 0.000030 0.070914 0.070507
vn 0.000008 0.081167 0.058412
vn 0.000000 0.090631 0.042262
vn -0.022309 0.092808 0.029817
vn -0.043140 0.088889 0.015418
vn -0.061148 0.079126 0.000000
vn -0.049700 0.086775 -0.000010
vn -0.034538 0.093846 -0.000001
vn -0.017632 0.098433 0.000004
vn 0.000003 0.100000 0.000018
vn 0.017673 0.098426 0.000008
vn 0.034518 0.093854 -0.000005
vn 0.049690 0.086780 -0.000157
vn 0.009895 0.076548 0.063581
vn 0.018578 0.096881 0.016401
vn 0.023355 0.087823 0.041733
vn 0.029247 0.088997 0.034988
vn 0.047250 0.087534 0.010256
vn 0.020144 0.082750 0.052408
vn 0.025009 0.086164 0.044162
vn 0.039323 0.090988 0.013228
vn 0.015018 0.079145 0.059249
vn 0.018693 0.084486 0.050127
vn 0.029183 0.094443 0.015127
vn 0.002147 0.075113 0.065981
vn 0.002683 0.082715 0.056135
vn 0.004136 0.098434 0.017134
vn 0.012203 0.083295 0.053972
vn -0.006978 0.075766 0.064890
vn -0.008611 0.082973 0.055148
vn -0.013079 0.097709 0.016792
vn -0.015209 0.079117 0.059238
vn -0.018877 0.084451 0.050117
vn -0.029340 0.094395 0.015127
vn -0.021791 0.085202 0.047601
vn -0.027196 0.087512 0.040025
vn -0.043440 0.089279 0.011929
vn -0.024384 0.088923 0.038706
vn -0.030488 0.089538 0.032456
vn -0.049246 0.086500 0.009622
vn -0.061148 0.079126 0.000000
vn -0.043140 0.088889 0.015418
vn -0.022308 0.092808 0.029816
vn 0.000000 0.090631 0.042262
vn 0.000000 0.090631 0.042262
vn 0.000000 0.090631 0.042262
vn 0.000000 0.090631 0.042262
vn 0.000000 0.090631 0.042262
vn 0.000000 0.090631 0.042262
vn 0.000000 0.090631 0.042262
vn 0.000000 0.090631 0.042262
vn 0.000000 0.090631 0.042262
vn 0.000000 0.090631 0.042262
vn 0.000000 0.090631 0.042262
vn 0.000000 0.090631 0.042262
vn 0.000000 0.090631 0.042262
vn 0.000000 0.090631 0.042262
vn 0.000000 0.090631 0.042262
vn 0.000000 0.090631 0.042262
vn 0.000000 0.090631 0.042262
vn 0.000000 0.090631 0.042262
vn 0.000000 0.090631 0.042262
vn 0.000000 0.090631 0.042262
vn 0.000000 0.090631 0.042262
vn 0.000000 0.090631 0.042262
vn 0.000000 0.090631 0.042262
vn 0.000000 0.090631 0.042262
vn 0.000000 0.090631 0.042262
vn 0.000000 0.090631 0.042262
vn 0.000000 0.090631 0.042262
vn 0.000000 0.090631 0.042262
vn 0.000000 0.090631 0.042262
vn 0.022308 0.092808 0.029816
vn 0.043140 0.088889 0.015418
vn 0.061148 0.079126 0.000000
vn 0.072651 0.068716 0.000001
vn 0.082395 0.056666 -0.000009
vn 0.090183 0.043209 0.000027
vn 0.095779 0.028746 -0.000022
vn 0.099982 -0.001885 0.000024
vn 0.094626 -0.032339 -0.000052
vn 0.088504 -0.046551 0.000002
vn 0.080237 -0.059683 -0.000009
vn 0.070044 -0.071371 0.000002
vn 0.058163 -0.081345 -0.000019
vn 0.044889 -0.089359 -0.000008
vn 0.030547 -0.095220 0.000002
vn 0.015468 -0.098796 0.000001
vn 0.000002 -0.100000 0.000008
vn -0.015460 -0.098798 0.000004
vn -0.030533 -0.095225 -0.000015
vn -0.044901 -0.089352 -0.000009
vn -0.058170 -0.081340 0.000000
vn -0.070037 -0.071378 -0.000017
vn -0.080240 -0.059679 0.000004
vn -0.088497 -0.046564 -0.000016
vn -0.094633 -0.032322 0.000007
vn -0.099982 -0.001886 -0.000007
vn -0.095769 0.028780 -0.000033
vn -0.090180 0.043214 -0.000003
vn -0.082409 0.056646 0.000025
vn -0.072646 0.068721 -0.000003
vn 0.031543 0.085759 0.040626
vn 0.098250 0.016043 0.009463
vn -0.036646 0.066372 0.065206
vn -0.050930 -0.081122 0.028728
vn -0.025980 0.088768 0.038017
vn -0.096940 0.022828 0.009029
vn -0.017538 0.091728 0.035755
vn -0.034474 0.089601 0.027987
vn -0.042560 0.087334 0.023695
vn -0.056061 0.081345 0.015499
vn -0.067978 0.073021 0.006851
vn -0.021535 0.090511 0.036661
vn -0.042028 0.085901 0.029234
vn -0.051598 0.081952 0.024931
vn -0.067050 0.072340 0.016468
vn -0.079826 0.059784 0.007323
vn -0.050189 0.080704 0.031112
vn -0.061127 0.074471 0.026787
vn -0.077892 0.060102 0.017907
vn -0.090273 0.042272 0.007993
vn -0.033626 0.084305 0.041976
vn -0.063389 0.068051 0.036755
vn -0.075720 0.056693 0.032440
vn -0.091913 0.032411 0.022396
vn -0.099360 0.004905 0.010172
vn -0.086513 0.045994 0.020003
vn -0.069533 0.065571 0.029420
vn -0.057641 0.074424 0.033743
vn -0.030203 0.086591 0.039873
vn -0.036641 0.081572 0.044760
vn -0.068132 0.060752 0.040832
vn -0.080493 0.046729 0.036569
vn -0.094983 0.017790 0.025725
vn -0.098392 -0.013400 0.011812
vn -0.038644 0.078954 0.047674
vn -0.070983 0.054064 0.045151
vn -0.083030 0.037795 0.040957
vn -0.095477 0.005250 0.029268
vn -0.094974 -0.028225 0.013537
vn -0.039937 0.075889 0.051439
vn -0.072417 0.046593 0.050841
vn -0.083813 0.028042 0.046788
vn -0.093707 -0.007802 0.034032
vn -0.089023 -0.042691 0.015887
vn -0.040176 0.072964 0.055337
vn -0.072053 0.039811 0.056775
vn -0.082628 0.019400 0.052879
vn -0.090130 -0.018813 0.039020
vn -0.082083 -0.054092 0.018342
vn -0.039115 0.069593 0.060223
vn -0.069370 0.032345 0.064355
vn -0.078809 0.010109 0.060720
vn -0.083817 -0.030072 0.045503
vn -0.072956 -0.064907 0.021552
vn -0.064420 0.025549 0.072092
vn -0.072620 0.001851 0.068723
vn -0.075589 -0.039607 0.052130
vn -0.063176 -0.073427 0.024844
vn -0.016156 0.057602 0.080131
vn -0.027939 0.008209 0.095666
vn -0.031002 -0.018498 0.093256
vn -0.030832 -0.061437 0.072628
vn -0.023446 -0.090673 0.035054
vn -0.063350 -0.048903 0.059960
vn -0.062083 -0.006568 0.078119
vn -0.055481 0.018482 0.081119
vn -0.031842 0.062899 0.070922
vn 0.007574 0.056458 0.082190
vn 0.013144 0.006044 0.098948
vn 0.014588 -0.020975 0.096681
vn 0.014422 -0.063957 0.075508
vn 0.010793 -0.092477 0.036489
vn 0.026189 0.060310 0.075345
vn 0.045421 0.013410 0.088075
vn 0.050593 -0.012492 0.085348
vn 0.050950 -0.055206 0.066003
vn 0.039847 -0.086045 0.031755
vn 0.032695 0.063383 0.070097
vn 0.057070 0.019468 0.079775
vn 0.063933 -0.005398 0.076704
vn 0.065393 -0.047637 0.058774
vn 0.052806 -0.080120 0.028148
vn 0.039315 0.069955 0.059670
vn 0.069817 0.033139 0.063461
vn 0.079394 0.011088 0.059780
vn 0.084644 -0.028919 0.044711
vn 0.073993 -0.063854 0.021158
vn 0.063450 -0.073213 0.024778
vn 0.075793 -0.039376 0.052008
vn 0.072764 0.002053 0.068566
vn 0.064539 0.025720 0.071925
vn 0.036719 0.066461 0.065074
vn 0.040166 0.073044 0.055238
vn 0.072055 0.039985 0.056651
vn 0.082651 0.019616 0.052763
vn 0.090223 -0.018544 0.038936
vn 0.082276 -0.053812 0.018303
vn 0.039953 0.075870 0.051454
vn 0.072437 0.046553 0.050849
vn 0.083828 0.027994 0.046789
vn 0.093704 -0.007862 0.034027
vn 0.088992 -0.042758 0.015882
vn 0.038983 0.078345 0.048398
vn 0.071414 0.052551 0.046244
vn 0.083353 0.035801 0.042078
vn 0.095301 0.002530 0.030187
vn 0.093932 -0.031319 0.013997
vn 0.035751 0.082491 0.043785
vn 0.066778 0.063162 0.039386
vn 0.079181 0.049988 0.035094
vn 0.094306 0.022483 0.024514
vn 0.099076 -0.007661 0.011188
vn 0.026804 0.088388 0.038328
vn 0.051671 0.079592 0.031548
vn 0.062827 0.072883 0.027220
vn 0.079724 0.057543 0.018247
vn 0.091857 0.038677 0.008152
vn 0.088824 0.040920 0.020876
vn 0.072035 0.062291 0.030509
vn 0.059929 0.072082 0.034825
vn 0.023595 0.089757 0.037242
vn 0.045848 0.083640 0.030040
vn 0.056094 0.078686 0.025729
vn 0.072281 0.066957 0.017093
vn 0.085068 0.052012 0.007625
vn 0.020284 0.090927 0.036343
vn 0.039682 0.087157 0.028793
vn 0.048808 0.083773 0.024492
vn 0.063715 0.075369 0.016121
vn 0.076330 0.064208 0.007152
vn 0.016901 0.091893 0.035637
vn 0.033255 0.090110 0.027826
vn 0.041087 0.088079 0.023537
vn 0.054224 0.082603 0.015376
vn 0.065917 0.074892 0.006792
vn 0.100000 0.000000 0.000000
vn 0.093247 -0.036124 0.000000
vn 0.073901 -0.067370 0.000000
vn 0.044574 -0.089516 0.000000
vn 0.009227 -0.099573 0.000000
vn -0.027366 -0.096183 0.000000
vn -0.060263 -0.079802 0.000000
vn -0.085022 -0.052643 0.000000
vn -0.098297 -0.018375 0.000000
vn -0.098297 0.018375 0.000000
vn -0.085022 0.052643 0.000000
vn -0.060263 0.079802 0.000000
vn -0.027366 0.096183 0.000000
vn 0.009227 0.099573 0.000000
vn 0.044574 0.089516 0.000000
vn 0.073901 0.067370 0.000000
vn 0.093247 0.036124 0.000000
vn 0.061148 0.079126 0.000000
vn 0.049753 0.086744 0.000000
vn 0.034540 0.093846 0.000000
vn 0.017625 0.098435 0.000000
vn 0.000000 0.100000 0.000000
vn -0.017624 0.098435 0.000000
vn -0.034540 0.093845 0.000000
vn -0.049717 0.086765 0.000000
vn -0.061148 0.079126 0.000000
vn -0.072646 0.068721 0.000000
vn -0.082397 0.056663 0.000000
vn -0.090167 0.043242 0.000000
vn -0.095768 0.028782 0.000000
vn -0.099983 -0.001851 0.000000
vn -0.094638 -0.032306 0.000000
vn -0.088505 -0.046549 0.000000
vn -0.080244 -0.059673 0.000000
vn -0.070053 -0.071362 0.000000
vn -0.058178 -0.081335 0.000000
vn -0.044904 -0.089351 0.000000
vn -0.030549 -0.095219 0.000000
vn -0.015461 -0.098798 0.000000
vn 0.000000 -0.100000 0.000000
vn 0.015461 -0.098798 0.000000
vn 0.030549 -0.095219 0.000000
vn 0.044904 -0.089351 0.000000
vn 0.058178 -0.081335 0.000000
vn 0.070053 -0.071362 0.000000
vn 0.080244 -0.059673 0.000000
vn 0.088505 -0.046549 0.000000
vn 0.094638 -0.032306 0.000000
vn 0.099983 -0.001851 0.000000
vn 0.095768 0.028782 0.000000
vn 0.090167 0.043242 0.000000
vn 0.082397 0.056663 0.000000
vn 0.072646 0.068721 0.000000
vn -0.098297 0.018375 0.000000
vn -0.098297 0.018375 0.000000
vn -0.095768 0.028782 0.000000
vn -0.095768 0.028782 0.000000
vn 0.000000 -0.042262 0.090631
vn 0.000000 0.006544 0.099786
vn 0.000000 0.053730 0.084339
vn 0.000000 0.087671 0.048102
vn 0.000000 0.100000 0.000000
vn 0.019497 0.098081 0.000004
vn 0.038308 0.092372 0.000012
vn 0.055520 0.083172 0.000021
vn 0.070759 0.070662 -0.000024
vn 0.083116 0.055603 0.000025
vn 0.092408 0.038219 -0.000027
vn 0.098077 0.019518 -0.000024
vn 0.100000 0.000062 0.000025
vn 0.098064 -0.019581 -0.000064
vn 0.092419 -0.038194 -0.000006
vn 0.083143 -0.055562 -0.000003
vn 0.070641 -0.070780 -0.000105
vn 0.055674 -0.083069 -0.000041
vn 0.038319 -0.092367 0.000008
vn 0.019375 -0.098105 -0.000071
vn 0.000102 -0.100000 -0.000073
vn -0.019450 -0.098090 -0.000008
vn -0.038448 -0.092313 -0.000030
vn -0.055520 -0.083171 -0.000113
vn -0.070620 -0.070801 -0.000058
vn -0.083245 -0.055410 0.000031
vn -0.092399 -0.038241 -0.000084
vn -0.098053 -0.019636 -0.000091
vn -0.100000 0.000156 0.000060
vn -0.098062 0.019592 -0.000033
vn -0.092443 0.038135 -0.000113
vn -0.083108 0.055615 0.000030
vn -0.070640 0.070781 0.000102
vn -0.055688 0.083059 0.000008
vn -0.038326 0.092364 -0.000010
vn -0.019506 0.098079 0.000028
vn 0.000000 0.100000 0.000000
vn 0.000000 0.087671 0.048102
vn 0.000000 0.053730 0.084339
vn 0.000000 0.006544 0.099786
vn 0.000000 -0.042262 0.090631
vn 0.000000 -0.042262 0.090631
vn 0.000000 -0.042262 0.090631
vn 0.000000 -0.042262 0.090631
vn 0.000000 -0.042262 0.090631
vn 0.000000 -0.042262 0.090631
vn 0.000000 -0.042262 0.090631
vn 0.000000 -0.042262 0.090631
vn 0.000000 -0.042262 0.090631
vn 0.000000 -0.042262 0.090631
vn 0.000000 -0.042262 0.090631
vn 0.000000 -0.042262 0.090631
vn 0.000000 -0.042262 0.090631
vn 0.000000 -0.042262 0.090631
vn 0.000000 -0.042262 0.090631
vn 0.000000 -0.042262 0.090631
vn 0.000000 -0.042262 0.090631
vn 0.000000 -0.042262 0.090631
vn 0.000000 -0.042262 0.090631
vn 0.000000 -0.042262 0.090631
vn 0.000000 -0.042262 0.090631
vn 0.018715 -0.009114 0.097809
vn 0.011163 -0.059692 0.079450
vn -0.000403 -0.061526 0.078832
vn -0.008238 -0.060540 0.079164
vn -0.001485 -0.098730 0.015816
vn -0.015539 -0.057872 0.080058
vn -0.022205 -0.053360 0.081607
vn -0.067094 -0.072217 0.016829
vn -0.031043 -0.025658 0.091531
vn 0.017112 0.094565 0.027650
vn 0.016925 0.078409 0.059712
vn 0.014571 0.052334 0.083957
vn 0.012403 0.034483 0.093044
vn 0.006719 -0.004293 0.099682
vn 0.033659 0.090150 0.027203
vn 0.033123 0.073786 0.058810
vn 0.028430 0.048250 0.082847
vn 0.024175 0.030988 0.091953
vn 0.013082 -0.006177 0.098948
vn 0.048941 0.083069 0.026539
vn 0.047816 0.066454 0.057424
vn 0.040848 0.041826 0.081129
vn 0.034669 0.025512 0.090262
vn 0.062617 0.073625 0.025660
vn 0.060590 0.056845 0.055655
vn 0.051437 0.033485 0.078949
vn 0.043548 0.018424 0.088115
vn 0.023435 -0.012900 0.096355
vn 0.083774 0.049222 0.023646
vn 0.079141 0.032874 0.051536
vn 0.066144 0.013137 0.073841
vn 0.055657 0.001286 0.083070
vn 0.029729 -0.021952 0.092921
vn 0.095550 0.020158 0.021539
vn 0.087921 0.005718 0.047299
vn 0.072194 -0.009172 0.068585
vn 0.060322 -0.017255 0.077868
vn 0.031941 -0.031571 0.089348
vn 0.097505 -0.010021 0.019806
vn 0.087466 -0.021064 0.043657
vn 0.070578 -0.030402 0.063988
vn 0.058564 -0.034643 0.073281
vn 0.030742 -0.040420 0.086146
vn 0.090287 -0.038910 0.018284
vn 0.079206 -0.045590 0.040595
vn 0.062918 -0.049225 0.060152
vn 0.051877 -0.049849 0.069454
vn 0.027015 -0.048011 0.083458
vn 0.074903 -0.063993 0.017159
vn 0.064533 -0.066104 0.038284
vn 0.050608 -0.064526 0.057230
vn 0.041512 -0.062059 0.066524
vn 0.021477 -0.054003 0.081378
vn 0.053277 -0.083021 0.016407
vn 0.045310 -0.081226 0.036733
vn 0.035196 -0.075554 0.055253
vn 0.028756 -0.070773 0.064531
vn 0.014802 -0.058222 0.079945
vn 0.040614 -0.089934 0.016199
vn 0.034387 -0.086632 0.036227
vn 0.026625 -0.079447 0.054583
vn 0.021724 -0.073833 0.063849
vn 0.026787 -0.095012 0.015971
vn 0.022599 -0.090592 0.035809
vn 0.017456 -0.082290 0.054071
vn 0.014231 -0.076064 0.063338
vn 0.007306 -0.060760 0.079087
vn 0.012707 -0.097917 0.015835
vn 0.010698 -0.092843 0.035578
vn 0.008251 -0.083896 0.053791
vn 0.006723 -0.077320 0.063059
vn 0.003449 -0.061359 0.078887
vn -0.001246 -0.093469 0.035525
vn -0.000960 -0.084341 0.053718
vn -0.000783 -0.077668 0.062984
vn -0.030168 -0.093982 0.016037
vn -0.025478 -0.089784 0.035912
vn -0.019689 -0.081707 0.054188
vn -0.016051 -0.075606 0.063452
vn -0.004311 -0.061262 0.078920
vn -0.008401 -0.077114 0.063110
vn -0.010310 -0.083632 0.053846
vn -0.013363 -0.092473 0.035640
vn -0.015865 -0.097445 0.015900
vn -0.043467 -0.088594 0.016177
vn -0.036831 -0.085597 0.036286
vn -0.028533 -0.078706 0.054693
vn -0.023286 -0.073252 0.063968
vn -0.011969 -0.059412 0.079542
vn -0.055771 -0.081364 0.016414
vn -0.047479 -0.079938 0.036819
vn -0.036912 -0.074629 0.055390
vn -0.030171 -0.070047 0.064677
vn -0.057477 -0.072685 0.037594
vn -0.044890 -0.069351 0.056350
vn -0.036760 -0.065882 0.065638
vn -0.018978 -0.055860 0.080743
vn -0.091481 -0.035978 0.018352
vn -0.080435 -0.043167 0.040828
vn -0.063996 -0.047399 0.060480
vn -0.052800 -0.048385 0.069793
vn -0.027518 -0.047286 0.083707
vn -0.042897 -0.060741 0.066861
vn -0.052272 -0.062868 0.057578
vn -0.066570 -0.063870 0.038588
vn -0.077120 -0.061248 0.017352
vn -0.097754 -0.006552 0.020031
vn -0.087929 -0.018041 0.044079
vn -0.071086 -0.028039 0.064503
vn -0.059029 -0.032720 0.073790
vn -0.031015 -0.039450 0.086497
vn -0.094759 0.023456 0.021694
vn -0.087459 0.008718 0.047696
vn -0.071958 -0.006753 0.069111
vn -0.060171 -0.015260 0.078400
vn -0.031889 -0.030546 0.089722
vn -0.089459 0.038447 0.022779
vn -0.083685 0.022629 0.049848
vn -0.069480 0.004625 0.071771
vn -0.058310 -0.005820 0.081031
vn -0.081457 0.052820 0.023976
vn -0.077217 0.036327 0.052133
vn -0.064681 0.016034 0.074561
vn -0.054473 0.003718 0.083779
vn -0.029126 -0.020669 0.093405
vn -0.071218 0.065591 0.025014
vn -0.068357 0.048833 0.054246
vn -0.057737 0.026632 0.077183
vn -0.048787 0.012638 0.086372
vn -0.026196 -0.015965 0.095178
vn -0.058852 0.076583 0.025913
vn -0.057118 0.059850 0.056174
vn -0.048593 0.036096 0.079598
vn -0.041177 0.020643 0.088760
vn -0.022188 -0.011716 0.096801
vn -0.031179 0.091008 0.027301
vn -0.030729 0.074674 0.058987
vn -0.026392 0.049034 0.083061
vn -0.022443 0.031661 0.092163
vn -0.012141 -0.005812 0.099090
vn 0.100000 0.000000 0.000000
vn 0.093247 -0.036124 0.000000
vn 0.073901 -0.067370 0.000000
vn 0.044574 -0.089516 0.000000
vn 0.009227 -0.099573 0.000000
vn -0.027366 -0.096183 0.000000
vn -0.060263 -0.079802 0.000000
vn -0.085022 -0.052643 0.000000
vn -0.098297 -0.018375 0.000000
vn -0.098297 0.018375 0.000000
vn -0.085022 0.052643 0.000000
vn -0.060263 0.079802 0.000000
vn -0.027366 0.096183 0.000000
vn 0.009227 0.099573 0.000000
vn 0.044574 0.089516 0.000000
vn 0.073901 0.067370 0.000000
vn 0.093247 0.036124 0.000000
vn 0.000000 0.100000 0.000000
vn -0.019509 0.098079 0.000000
vn -0.038268 0.092388 0.000000
vn -0.055557 0.083147 0.000000
vn -0.070711 0.070711 0.000000
vn -0.083147 0.055557 0.000000
vn -0.092388 0.038268 0.000000
vn -0.098079 0.019509 0.000000
vn -0.100000 0.000000 0.000000
vn -0.098079 -0.019509 0.000000
vn -0.092388 -0.038268 0.000000
vn -0.083147 -0.055557 0.000000
vn -0.070711 -0.070711 0.000000
vn -0.055557 -0.083147 0.000000
vn -0.038268 -0.092388 0.000000
vn -0.019509 -0.098079 0.000000
vn 0.000000 -0.100000 0.000000
vn 0.019509 -0.098079 0.000000
vn 0.038268 -0.092388 0.000000
vn 0.055557 -0.083147 0.000000
vn 0.070711 -0.070711 0.000000
vn 0.083147 -0.055557 0.000000
vn 0.092388 -0.038268 0.000000
vn 0.098079 -0.019509 0.000000
vn 0.100000 0.000000 0.000000
vn 0.098079 0.019509 0.000000
vn 0.092388 0.038268 0.000000
vn 0.083147 0.055557 0.000000
vn 0.070711 0.070711 0.000000
vn 0.055557 0.083147 0.000000
vn 0.038268 0.092388 0.000000
vn 0.019509 0.098079 0.000000
vn -0.098297 -0.018375 0.000000
vn -0.098297 -0.018375 0.000000
vn -0.098297 -0.018375 0.000000
vn -0.100000 0.000000 0.000000
vn -0.100000 0.000000 0.000000
vn 0.100000 0.000000 0.000000
vn 0.088546 -0.042118 -0.019640
vn 0.056806 -0.074588 -0.034781
vn 0.012054 -0.089970 -0.041954
vn -0.035460 -0.084741 -0.039515
vn -0.074851 -0.060099 -0.028025
vn -0.097094 -0.021689 -0.010114
vn -0.097094 0.021689 0.010114
vn -0.074851 0.060099 0.028025
vn -0.035460 0.084741 0.039515
vn 0.012054 0.089970 0.041954
vn 0.056806 0.074588 0.034781
vn 0.088546 0.042118 0.019640
vn -0.100000 0.000000 0.000000
vn -0.088546 -0.042118 -0.019640
vn -0.056806 -0.074588 -0.034781
vn -0.012054 -0.089970 -0.041954
vn 0.035460 -0.084741 -0.039515
vn 0.074851 -0.060099 -0.028025
vn 0.097094 -0.021689 -0.010114
vn 0.097094 0.021689 0.010114
vn 0.074851 0.060099 0.028025
vn 0.035460 0.084741 0.039515
vn -0.012054 0.089970 0.041954
vn -0.056806 0.074588 0.034781
vn -0.088546 0.042118 0.019640
vn 0.097094 -0.021689 -0.010114
vn 0.100000 0.000000 0.000000
vn 0.100000 0.000000 0.000000
vn 0.097094 -0.021689 -0.010114
vn 0.100000 0.000000 0.000000
vn 0.076604 -0.058256 -0.027165
vn 0.017365 -0.089254 -0.041620
vn -0.050000 -0.078489 -0.036600
vn -0.093969 -0.030998 -0.014454
vn -0.093969 0.030998 0.014454
vn -0.050000 0.078489 0.036600
vn 0.017365 0.089254 0.041620
vn 0.076604 0.058256 0.027165
vn -0.100000 0.000000 0.000000
vn -0.076604 -0.058256 -0.027165
vn -0.017365 -0.089254 -0.041620
vn 0.050000 -0.078489 -0.036600
vn 0.093969 -0.030998 -0.014454
vn 0.093969 0.030998 0.014454
vn 0.050000 0.078489 0.036600
vn -0.017365 0.089254 0.041620
vn -0.076604 0.058256 0.027165
vn 0.093969 -0.030998 -0.014454
vn 0.100000 0.000000 0.000000
vn 0.100000 0.000000 0.000000
vn 0.093969 -0.030998 -0.014454
vn 0.100000 0.000000 0.000000
vn 0.076604 -0.058256 -0.027165
vn 0.017365 -0.089254 -0.041620
vn -0.050000 -0.078489 -0.036600
vn -0.093969 -0.030998 -0.014454
vn -0.093969 0.030998 0.014454
vn -0.050000 0.078489 0.036600
vn 0.017365 0.089254 0.041620
vn 0.076604 0.058256 0.027165
vn -0.100000 0.000000 0.000000
vn -0.076604 -0.058256 -0.027165
vn -0.017365 -0.089254 -0.041620
vn 0.050000 -0.078489 -0.036600
vn 0.093969 -0.030998 -0.014454
vn 0.093969 0.030998 0.014454
vn 0.050000 0.078489 0.036600
vn -0.017365 0.089254 0.041620
vn -0.076604 0.058256 0.027165
vn 0.093969 -0.030998 -0.014454
vn 0.100000 0.000000 0.000000
vn 0.100000 0.000000 0.000000
vn 0.093969 -0.030998 -0.014454
vn 0.100000 0.000000 0.000000
vn 0.076604 -0.058256 -0.027165
vn 0.017365 -0.089254 -0.041620
vn -0.050000 -0.078489 -0.036600
vn -0.093969 -0.030998 -0.014454
vn -0.093969 0.030998 0.014454
vn -0.050000 0.078489 0.036600
vn 0.017365 0.089254 0.041620
vn 0.076604 0.058256 0.027165
vn -0.100000 0.000000 0.000000
vn -0.076604 -0.058256 -0.027165
vn -0.017365 -0.089254 -0.041620
vn 0.050000 -0.078489 -0.036600
vn 0.093969 -0.030998 -0.014454
vn 0.093969 0.030998 0.014454
vn 0.050000 0.078489 0.036600
vn -0.017365 0.089254 0.041620
vn -0.076604 0.058256 0.027165
vn 0.093969 -0.030998 -0.014454
vn 0.100000 0.000000 0.000000
vn 0.100000 0.000000 0.000000
vn 0.093969 -0.030998 -0.014454
vn 0.100000 0.000000 0.000000
vn 0.076604 -0.058256 -0.027165
vn 0.017365 -0.089254 -0.041620
vn -0.050000 -0.078489 -0.036600
vn -0.093969 -0.030998 -0.014454
vn -0.093969 0.030998 0.014454
vn -0.050000 0.078489 0.036600
vn 0.017365 0.089254 0.041620
vn 0.076604 0.058256 0.027165
vn -0.100000 0.000000 0.000000
vn -0.076604 -0.058256 -0.027165
vn -0.017365 -0.089254 -0.041620
vn 0.050000 -0.078489 -0.036600
vn 0.093969 -0.030998 -0.014454
vn 0.093969 0.030998 0.014454
vn 0.050000 0.078489 0.036600
vn -0.017365 0.089254 0.041620
vn -0.076604 0.058256 0.027165
vn 0.093969 -0.030998 -0.014454
vn 0.100000 0.000000 0.000000
vn 0.100000 0.000000 0.000000
vn 0.093969 -0.030998 -0.014454
vn 0.000000 0.000000 0.100000
vn 0.000000 0.000000 0.100000
vn 0.000000 0.000000 0.100000
vn 0.000000 0.000000 0.100000
vn 0.000000 0.000000 0.100000
vn 0.000000 0.000000 0.100000
vn 0.000000 0.000000 0.100000
vn 0.000000 0.000000 0.100000
vn 0.000000 0.000000 0.100000
vn 0.000000 0.000000 0.100000
vn 0.000000 0.000000 0.100000
vn 0.000000 0.000000 0.100000
vn 0.000000 0.000000 0.100000
vn 0.000000 0.000000 0.100000
vn 0.000000 0.000000 0.100000
vn 0.000000 0.000000 0.100000
vn 0.000000 0.000000 0.100000
vn 0.000000 0.000000 0.100000
vn 0.000000 0.000000 0.100000
vn 0.000000 0.000000 0.100000
vn 0.000000 0.000000 0.100000
vn 0.000000 0.000000 0.100000
vn 0.000000 0.000000 0.100000
vn 0.000000 0.000000 0.100000
vn 0.000000 0.000000 0.100000
vn 0.000000 0.000000 0.100000
vn 0.000000 0.000000 0.100000
vn -0.100000 0.000000 0.000000
vn -0.080902 0.058779 0.000000
vn -0.030902 0.095106 0.000000
vn 0.030902 0.095106 0.000000
vn 0.080902 0.058779 0.000000
vn 0.100000 0.000000 0.000000
vn 0.080902 -0.058779 0.000000
vn 0.030902 -0.095106 0.000000
vn -0.030902 -0.095106 0.000000
vn -0.080902 -0.058779 0.000000
vn -0.100000 0.000000 0.000000
vn -0.080902 -0.058779 0.000000
vn -0.030902 -0.095106 0.000000
vn 0.030902 -0.095106 0.000000
vn 0.080902 -0.058779 0.000000
vn 0.100000 0.000000 0.000000
vn 0.080902 0.058779 0.000000
vn 0.030902 0.095106 0.000000
vn -0.030902 0.095106 0.000000
vn -0.080902 0.058779 0.000000
vn -0.100000 0.000000 0.000000
vn -0.100000 0.000000 0.000000
vn 0.000000 0.000000 0.100000
vn 0.000000 0.000000 0.100000
vn 0.000000 0.000000 0.100000
vn 0.000000 0.000000 0.100000
vn 0.000000 0.000000 0.100000
vn 0.000000 0.000000 0.100000
vn 0.000000 0.000000 0.100000
vn 0.000000 0.000000 0.100000
vn 0.000000 0.000000 0.100000
vn 0.000000 0.000000 0.100000
vn 0.000000 0.000000 0.100000
vn 0.000000 0.000000 0.100000
vn 0.000000 0.000000 0.100000
vn 0.000000 0.000000 0.100000
vn 0.000000 0.000000 0.100000
vn 0.000000 0.000000 0.100000
vn 0.000000 0.000000 0.100000
vn 0.000000 0.000000 0.100000
vn 0.000000 0.000000 0.100000
vn 0.000000 0.000000 0.100000
vn 0.000000 0.000000 0.100000
vn 0.000000 0.000000 0.100000
vn 0.000000 0.000000 0.100000
vn 0.000000 0.000000 0.100000
vn 0.000000 0.000000 0.100000
vn 0.000000 0.000000 0.100000
vn 0.000000 0.000000 0.100000
vn -0.100000 0.000000 0.000000
vn -0.080902 0.058779 0.000000
vn -0.030902 0.095106 0.000000
vn 0.030902 0.095106 0.000000
vn 0.080902 0.058779 0.000000
vn 0.100000 0.000000 0.000000
vn 0.080902 -0.058779 0.000000
vn 0.030902 -0.095106 0.000000
vn -0.030902 -0.095106 0.000000
vn -0.080902 -0.058779 0.000000
vn -0.100000 0.000000 0.000000
vn -0.080902 -0.058779 0.000000
vn -0.030902 -0.095106 0.000000
vn 0.030902 -0.095106 0.000000
vn 0.080902 -0.058779 0.000000
vn 0.100000 0.000000 0.000000
vn 0.080902 0.058779 0.000000
vn 0.030902 0.095106 0.000000
vn -0.030902 0.095106 0.000000
vn -0.080902 0.058779 0.000000
vn -0.100000 0.000000 0.000000
vn -0.100000 0.000000 0.000000
vn 0.000000 0.000000 0.100000
vn 0.000000 0.000000 0.100000
vn 0.000000 0.000000 0.100000
vn 0.000000 0.000000 0.100000
vn 0.000000 0.000000 0.100000
vn 0.000000 0.000000 0.100000
vn 0.000000 0.000000 0.100000
vn 0.000000 0.000000 0.100000
vn 0.000000 0.000000 0.100000
vn 0.000000 0.000000 0.100000
vn 0.000000 0.000000 0.100000
vn 0.000000 0.000000 0.100000
vn 0.000000 0.000000 0.100000
vn 0.000000 0.000000 0.100000
vn 0.000000 0.000000 0.100000
vn 0.000000 0.000000 0.100000
vn 0.000000 0.000000 0.100000
vn 0.000000 0.000000 0.100000
vn 0.000000 0.000000 0.100000
vn 0.000000 0.000000 0.100000
vn 0.000000 0.000000 0.100000
vn 0.000000 0.000000 0.100000
vn 0.000000 0.000000 0.100000
vn 0.000000 0.000000 0.100000
vn 0.000000 0.000000 0.100000
vn 0.000000 0.000000 0.100000
vn 0.000000 0.000000 0.100000
vn -0.100000 0.000000 0.000000
vn -0.080902 0.058779 0.000000
vn -0.030902 0.095106 0.000000
vn 0.030902 0.095106 0.000000
vn 0.080902 0.058779 0.000000
vn 0.100000 0.000000 0.000000
vn 0.080902 -0.058779 0.000000
vn 0.030902 -0.095106 0.000000
vn -0.030902 -0.095106 0.000000
vn -0.080902 -0.058779 0.000000
vn -0.100000 0.000000 0.000000
vn -0.080902 -0.058779 0.000000
vn -0.030902 -0.095106 0.000000
vn 0.030902 -0.095106 0.000000
vn 0.080902 -0.058779 0.000000
vn 0.100000 0.000000 0.000000
vn 0.080902 0.058779 0.000000
vn 0.030902 0.095106 0.000000
vn -0.030902 0.095106 0.000000
vn -0.080902 0.058779 0.000000
vn -0.100000 0.000000 0.000000
vn -0.100000 0.000000 0.000000
vn 0.000000 0.000000 0.100000
vn 0.000000 0.000000 0.100000
vn 0.000000 0.000000 0.100000
vn 0.000000 0.000000 0.100000
vn 0.000000 0.000000 0.100000
vn 0.000000 0.000000 0.100000
vn 0.000000 0.000000 0.100000
vn 0.000000 0.000000 0.100000
vn 0.000000 0.000000 0.100000
vn 0.000000 0.000000 0.100000
vn 0.000000 0.000000 0.100000
vn 0.000000 0.000000 0.100000
vn 0.000000 0.000000 0.100000
vn 0.000000 0.000000 0.100000
vn 0.000000 0.000000 0.100000
vn 0.000000 0.000000 0.100000
vn 0.000000 0.000000 0.100000
vn 0.000000 0.000000 0.100000
vn 0.000000 0.000000 0.100000
vn 0.000000 0.000000 0.100000
vn 0.000000 0.000000 0.100000
vn 0.000000 0.000000 0.100000
vn 0.000000 0.000000 0.100000
vn 0.000000 0.000000 0.100000
vn 0.000000 0.000000 0.100000
vn 0.000000 0.000000 0.100000
vn 0.000000 0.000000 0.100000
vn -0.100000 0.000000 0.000000
vn -0.080902 0.058779 0.000000
vn -0.030902 0.095106 0.000000
vn 0.030902 0.095106 0.000000
vn 0.080902 0.058779 0.000000
vn 0.100000 0.000000 0.000000
vn 0.080902 -0.058779 0.000000
vn 0.030902 -0.095106 0.000000
vn -0.030902 -0.095106 0.000000
vn -0.080902 -0.058779 0.000000
vn -0.100000 0.000000 0.000000
vn -0.080902 -0.058779 0.000000
vn -0.030902 -0.095106 0.000000
vn 0.030902 -0.095106 0.000000
vn 0.080902 -0.058779 0.000000
vn 0.100000 0.000000 0.000000
vn 0.080902 0.058779 0.000000
vn 0.030902 0.095106 0.000000
vn -0.030902 0.095106 0.000000
vn -0.080902 0.058779 0.000000
vn -0.100000 0.000000 0.000000
vn -0.100000 0.000000 0.000000
vn 0.000000 0.090631 0.042262
vn 0.000000 0.090631 0.042262
vn 0.000000 0.090631 0.042262
vn 0.000000 0.090631 0.042262
vn 0.000000 0.090631 0.042262
vn 0.000000 0.090631 0.042262
vn 0.000000 0.090631 0.042262
vn 0.000000 0.090631 0.042262
vn 0.000000 0.090631 0.042262
vn 0.000000 0.090631 0.042262
vn 0.000000 0.090631 0.042262
vn 0.000000 0.090631 0.042262
vn 0.000000 0.090631 0.042262
vn 0.000000 0.090631 0.042262
vn 0.000000 0.090631 0.042262
vn 0.000000 0.090631 0.042262
vn 0.000000 0.090631 0.042262
vn 0.000000 0.090631 0.042262
vn 0.000000 0.090631 0.042262
vn 0.000000 0.090631 0.042262
vn 0.000000 0.090631 0.042262
vn 0.000000 0.090631 0.042262
vn 0.000000 0.090631 0.042262
vn 0.000000 0.090631 0.042262
vn 0.000000 0.090631 0.042262
vn 0.000000 0.090631 0.042262
vn 0.000000 0.090631 0.042262
vn 0.000000 0.090631 0.042262
vn 0.000000 0.090631 0.042262
vn 0.000000 0.090631 0.042262
vn 0.000000 0.090631 0.042262
vn 0.000000 0.090631 0.042262
vn 0.000000 0.090631 0.042262
vn 0.000000 0.090631 0.042262
vn 0.000000 0.090631 0.042262
vn 0.000000 0.090631 0.042262
vn 0.000000 0.090631 0.042262
vn 0.000000 0.090631 0.042262
vn 0.000000 0.090631 0.042262
vn 0.000000 0.090631 0.042262
vn 0.000000 0.090631 0.042262
vn 0.000000 0.090631 0.042262
vn 0.000000 0.090631 0.042262
vn 0.000000 0.090631 0.042262
vn 0.000000 0.090631 0.042262
vn 0.000000 0.090631 0.042262
vn 0.000000 0.090631 0.042262
vn 0.000000 0.090631 0.042262
vn 0.000000 0.090631 0.042262
vn 0.000000 0.090631 0.042262
vn 0.000000 0.090631 0.042262
vn 0.000000 0.090631 0.042262
vn 0.000000 0.090631 0.042262
vn 0.000000 0.090631 0.042262
vn 0.000000 0.090631 0.042262
vn 0.000000 0.090631 0.042262
vn 0.000000 0.090631 0.042262
vn 0.000000 0.090631 0.042262
vn 0.000000 0.090631 0.042262
vn 0.000000 0.090631 0.042262
vn 0.000000 0.090631 0.042262
vn 0.000000 0.090631 0.042262
vn 0.000000 -0.100000 0.000000
vn 0.000000 -0.100000 0.000000
vn 0.000000 -0.100000 0.000000
vn 0.000000 -0.100000 0.000000
vn 0.000000 -0.100000 0.000000
vn -0.026774 -0.096349 0.000000
vn -0.052958 -0.084826 0.000000
vn -0.074807 -0.066361 0.000000
vn -0.090535 -0.042466 0.000000
vn -0.098854 -0.015095 0.000000
vn -0.099083 0.013511 0.000000
vn -0.091203 0.041011 0.000000
vn -0.075860 0.065156 0.000000
vn -0.054309 0.083968 0.000000
vn -0.028313 0.095908 0.000000
vn 0.000000 0.100000 0.000000
vn 0.000000 0.100000 0.000000
vn -0.030902 0.095106 0.000000
vn -0.058779 0.080902 0.000000
vn -0.080902 0.058779 0.000000
vn -0.095106 0.030902 0.000000
vn -0.100000 0.000000 0.000000
vn -0.095106 -0.030902 0.000000
vn -0.080902 -0.058779 0.000000
vn -0.058779 -0.080902 0.000000
vn -0.030902 -0.095106 0.000000
vn 0.000000 -0.100000 0.000000
vn 0.000000 0.100000 0.000000
vn 0.000000 0.100000 0.000000
vn 0.000000 0.100000 0.000000
vn 0.000000 0.100000 0.000000
vn 0.000000 0.000000 -0.100000
vn 0.000000 0.000000 -0.100000
vn 0.000000 0.000000 -0.100000
vn 0.000000 0.000000 -0.100000
vn 0.000000 0.000000 -0.100000
vn 0.000000 0.000000 -0.100000
vn 0.000000 0.000000 -0.100000
vn 0.000000 0.000000 -0.100000
vn 0.000000 0.000000 -0.100000
vn 0.000000 0.000000 -0.100000
vn 0.000000 0.000000 -0.100000
vn 0.000000 0.000000 -0.100000
vn 0.000000 0.000000 -0.100000
vn 0.000000 0.000000 -0.100000
vn 0.000000 0.000000 -0.100000
vn 0.000000 0.000000 -0.100000
vn 0.000000 0.000000 -0.100000
vn 0.000000 0.000000 -0.100000
vn 0.000000 0.000000 -0.100000
vn 0.000000 0.000000 -0.100000
vn 0.000000 0.000000 -0.100000
vn 0.000000 0.000000 -0.100000
vn 0.000000 0.000000 -0.100000
vn -0.100000 0.000000 0.000000
vn -0.100000 0.000000 0.000000
vn -0.100000 0.000000 0.000000
vn -0.100000 0.000000 0.000000
vn -0.100000 0.000000 0.000000
vn -0.100000 0.000000 0.000000
vn -0.100000 0.000000 0.000000
vn -0.100000 0.000000 0.000000
vn -0.100000 0.000000 0.000000
vn -0.100000 0.000000 0.000000
vn -0.100000 0.000000 0.000000
vn -0.100000 0.000000 0.000000
vn -0.100000 0.000000 0.000000
vn -0.100000 0.000000 0.000000
vn -0.100000 0.000000 0.000000
vn -0.100000 0.000000 0.000000
vn -0.100000 0.000000 0.000000
vn -0.100000 0.000000 0.000000
vn -0.100000 0.000000 0.000000
vn -0.100000 0.000000 0.000000
vn -0.100000 0.000000 0.000000
vn 0.000000 0.042262 -0.090631
vn 0.000000 0.042262 -0.090631
vn 0.000000 0.042262 -0.090631
vn 0.000000 0.042262 -0.090631
vn 0.000000 0.042262 -0.090631
vn 0.000000 0.042262 -0.090631
vn 0.000000 0.042262 -0.090631
vn 0.000000 0.042262 -0.090631
vn 0.000000 0.042262 -0.090631
vn 0.000000 0.042262 -0.090631
vn 0.000000 0.042262 -0.090631
vn 0.000000 0.042262 -0.090631
vn 0.000000 0.042262 -0.090631
vn 0.000000 0.042262 -0.090631
vn 0.000000 0.042262 -0.090631
vn 0.000000 0.042262 -0.090631
vn 0.000000 0.042262 -0.090631
vn 0.000000 0.042262 -0.090631
vn 0.000000 0.042262 -0.090631
vn 0.000000 0.042262 -0.090631
vn 0.000000 0.042262 -0.090631
vn 0.000000 0.042262 -0.090631
vn 0.000000 0.042262 -0.090631
vn 0.000000 0.042262 -0.090631
vn 0.000000 0.042262 -0.090631
vn 0.000000 0.042262 -0.090631
vn 0.000000 0.042262 -0.090631
vn 0.000000 0.042262 -0.090631
vn 0.000000 0.042262 -0.090631
vn 0.000000 0.042262 -0.090631
vn 0.000000 0.042262 -0.090631
vn 0.000000 0.042262 -0.090631
vn 0.000000 0.042262 -0.090631
vn 0.000000 0.042262 -0.090631
vn 0.000000 0.042262 -0.090631
vn 0.000000 0.042262 -0.090631
vn 0.000000 0.042262 -0.090631
vn 0.000000 0.042262 -0.090631
vn 0.000000 0.042262 -0.090631
vn 0.000000 0.042262 -0.090631
vn 0.000000 0.042262 -0.090631
vn 0.000000 0.042262 -0.090631
vn 0.000000 0.042262 -0.090631
vn 0.000000 0.042262 -0.090631
vn 0.000000 0.042262 -0.090631
vn 0.000000 0.042262 -0.090631
vn 0.000000 0.042262 -0.090631
vn 0.000000 0.042262 -0.090631
vn 0.000000 0.042262 -0.090631
vn 0.000000 0.042262 -0.090631
vn 0.000000 0.042262 -0.090631
vn 0.000000 0.042262 -0.090631
vn 0.000000 0.042262 -0.090631
vn 0.000000 0.042262 -0.090631
vn 0.000000 0.042262 -0.090631
vn 0.000000 0.042262 -0.090631
vn 0.000000 0.042262 -0.090631
vn 0.000000 0.042262 -0.090631
vn 0.000000 0.042262 -0.090631
vn 0.000000 0.042262 -0.090631
vn 0.000000 0.042262 -0.090631
vn 0.000000 0.042262 -0.090631
vn 0.000000 0.042262 -0.090631
vn 0.000000 0.042262 -0.090631
vn 0.000000 0.042262 -0.090631
vn 0.000000 0.042262 -0.090631
vn 0.000000 0.042262 -0.090631
vn 0.000000 0.042262 -0.090631
vn 0.000000 0.042262 -0.090631
vn 0.000000 0.042262 -0.090631
vn 0.000000 0.042262 -0.090631
vn 0.000000 0.042262 -0.090631
vn 0.000000 0.042262 -0.090631
vn 0.000000 0.042262 -0.090631
vn 0.000000 0.042262 -0.090631
vn 0.000000 0.042262 -0.090631
vn 0.000000 0.042262 -0.090631
vn 0.000000 0.042262 -0.090631
vn 0.000000 0.042262 -0.090631
vn 0.000000 0.042262 -0.090631
vn 0.000000 0.042262 -0.090631
vn 0.000000 0.042262 -0.090631
vn 0.000000 0.042262 -0.090631
vn 0.000000 0.042262 -0.090631
vn 0.000000 0.042262 -0.090631
vn 0.000000 0.042262 -0.090631
vn 0.000000 0.042262 -0.090631
vn 0.000000 0.042262 -0.090631
vn 0.000000 0.042262 -0.090631
vn 0.000000 0.042262 -0.090631
vn 0.000000 0.042262 -0.090631
vn 0.000000 0.042262 -0.090631
vn 0.000000 0.042262 -0.090631
vn 0.000000 0.042262 -0.090631
vn 0.000000 0.042262 -0.090631
vn 0.000000 0.042262 -0.090631
vn 0.000000 0.042262 -0.090631
vn 0.000000 0.042262 -0.090631
vn 0.000000 0.042262 -0.090631
vn 0.000000 0.042262 -0.090631
vn 0.000000 0.042262 -0.090631
vn 0.000000 0.042262 -0.090631
vn 0.000000 0.042262 -0.090631
vn 0.000000 0.042262 -0.090631
vn 0.000000 0.042262 -0.090631
vn 0.000000 0.042262 -0.090631
vn 0.000000 0.042262 -0.090631
vn 0.000000 0.042262 -0.090631
vn 0.000000 0.042262 -0.090631
vn 0.000000 0.042262 -0.090631
vn 0.000000 0.042262 -0.090631
vn 0.000000 0.042262 -0.090631
vn 0.000000 0.042262 -0.090631
vn 0.000000 0.042262 -0.090631
vn 0.000000 0.042262 -0.090631
vn 0.000000 0.042262 -0.090631
vn 0.000000 0.042262 -0.090631
vn 0.000000 0.042262 -0.090631
vn 0.000000 -0.100000 0.000000
vn 0.000000 -0.100000 0.000000
vn 0.000000 -0.100000 0.000000
vn 0.000000 -0.100000 0.000000
vn 0.000000 -0.100000 0.000000
vn -0.021864 -0.097581 0.000000
vn -0.042369 -0.090581 0.000000
vn -0.059505 -0.080369 0.000000
vn -0.070927 -0.070494 0.000000
vn -0.080491 -0.059339 0.000000
vn -0.088318 -0.046903 0.000000
vn -0.098123 -0.019284 0.000000
vn -0.099500 0.009992 0.000000
vn -0.092329 0.038410 0.000000
vn -0.085704 0.051525 0.000000
vn -0.077228 0.063528 0.000000
vn -0.067085 0.074159 0.000000
vn -0.055493 0.083189 0.000000
vn -0.042704 0.090423 0.000000
vn -0.028992 0.095705 0.000000
vn -0.014654 0.098920 0.000000
vn 0.000000 0.100000 0.000000
vn 0.000000 0.100000 0.000000
vn -0.030902 0.095106 0.000000
vn -0.058779 0.080902 0.000000
vn -0.080902 0.058779 0.000000
vn -0.095106 0.030902 0.000000
vn -0.100000 0.000000 0.000000
vn -0.095106 -0.030902 0.000000
vn -0.080902 -0.058779 0.000000
vn -0.058779 -0.080902 0.000000
vn -0.030902 -0.095106 0.000000
vn 0.000000 -0.100000 0.000000
vn 0.000000 0.100000 0.000000
vn 0.000000 0.100000 0.000000
vn 0.000000 0.100000 0.000000
vn 0.000000 0.100000 0.000000
vn 0.000000 0.000000 -0.100000
vn 0.000000 0.000000 -0.100000
vn 0.000000 0.000000 -0.100000
vn 0.000000 0.000000 -0.100000
vn 0.000000 0.000000 -0.100000
vn 0.000000 0.000000 -0.100000
vn 0.000000 0.000000 -0.100000
vn 0.000000 0.000000 -0.100000
vn 0.000000 0.000000 -0.100000
vn 0.000000 0.000000 -0.100000
vn 0.000000 0.000000 -0.100000
vn 0.000000 0.000000 -0.100000
vn 0.000000 0.000000 -0.100000
vn 0.000000 0.000000 -0.100000
vn 0.000000 0.000000 -0.100000
vn 0.000000 0.000000 -0.100000
vn 0.000000 0.000000 -0.100000
vn 0.000000 0.000000 -0.100000
vn 0.000000 0.000000 -0.100000
vn 0.000000 0.000000 -0.100000
vn 0.000000 0.000000 -0.100000
vn 0.000000 0.000000 -0.100000
vn 0.000000 0.000000 -0.100000
vn 0.000000 -0.090631 -0.042262
vn 0.000000 -0.090631 -0.042262
vn 0.000000 -0.090631 -0.042262
vn 0.000000 -0.090631 -0.042262
vn 0.000000 -0.090631 -0.042262
vn 0.000000 -0.090631 -0.042262
vn 0.000000 -0.090631 -0.042262
vn 0.000000 -0.090631 -0.042262
vn 0.000000 -0.090631 -0.042262
vn 0.000000 -0.090631 -0.042262
vn 0.000000 -0.090631 -0.042262
vn 0.000000 -0.090631 -0.042262
vn 0.000000 -0.090631 -0.042262
vn 0.000000 -0.090631 -0.042262
vn 0.000000 -0.090631 -0.042262
vn 0.000000 -0.090631 -0.042262
vn 0.000000 -0.090631 -0.042262
vn 0.000000 -0.090631 -0.042262
vn 0.000000 -0.090631 -0.042262
vn 0.000000 -0.090631 -0.042262
vn 0.000000 -0.090631 -0.042262
vn 0.000000 -0.090631 -0.042262
vn 0.000000 -0.090631 -0.042262
vn 0.000000 -0.090631 -0.042262
vn 0.000000 -0.090631 -0.042262
vn 0.000000 -0.090631 -0.042262
vn 0.000000 -0.090631 -0.042262
vn 0.000000 -0.090631 -0.042262
vn 0.000000 -0.090631 -0.042262
vn 0.000000 -0.090631 -0.042262
vn 0.000000 -0.090631 -0.042262
vn 0.000000 -0.090631 -0.042262
vn 0.000000 -0.090631 -0.042262
vn 0.000000 -0.075823 -0.065199
vn 0.000000 -0.060503 -0.079620
vn 0.000000 -0.050001 -0.086602
vn 0.000000 -0.046371 -0.088598
vn 0.000000 -0.046371 -0.088598
vn 0.000000 -0.017510 -0.098455
vn 0.000000 0.012979 -0.099154
vn 0.000000 0.042262 -0.090631
vn 0.000000 0.042262 -0.090631
vn 0.000000 0.012979 -0.099154
vn 0.000000 -0.017510 -0.098455
vn 0.000000 -0.046371 -0.088598
vn 0.000000 -0.046371 -0.088598
vn 0.000000 -0.050001 -0.086602
vn 0.000000 -0.060503 -0.079620
vn 0.000000 -0.075823 -0.065199
vn 0.000000 -0.090631 -0.042262
vn 0.070927 -0.070494 0.000000
vn 0.059505 -0.080369 0.000000
vn 0.042369 -0.090581 0.000000
vn 0.021864 -0.097581 0.000000
vn 0.000000 -0.100000 0.000000
vn 0.000000 -0.100000 0.000000
vn 0.030902 -0.095106 0.000000
vn 0.058779 -0.080902 0.000000
vn 0.080902 -0.058779 0.000000
vn 0.095106 -0.030902 0.000000
vn 0.100000 0.000000 0.000000
vn 0.095106 0.030902 0.000000
vn 0.080902 0.058779 0.000000
vn 0.058779 0.080902 0.000000
vn 0.030902 0.095106 0.000000
vn 0.000000 0.100000 0.000000
vn 0.000000 0.100000 0.000000
vn 0.014654 0.098920 0.000000
vn 0.028992 0.095705 0.000000
vn 0.042704 0.090423 0.000000
vn 0.055493 0.083189 0.000000
vn 0.067085 0.074159 0.000000
vn 0.077228 0.063528 0.000000
vn 0.085704 0.051525 0.000000
vn 0.092329 0.038410 0.000000
vn 0.099500 0.009992 0.000000
vn 0.098123 -0.019284 0.000000
vn 0.088318 -0.046903 0.000000
vn 0.080491 -0.059339 0.000000
vn 0.000000 0.100000 0.000000
vn 0.000000 0.100000 0.000000
vn 0.000000 0.100000 0.000000
vn 0.000000 0.100000 0.000000
vn 0.000000 -0.100000 0.000000
vn 0.000000 -0.100000 0.000000
vn 0.000000 -0.100000 0.000000
vn 0.000000 -0.100000 0.000000
vn 0.000000 0.000000 -0.100000
vn 0.000000 0.000000 -0.100000
vn 0.000000 0.000000 -0.100000
vn 0.000000 0.000000 -0.100000
vn 0.000000 0.000000 -0.100000
vn 0.000000 0.000000 -0.100000
vn 0.000000 0.000000 -0.100000
vn 0.000000 0.000000 -0.100000
vn 0.000000 0.000000 -0.100000
vn 0.000000 0.000000 -0.100000
vn 0.000000 0.000000 -0.100000
vn 0.000000 0.000000 -0.100000
vn 0.000000 0.000000 -0.100000
vn 0.000000 0.000000 -0.100000
vn 0.000000 0.000000 -0.100000
vn 0.000000 0.000000 -0.100000
vn 0.000000 0.000000 -0.100000
vn 0.000000 0.000000 -0.100000
vn 0.000000 0.000000 -0.100000
vn 0.000000 0.000000 -0.100000
vn 0.000000 0.000000 -0.100000
vn 0.000000 0.000000 -0.100000
vn 0.000000 0.000000 -0.100000
vn 0.100000 0.000000 0.000000
vn 0.100000 0.000000 0.000000
vn 0.100000 0.000000 0.000000
vn 0.100000 0.000000 0.000000
vn 0.100000 0.000000 0.000000
vn 0.100000 0.000000 0.000000
vn 0.100000 0.000000 0.000000
vn 0.100000 0.000000 0.000000
vn 0.100000 0.000000 0.000000
vn 0.100000 0.000000 0.000000
vn 0.100000 0.000000 0.000000
vn 0.100000 0.000000 0.000000
vn 0.100000 0.000000 0.000000
vn 0.100000 0.000000 0.000000
vn 0.100000 0.000000 0.000000
vn 0.100000 0.000000 0.000000
vn 0.100000 0.000000 0.000000
vn 0.100000 0.000000 0.000000
vn 0.100000 0.000000 0.000000
vn 0.100000 0.000000 0.000000
vn 0.100000 0.000000 0.000000
vn 0.026774 -0.096349 0.000000
vn 0.000000 -0.100000 0.000000
vn 0.000000 -0.100000 0.000000
vn 0.030902 -0.095106 0.000000
vn 0.058779 -0.080902 0.000000
vn 0.080902 -0.058779 0.000000
vn 0.095106 -0.030902 0.000000
vn 0.100000 0.000000 0.000000
vn 0.095106 0.030902 0.000000
vn 0.080902 0.058779 0.000000
vn 0.058779 0.080902 0.000000
vn 0.030902 0.095106 0.000000
vn 0.000000 0.100000 0.000000
vn 0.000000 0.100000 0.000000
vn 0.028313 0.095908 0.000000
vn 0.054309 0.083968 0.000000
vn 0.075860 0.065156 0.000000
vn 0.091203 0.041011 0.000000
vn 0.099083 0.013511 0.000000
vn 0.098854 -0.015095 0.000000
vn 0.090535 -0.042466 0.000000
vn 0.074807 -0.066361 0.000000
vn 0.052958 -0.084826 0.000000
vn 0.000000 -0.100000 0.000000
vn 0.000000 -0.100000 0.000000
vn 0.000000 -0.100000 0.000000
vn 0.000000 -0.100000 0.000000
vn 0.000000 0.100000 0.000000
vn 0.000000 0.100000 0.000000
vn 0.000000 0.100000 0.000000
vn 0.000000 0.100000 0.000000
vn 0.000000 0.000000 -0.100000
vn 0.000000 0.000000 -0.100000
vn 0.000000 0.000000 -0.100000
vn 0.000000 0.000000 -0.100000
vn 0.000000 0.000000 -0.100000
vn 0.000000 0.000000 -0.100000
vn 0.000000 0.000000 -0.100000
vn 0.000000 0.000000 -0.100000
vn 0.000000 0.000000 -0.100000
vn 0.000000 0.000000 -0.100000
vn 0.000000 0.000000 -0.100000
vn 0.000000 0.000000 -0.100000
vn 0.000000 0.000000 -0.100000
vn 0.000000 0.000000 -0.100000
vn 0.000000 0.000000 -0.100000
vn 0.000000 0.000000 -0.100000
vn 0.000000 0.000000 -0.100000
vn 0.000000 0.000000 -0.100000
vn 0.000000 0.000000 -0.100000
vn 0.000000 0.000000 -0.100000
vn 0.000000 0.000000 -0.100000
vn 0.000000 0.000000 -0.100000
vn 0.000000 0.000000 -0.100000
vn 0.000000 -0.100000 0.000000
vn 0.000000 -0.100000 0.000000
vn 0.000000 -0.100000 0.000000
vn 0.000000 -0.100000 0.000000
vn -0.100000 0.000000 0.000000
vn -0.100000 0.000000 0.000000
vn -0.100000 0.000000 0.000000
vn -0.100000 0.000000 0.000000
vn 0.100000 0.000000 0.000000
vn 0.100000 0.000000 0.000000
vn 0.100000 0.000000 0.000000
vn 0.100000 0.000000 0.000000
vn 0.000000 0.000000 -0.100000
vn 0.000000 0.000000 -0.100000
vn 0.000000 0.000000 -0.100000
vn 0.000000 0.000000 -0.100000
vn 0.000000 0.000000 -0.100000
vn 0.000000 0.000000 -0.100000
vn 0.000000 -0.100000 0.000000
vn 0.000000 -0.100000 0.000000
vn 0.000000 -0.100000 0.000000
vn 0.000000 -0.100000 0.000000
vn 0.000000 -0.100000 0.000000
vn 0.000000 -0.100000 0.000000
vn 0.000000 -0.100000 0.000000
vn 0.000000 -0.100000 0.000000
vn 0.000000 -0.100000 0.000000
vn 0.000000 -0.100000 0.000000
vn 0.000000 -0.100000 0.000000
vn 0.000000 -0.100000 0.000000
vn 0.000000 -0.100000 0.000000
vn 0.000000 -0.100000 0.000000
vn 0.000000 -0.100000 0.000000
vn 0.000000 -0.100000 0.000000
vn 0.000000 -0.100000 0.000000
vn -0.100000 0.000000 0.000000
vn -0.086603 -0.050000 0.000000
vn -0.050000 -0.086603 0.000000
vn 0.000000 -0.100000 0.000000
vn 0.000000 -0.100000 0.000000
vn -0.050000 -0.086603 0.000000
vn -0.086603 -0.050000 0.000000
vn -0.100000 0.000000 0.000000
vn -0.100000 0.000000 0.000000
vn -0.100000 0.000000 0.000000
vn -0.100000 0.000000 0.000000
vn -0.100000 0.000000 0.000000
vn 0.000000 0.100000 0.000000
vn -0.050000 0.086603 0.000000
vn -0.086603 0.050000 0.000000
vn -0.100000 0.000000 0.000000
vn -0.100000 0.000000 0.000000
vn -0.086603 0.050000 0.000000
vn -0.050000 0.086603 0.000000
vn 0.000000 0.100000 0.000000
vn 0.000000 0.100000 0.000000
vn 0.000000 0.100000 0.000000
vn 0.000000 0.100000 0.000000
vn 0.000000 0.100000 0.000000
vn 0.000000 -0.100000 0.000000
vn 0.050000 -0.086603 0.000000
vn 0.086603 -0.050000 0.000000
vn 0.100000 0.000000 0.000000
vn 0.100000 0.000000 0.000000
vn 0.086603 -0.050000 0.000000
vn 0.050000 -0.086603 0.000000
vn 0.000000 -0.100000 0.000000
vn 0.000000 -0.100000 0.000000
vn 0.000000 -0.100000 0.000000
vn 0.000000 -0.100000 0.000000
vn 0.000000 -0.100000 0.000000
vn 0.100000 0.000000 0.000000
vn 0.086603 0.050000 0.000000
vn 0.050000 0.086603 0.000000
vn 0.000000 0.100000 0.000000
vn 0.000000 0.100000 0.000000
vn 0.050000 0.086603 0.000000
vn 0.086603 0.050000 0.000000
vn 0.100000 0.000000 0.000000
vn 0.100000 0.000000 0.000000
vn 0.100000 0.000000 0.000000
vn 0.100000 0.000000 0.000000
vn 0.100000 0.000000 0.000000
vn 0.100000 0.000000 0.000000
vn 0.100000 0.000000 0.000000
vn 0.100000 0.000000 0.000000
vn 0.100000 0.000000 0.000000
vn 0.000000 -0.100000 0.000000
vn 0.000000 -0.100000 0.000000
vn 0.000000 -0.100000 0.000000
vn 0.000000 -0.100000 0.000000
vn -0.100000 0.000000 0.000000
vn -0.100000 0.000000 0.000000
vn -0.100000 0.000000 0.000000
vn -0.100000 0.000000 0.000000
vn 0.000000 0.000000 -0.100000
vn 0.000000 0.000000 -0.100000
vn 0.000000 0.000000 -0.100000
vn 0.000000 0.000000 -0.100000
vn 0.000000 0.000000 -0.100000
vn 0.000000 0.000000 -0.100000
vn 0.000000 0.000000 -0.100000
vn 0.000000 0.000000 -0.100000
vn 0.000000 0.000000 -0.100000
vn 0.000000 0.000000 -0.100000
vn 0.000000 0.000000 -0.100000
vn 0.000000 0.000000 -0.100000
vn 0.000000 0.000000 -0.100000
vn 0.000000 0.000000 -0.100000
vn 0.000000 0.000000 -0.100000
vn 0.000000 0.000000 -0.100000
vn 0.000000 0.000000 -0.100000
vn 0.000000 0.000000 -0.100000
vn 0.000000 0.000000 -0.100000
vn 0.000000 0.000000 -0.100000
vn 0.000000 0.000000 -0.100000
vn 0.000000 0.000000 -0.100000
vn 0.000000 0.000000 -0.100000
vn 0.000000 0.000000 -0.100000
vn 0.000000 0.000000 -0.100000
vn 0.000000 0.000000 -0.100000
vn 0.000000 0.000000 -0.100000
vn 0.000000 0.000000 -0.100000
vn 0.000000 0.000000 -0.100000
vn 0.000000 0.000000 -0.100000
vn 0.100000 0.000000 0.000000
vn 0.088546 -0.042118 -0.019640
vn 0.056806 -0.074588 -0.034781
vn 0.012054 -0.089970 -0.041954
vn -0.035460 -0.084741 -0.039515
vn -0.074851 -0.060099 -0.028025
vn -0.097094 -0.021689 -0.010114
vn -0.097094 0.021689 0.010114
vn -0.074851 0.060099 0.028025
vn -0.035460 0.084741 0.039515
vn 0.012054 0.089970 0.041954
vn 0.056806 0.074588 0.034781
vn 0.088546 0.042118 0.019640
vn -0.100000 0.000000 0.000000
vn -0.088546 -0.042118 -0.019640
vn -0.056806 -0.074588 -0.034781
vn -0.012054 -0.089970 -0.041954
vn 0.035460 -0.084741 -0.039515
vn 0.074851 -0.060099 -0.028025
vn 0.097094 -0.021689 -0.010114
vn 0.097094 0.021689 0.010114
vn 0.074851 0.060099 0.028025
vn 0.035460 0.084741 0.039515
vn -0.012054 0.089970 0.041954
vn -0.056806 0.074588 0.034781
vn -0.088546 0.042118 0.019640
vn 0.097094 -0.021689 -0.010114
vn 0.100000 0.000000 0.000000
vn 0.100000 0.000000 0.000000
vn 0.097094 -0.021689 -0.010114
vn 0.100000 0.000000 0.000000
vn 0.088546 -0.042118 -0.019640
vn 0.056806 -0.074588 -0.034781
vn 0.012054 -0.089970 -0.041954
vn -0.035460 -0.084741 -0.039515
vn -0.074851 -0.060099 -0.028025
vn -0.097094 -0.021689 -0.010114
vn -0.097094 0.021689 0.010114
vn -0.074851 0.060099 0.028025
vn -0.035460 0.084741 0.039515
vn 0.012054 0.089970 0.041954
vn 0.056806 0.074588 0.034781
vn 0.088546 0.042118 0.019640
vn -0.100000 0.000000 0.000000
vn -0.088546 -0.042118 -0.019640
vn -0.056806 -0.074588 -0.034781
vn -0.012054 -0.089970 -0.041954
vn 0.035460 -0.084741 -0.039515
vn 0.074851 -0.060099 -0.028025
vn 0.097094 -0.021689 -0.010114
vn 0.097094 0.021689 0.010114
vn 0.074851 0.060099 0.028025
vn 0.035460 0.084741 0.039515
vn -0.012054 0.089970 0.041954
vn -0.056806 0.074588 0.034781
vn -0.088546 0.042118 0.019640
vn 0.097094 -0.021689 -0.010114
vn 0.100000 0.000000 0.000000
vn 0.100000 0.000000 0.000000
vn 0.097094 -0.021689 -0.010114
vn 0.100000 0.000000 0.000000
vn 0.093247 -0.032740 -0.015267
vn 0.073901 -0.061058 -0.028472
vn 0.044574 -0.081129 -0.037831
vn 0.009227 -0.090244 -0.042082
vn -0.027366 -0.087171 -0.040649
vn -0.060263 -0.072325 -0.033726
vn -0.085022 -0.047711 -0.022248
vn -0.098297 -0.016653 -0.007766
vn -0.098297 0.016653 0.007766
vn -0.085022 0.047711 0.022248
vn -0.060263 0.072325 0.033726
vn -0.027366 0.087171 0.040649
vn 0.009227 0.090244 0.042082
vn 0.044574 0.081129 0.037831
vn 0.073901 0.061058 0.028472
vn 0.093247 0.032740 0.015267
vn -0.100000 0.000000 0.000000
vn -0.093247 -0.032740 -0.015267
vn -0.073901 -0.061058 -0.028472
vn -0.044574 -0.081129 -0.037831
vn -0.009227 -0.090244 -0.042082
vn 0.027366 -0.087171 -0.040649
vn 0.060263 -0.072325 -0.033726
vn 0.085022 -0.047711 -0.022248
vn 0.098297 -0.016653 -0.007766
vn 0.098297 0.016653 0.007766
vn 0.085022 0.047711 0.022248
vn 0.060263 0.072325 0.033726
vn 0.027366 0.087171 0.040649
vn -0.009227 0.090244 0.042082
vn -0.044574 0.081129 0.037831
vn -0.073901 0.061058 0.028472
vn -0.093247 0.032740 0.015267
vn 0.098297 -0.016653 -0.007766
vn 0.100000 0.000000 0.000000
vn 0.100000 0.000000 0.000000
vn 0.098297 -0.016653 -0.007766
vn 0.000000 -0.100000 0.000000
vn 0.050000 -0.086603 0.000000
vn 0.086603 -0.050000 0.000000
vn 0.100000 0.000000 0.000000
vn 0.100000 0.000000 0.000000
vn 0.086603 -0.050000 0.000000
vn 0.050000 -0.086603 0.000000
vn 0.000000 -0.100000 0.000000
vn 0.100000 0.000000 0.000000
vn 0.086603 -0.021131 0.045315
vn 0.050000 -0.036600 0.078489
vn 0.000000 -0.042262 0.090631
vn 0.000000 -0.065935 0.075184
vn 0.000000 -0.084339 0.053730
vn 0.000000 -0.096005 0.027983
vn 0.000000 -0.100000 0.000000
vn 0.050000 -0.086603 0.000000
vn 0.086603 -0.050000 0.000000
vn 0.100000 0.000000 0.000000
vn 0.100000 0.000000 0.000000
vn 0.100000 0.000000 0.000000
vn 0.100000 0.000000 0.000000
vn 0.050000 -0.057101 0.065111
vn 0.086603 -0.032967 0.037592
vn 0.050000 -0.073040 0.046532
vn 0.086603 -0.042170 0.026865
vn 0.050000 -0.083143 0.024234
vn 0.086603 -0.048002 0.013991
vn 0.100000 0.000000 0.000000
vn 0.086603 -0.021131 0.045315
vn 0.050000 -0.036600 0.078489
vn 0.000000 -0.042262 0.090631
vn 0.000000 -0.042262 0.090631
vn 0.050000 -0.036600 0.078489
vn 0.086603 -0.021131 0.045315
vn 0.100000 0.000000 0.000000
vn 0.100000 0.000000 0.000000
vn 0.086603 0.045315 0.021131
vn 0.050000 0.078489 0.036600
vn 0.000000 0.090631 0.042262
vn 0.000000 0.067559 0.073728
vn 0.000000 0.034202 0.093969
vn 0.000000 -0.004362 0.099905
vn 0.000000 -0.042262 0.090631
vn 0.050000 -0.036600 0.078489
vn 0.086603 -0.021131 0.045315
vn 0.100000 0.000000 0.000000
vn 0.100000 0.000000 0.000000
vn 0.100000 0.000000 0.000000
vn 0.100000 0.000000 0.000000
vn 0.050000 0.058508 0.063850
vn 0.086603 0.033780 0.036864
vn 0.050000 0.029620 0.081380
vn 0.086603 0.017101 0.046985
vn 0.050000 -0.003778 0.086520
vn 0.086603 -0.002181 0.049952
vn 0.100000 0.000000 0.000000
vn 0.086603 0.045315 0.021131
vn 0.050000 0.078489 0.036600
vn 0.000000 0.090631 0.042262
vn 0.000000 0.090631 0.042262
vn 0.050000 0.078489 0.036600
vn 0.086603 0.045315 0.021131
vn 0.100000 0.000000 0.000000
vn 0.100000 0.000000 0.000000
vn 0.086603 0.050000 0.000000
vn 0.050000 0.086603 0.000000
vn 0.000000 0.100000 0.000000
vn 0.000000 0.098944 0.014493
vn 0.000000 0.095799 0.028680
vn 0.000000 0.090631 0.042262
vn 0.050000 0.078489 0.036600
vn 0.086603 0.045315 0.021131
vn 0.100000 0.000000 0.000000
vn 0.100000 0.000000 0.000000
vn 0.100000 0.000000 0.000000
vn 0.050000 0.084550 0.018744
vn 0.086603 0.048815 0.010822
vn 0.100000 0.000000 0.000000
vn 0.086603 0.050000 0.000000
vn 0.050000 0.086603 0.000000
vn 0.000000 0.100000 0.000000
vn 0.000000 0.100000 0.000000
vn 0.050000 0.086603 0.000000
vn 0.086603 0.050000 0.000000
vn 0.100000 0.000000 0.000000
vn 0.100000 0.000000 0.000000
vn 0.100000 0.000000 0.000000
vn 0.100000 0.000000 0.000000
vn 0.100000 0.000000 0.000000
vn 0.100000 0.000000 0.000000
vn 0.100000 0.000000 0.000000
vn 0.100000 0.000000 0.000000
vn 0.100000 0.000000 0.000000
vn 0.100000 0.000000 0.000000
vn 0.100000 0.000000 0.000000
vn 0.100000 0.000000 0.000000
vn 0.100000 0.000000 0.000000
vn 0.100000 0.000000 0.000000
vn 0.100000 0.000000 0.000000
vn 0.100000 0.000000 0.000000
vn 0.100000 0.000000 0.000000
vn 0.000000 -0.100000 0.000000
vn 0.000000 -0.100000 0.000000
vn 0.000000 -0.100000 0.000000
vn 0.000000 -0.100000 0.000000
vn 0.000000 0.100000 0.000000
vn -0.050000 0.086603 0.000000
vn -0.086603 0.050000 0.000000
vn -0.100000 0.000000 0.000000
vn -0.100000 0.000000 0.000000
vn -0.086603 0.050000 0.000000
vn -0.050000 0.086603 0.000000
vn 0.000000 0.100000 0.000000
vn -0.100000 0.000000 0.000000
vn -0.086603 0.045315 0.021131
vn -0.050000 0.078489 0.036600
vn 0.000000 0.090631 0.042262
vn 0.000000 0.095799 0.028680
vn 0.000000 0.098944 0.014493
vn 0.000000 0.100000 0.000000
vn -0.050000 0.086603 0.000000
vn -0.086603 0.050000 0.000000
vn -0.100000 0.000000 0.000000
vn -0.100000 0.000000 0.000000
vn -0.100000 0.000000 0.000000
vn -0.050000 0.084550 0.018744
vn -0.086603 0.048815 0.010822
vn -0.100000 0.000000 0.000000
vn -0.086603 0.045315 0.021131
vn -0.050000 0.078489 0.036600
vn 0.000000 0.090631 0.042262
vn 0.000000 0.090631 0.042262
vn -0.050000 0.078489 0.036600
vn -0.086603 0.045315 0.021131
vn -0.100000 0.000000 0.000000
vn -0.100000 0.000000 0.000000
vn -0.086603 -0.021131 0.045315
vn -0.050000 -0.036600 0.078489
vn 0.000000 -0.042262 0.090631
vn 0.000000 -0.004362 0.099905
vn 0.000000 0.034202 0.093969
vn 0.000000 0.067559 0.073728
vn 0.000000 0.090631 0.042262
vn -0.050000 0.078489 0.036600
vn -0.086603 0.045315 0.021131
vn -0.100000 0.000000 0.000000
vn -0.100000 0.000000 0.000000
vn -0.100000 0.000000 0.000000
vn -0.100000 0.000000 0.000000
vn -0.050000 -0.003778 0.086520
vn -0.086603 -0.002181 0.049952
vn -0.050000 0.029620 0.081380
vn -0.086603 0.017101 0.046985
vn -0.050000 0.058508 0.063850
vn -0.086603 0.033780 0.036864
vn -0.100000 0.000000 0.000000
vn -0.086603 -0.021131 0.045315
vn -0.050000 -0.036600 0.078489
vn 0.000000 -0.042262 0.090631
vn 0.000000 -0.042262 0.090631
vn -0.050000 -0.036600 0.078489
vn -0.086603 -0.021131 0.045315
vn -0.100000 0.000000 0.000000
vn -0.100000 0.000000 0.000000
vn -0.086603 -0.050000 0.000000
vn -0.050000 -0.086603 0.000000
vn 0.000000 -0.100000 0.000000
vn 0.000000 -0.096005 0.027983
vn 0.000000 -0.084339 0.053730
vn 0.000000 -0.065935 0.075184
vn 0.000000 -0.042262 0.090631
vn -0.050000 -0.036600 0.078489
vn -0.086603 -0.021131 0.045315
vn -0.100000 0.000000 0.000000
vn -0.100000 0.000000 0.000000
vn -0.100000 0.000000 0.000000
vn -0.100000 0.000000 0.000000
vn -0.050000 -0.083143 0.024234
vn -0.086603 -0.048002 0.013991
vn -0.050000 -0.073040 0.046532
vn -0.086603 -0.042170 0.026865
vn -0.050000 -0.057101 0.065111
vn -0.086603 -0.032967 0.037592
vn -0.100000 0.000000 0.000000
vn -0.086603 -0.050000 0.000000
vn -0.050000 -0.086603 0.000000
vn 0.000000 -0.100000 0.000000
vn 0.000000 -0.100000 0.000000
vn -0.050000 -0.086603 0.000000
vn -0.086603 -0.050000 0.000000
vn -0.100000 0.000000 0.000000
vn -0.100000 0.000000 0.000000
vn -0.100000 0.000000 0.000000
vn -0.100000 0.000000 0.000000
vn -0.100000 0.000000 0.000000
vn -0.100000 0.000000 0.000000
vn -0.100000 0.000000 0.000000
vn -0.100000 0.000000 0.000000
vn -0.100000 0.000000 0.000000
vn -0.100000 0.000000 0.000000
vn -0.100000 0.000000 0.000000
vn -0.100000 0.000000 0.000000
vn -0.100000 0.000000 0.000000
vn -0.100000 0.000000 0.000000
vn -0.100000 0.000000 0.000000
vn -0.100000 0.000000 0.000000
vn -0.100000 0.000000 0.000000
vn 0.000000 0.100000 0.000000
vn 0.000000 0.100000 0.000000
vn 0.000000 0.100000 0.000000
vn 0.000000 0.100000 0.000000
vn 0.000000 0.100000 0.000000
vn 0.000000 0.100000 0.000000
vn 0.000000 0.100000 0.000000
vn 0.000000 0.100000 0.000000
vn 0.000000 0.100000 0.000000
vn 0.000000 0.100000 0.000000
vn 0.000000 0.100000 0.000000
vn 0.000000 0.100000 0.000000
vn 0.000000 0.100000 0.000000
vn 0.000000 0.100000 0.000000
vn 0.000000 0.100000 0.000000
vn 0.000000 0.100000 0.000000
vn 0.000000 0.100000 0.000000
vn 0.000000 0.100000 0.000000
vn 0.000000 0.100000 0.000000
vn 0.000000 0.100000 0.000000
vn 0.000000 0.100000 0.000000
vn 0.000000 0.100000 0.000000
vn 0.000000 0.100000 0.000000
vn 0.000000 0.100000 0.000000
vn 0.000000 0.000000 -0.100000
vn 0.038268 0.000000 -0.092388
vn 0.070711 0.000000 -0.070711
vn 0.092388 0.000000 -0.038268
vn 0.100000 0.000000 0.000000
vn 0.100000 0.000000 0.000000
vn 0.092388 0.000000 -0.038268
vn 0.070711 0.000000 -0.070711
vn 0.038268 0.000000 -0.092388
vn 0.000000 0.000000 -0.100000
vn 0.000000 0.000000 -0.100000
vn 0.100000 0.000000 0.000000
vn 0.100000 0.000000 0.000000
vn 0.100000 0.000000 0.000000
vn 0.100000 0.000000 0.000000
vn 0.100000 0.000000 0.000000
vn 0.092388 0.000000 -0.038268
vn 0.070711 0.000000 -0.070711
vn 0.038268 0.000000 -0.092388
vn 0.000000 0.000000 -0.100000
vn 0.000000 0.000000 -0.100000
vn 0.038268 0.000000 -0.092388
vn 0.070711 0.000000 -0.070711
vn 0.092388 0.000000 -0.038268
vn 0.100000 0.000000 0.000000
vn 0.000000 0.000000 -0.100000
vn 0.000000 0.000000 -0.100000
vn 0.000000 0.000000 -0.100000
vn 0.000000 0.000000 -0.100000
vn 0.000000 0.000000 -0.100000
vn 0.000000 0.000000 -0.100000
vn 0.000000 0.000000 -0.100000
vn 0.000000 0.000000 -0.100000
vn -0.100000 0.000000 0.000000
vn -0.092388 0.000000 -0.038268
vn -0.070711 0.000000 -0.070711
vn -0.038268 0.000000 -0.092388
vn 0.000000 0.000000 -0.100000
vn 0.000000 0.000000 -0.100000
vn 0.000000 0.000000 -0.100000
vn -0.038268 0.000000 -0.092388
vn -0.070711 0.000000 -0.070711
vn -0.092388 0.000000 -0.038268
vn -0.100000 0.000000 0.000000
vn -0.100000 0.000000 0.000000
vn -0.100000 0.000000 0.000000
vn -0.100000 0.000000 0.000000
vn -0.100000 0.000000 0.000000
vn 0.000000 0.000000 -0.100000
vn -0.038268 0.000000 -0.092388
vn -0.070711 0.000000 -0.070711
vn -0.092388 0.000000 -0.038268
vn -0.100000 0.000000 0.000000
vn -0.100000 0.000000 0.000000
vn -0.092388 0.000000 -0.038268
vn -0.070711 0.000000 -0.070711
vn -0.038268 0.000000 -0.092388
vn 0.000000 0.000000 -0.100000
vn 0.000000 0.090631 0.042262
vn 0.000000 0.095799 0.028680
vn 0.000000 0.098944 0.014493
vn 0.000000 0.100000 0.000000
vn 0.000000 0.100000 0.000000
vn 0.000000 0.098944 0.014493
vn 0.000000 0.095799 0.028680
vn 0.000000 0.090631 0.042262
vn 0.000000 -0.100000 0.000000
vn 0.000000 -0.096005 0.027983
vn 0.000000 -0.084339 0.053730
vn 0.000000 -0.065935 0.075184
vn 0.000000 -0.042262 0.090631
vn 0.000000 -0.042262 0.090631
vn 0.000000 -0.065935 0.075184
vn 0.000000 -0.084339 0.053730
vn 0.000000 -0.096005 0.027983
vn 0.000000 -0.100000 0.000000
vn 0.000000 0.045000 -0.089303
vn 0.000000 0.045000 -0.089303
vn 0.000000 0.067633 -0.073660
vn 0.000000 0.085147 -0.052440
vn 0.000000 0.096215 -0.027252
vn 0.000000 0.100000 0.000000
vn 0.000000 0.100000 0.000000
vn 0.000000 0.096215 -0.027252
vn 0.000000 0.085147 -0.052440
vn 0.000000 0.067633 -0.073660
vn 0.000000 0.045000 -0.089303
vn 0.000000 0.045000 -0.089303
vn 0.000000 0.042262 -0.090631
vn 0.000000 0.042262 -0.090631
vn 0.000000 0.000000 -0.100000
vn 0.000000 0.000000 -0.100000
vn 0.000000 0.000000 -0.100000
vn 0.000000 0.000000 -0.100000
vn 0.000000 0.000000 -0.100000
vn 0.000000 0.000000 -0.100000
vn 0.000000 0.000000 -0.100000
vn 0.000000 0.000000 -0.100000
vn 0.000000 0.000000 -0.100000
vn 0.000000 0.000000 -0.100000
vn 0.000000 0.000000 -0.100000
vn 0.000000 0.000000 -0.100000
vn 0.000000 0.000000 -0.100000
vn 0.000000 0.000000 -0.100000
vn 0.000000 0.000000 -0.100000
vn 0.000000 0.000000 -0.100000
vn 0.000000 0.000000 -0.100000
vn 0.000000 0.000000 -0.100000
vn 0.000000 0.000000 -0.100000
vn 0.000000 0.000000 -0.100000
vn 0.000000 0.000000 -0.100000
vn 0.000000 0.000000 -0.100000
vn 0.000000 0.000000 -0.100000
vn 0.000000 0.000000 -0.100000
vn 0.000000 0.000000 -0.100000
vn 0.000000 0.000000 -0.100000
vn 0.000000 0.000000 -0.100000
vn 0.000000 0.000000 -0.100000
vn 0.000000 0.000000 -0.100000
vn 0.000000 0.000000 -0.100000
vn 0.000000 0.000000 -0.100000
vn 0.000000 0.000000 -0.100000
vn 0.000000 0.000000 -0.100000
vn 0.000000 0.000000 -0.100000
vn 0.000000 0.000000 -0.100000
vn 0.000000 0.000000 -0.100000
vn 0.000000 -0.078407 0.062067
vn 0.000000 -0.094995 0.031239
vn 0.000000 -0.099942 -0.003418
vn 0.000000 -0.092639 -0.037656
vn 0.000000 -0.092639 -0.037656
vn 0.000000 -0.099942 -0.003418
vn 0.000000 -0.094995 0.031239
vn 0.000000 -0.078407 0.062067
usemtl 191,191,191
f 916/1/1 831/2/2 917/4/4
f 917/4/4 831/2/2 832/3/3
f 816/5/5 901/6/6 817/8/8
f 817/8/8 901/6/6 902/7/7
f 901/9/9 905/10/10 902/26/26
f 902/26/26 905/10/10 907/11/11
f 902/26/26 907/11/11 906/23/23
f 906/23/23 907/11/11 908/22/22
f 908/22/22 907/11/11 911/12/12
f 908/22/22 911/12/12 918/16/16
f 918/16/16 911/12/12 917/15/15
f 917/15/15 911/12/12 914/13/13
f 917/15/15 914/13/13 916/14/14
f 918/16/16 915/17/17 908/22/22
f 908/22/22 915/17/17 913/18/18
f 908/22/22 913/18/18 910/21/21
f 910/21/21 913/18/18 912/20/20
f 912/20/20 913/18/18 909/19/19
f 906/23/23 904/24/24 902/26/26
f 902/26/26 904/24/24 903/25/25
f 831/27/27 829/28/28 832/44/44
f 832/44/44 829/28/28 826/29/29
f 832/44/44 826/29/29 833/43/43
f 833/43/43 826/29/29 823/37/37
f 833/43/43 823/37/37 830/42/42
f 830/42/42 823/37/37 828/41/41
f 828/41/41 823/37/37 825/38/38
f 828/41/41 825/38/38 827/39/39
f 826/29/29 822/30/30 823/37/37
f 823/37/37 822/30/30 821/36/36
f 821/36/36 822/30/30 817/33/33
f 821/36/36 817/33/33 819/35/35
f 819/35/35 817/33/33 818/34/34
f 822/30/30 820/31/31 817/33/33
f 817/33/33 820/31/31 816/32/32
f 827/39/39 824/40/40 828/41/41
f 901/56/56 816/45/45 905/55/55
f 905/55/55 816/45/45 820/46/46
f 905/55/55 820/46/46 907/54/54
f 907/54/54 820/46/46 822/47/47
f 907/54/54 822/47/47 911/53/53
f 911/53/53 822/47/47 826/48/48
f 911/53/53 826/48/48 914/52/52
f 914/52/52 826/48/48 829/49/49
f 914/52/52 829/49/49 916/51/51
f 916/51/51 829/49/49 831/50/50
f 821/57/57 906/58/58 823/60/60
f 823/60/60 906/58/58 908/59/59
f 906/68/68 821/61/61 904/67/67
f 904/67/67 821/61/61 819/62/62
f 904/67/67 819/62/62 903/66/66
f 903/66/66 819/62/62 818/63/63
f 903/66/66 818/63/63 902/65/65
f 902/65/65 818/63/63 817/64/64
f 833/69/69 830/70/70 90/84/84
f 90/84/84 830/70/70 88/83/83
f 88/83/83 830/70/70 828/71/71
f 88/83/83 828/71/71 87/82/82
f 87/82/82 828/71/71 824/72/72
f 87/82/82 824/72/72 86/81/81
f 86/81/81 824/72/72 909/73/73
f 86/81/81 909/73/73 1607/80/80
f 1607/80/80 909/73/73 1608/79/79
f 1608/79/79 909/73/73 913/74/74
f 1608/79/79 913/74/74 1609/78/78
f 1609/78/78 913/74/74 915/75/75
f 1609/78/78 915/75/75 1611/77/77
f 1611/77/77 915/75/75 918/76/76
f 917/86/86 964/87/87 918/85/85
f 918/85/85 964/87/87 1611/101/101
f 1611/101/101 964/87/87 979/89/89
f 1611/101/101 979/89/89 981/90/90
f 964/87/87 963/88/88 979/89/89
f 981/90/90 983/91/91 1611/101/101
f 1611/101/101 983/91/91 985/92/92
f 1611/101/101 985/92/92 988/93/93
f 1611/101/101 988/93/93 1610/100/100
f 1610/100/100 988/93/93 987/94/94
f 1610/100/100 987/94/94 991/95/95
f 1610/100/100 991/95/95 1116/99/99
f 1116/99/99 991/95/95 993/96/96
f 1116/99/99 993/96/96 1016/97/97
f 1016/97/97 1115/98/98 1116/99/99
f 1113/109/109 978/102/102 1111/108/108
f 1111/108/108 978/102/102 976/103/103
f 1111/108/108 976/103/103 1109/107/107
f 1109/107/107 976/103/103 974/104/104
f 1109/107/107 974/104/104 1107/106/106
f 1107/106/106 974/104/104 972/105/105
f 1107/110/110 972/111/111 1104/113/113
f 1104/113/113 972/111/111 969/112/112
f 974/115/115 973/120/120 972/114/114
f 972/114/114 973/120/120 971/121/121
f 972/114/114 971/121/121 968/124/124
f 968/124/124 971/121/121 970/122/122
f 968/124/124 970/122/122 967/123/123
f 976/116/116 978/117/117 974/115/115
f 974/115/115 978/117/117 973/120/120
f 978/117/117 977/118/118 973/120/120
f 973/120/120 977/118/118 975/119/119
f 968/124/124 969/125/125 972/114/114
f 1102/137/137 967/126/126 1105/136/136
f 1105/136/136 967/126/126 970/127/127
f 1105/136/136 970/127/127 1106/135/135
f 1106/135/135 970/127/127 971/128/128
f 1106/135/135 971/128/128 1108/134/134
f 1108/134/134 971/128/128 973/129/129
f 1108/134/134 973/129/129 1110/133/133
f 1110/133/133 973/129/129 975/130/130
f 1110/133/133 975/130/130 1112/132/132
f 1112/132/132 975/130/130 977/131/131
f 752/145/145 586/138/138 750/144/144
f 750/144/144 586/138/138 584/139/139
f 750/144/144 584/139/139 748/143/143
f 748/143/143 584/139/139 582/140/140
f 748/143/143 582/140/140 746/142/142
f 746/142/142 582/140/140 580/141/141
f 746/146/146 580/147/147 743/149/149
f 743/149/149 580/147/147 577/148/148
f 582/151/151 581/156/156 580/150/150
f 580/150/150 581/156/156 579/157/157
f 580/150/150 579/157/157 576/160/160
f 576/160/160 579/157/157 578/158/158
f 576/160/160 578/158/158 575/159/159
f 584/152/152 586/153/153 582/151/151
f 582/151/151 586/153/153 581/156/156
f 586/153/153 585/154/154 581/156/156
f 581/156/156 585/154/154 583/155/155
f 576/160/160 577/161/161 580/150/150
f 741/173/173 575/162/162 744/172/172
f 744/172/172 575/162/162 578/163/163
f 744/172/172 578/163/163 745/171/171
f 745/171/171 578/163/163 579/164/164
f 745/171/171 579/164/164 747/170/170
f 747/170/170 579/164/164 581/165/165
f 747/170/170 581/165/165 749/169/169
f 749/169/169 581/165/165 583/166/166
f 749/169/169 583/166/166 751/168/168
f 751/168/168 583/166/166 585/167/167
f 586/174/174 752/175/175 585/177/177
f 585/177/177 752/175/175 751/176/176
f 575/178/178 741/179/179 576/181/181
f 576/181/181 741/179/179 742/180/180
f 750/183/183 748/184/184 752/182/182
f 752/182/182 748/184/184 747/191/191
f 752/182/182 747/191/191 751/193/193
f 751/193/193 747/191/191 749/192/192
f 748/184/184 746/185/185 747/191/191
f 747/191/191 746/185/185 745/190/190
f 745/190/190 746/185/185 742/187/187
f 745/190/190 742/187/187 744/189/189
f 744/189/189 742/187/187 741/188/188
f 746/185/185 743/186/186 742/187/187
f 978/194/194 1113/195/195 977/197/197
f 977/197/197 1113/195/195 1112/196/196
f 967/198/198 1102/199/199 968/201/201
f 968/201/201 1102/199/199 1103/200/200
f 1111/203/203 1109/204/204 1113/202/202
f 1113/202/202 1109/204/204 1108/211/211
f 1113/202/202 1108/211/211 1112/213/213
f 1112/213/213 1108/211/211 1110/212/212
f 1109/204/204 1107/205/205 1108/211/211
f 1108/211/211 1107/205/205 1106/210/210
f 1106/210/210 1107/205/205 1103/207/207
f 1106/210/210 1103/207/207 1105/209/209
f 1105/209/209 1103/207/207 1102/208/208
f 1107/205/205 1104/206/206 1103/207/207
f 900/221/221 815/214/214 898/220/220
f 898/220/220 815/214/214 813/215/215
f 898/220/220 813/215/215 812/216/216
f 810/217/217 895/218/218 812/216/216
f 812/216/216 895/218/218 897/219/219
f 812/216/216 897/219/219 898/220/220
f 895/222/222 810/223/223 892/225/225
f 892/225/225 810/223/223 807/224/224
f 812/227/227 815/229/229 810/226/226
f 810/226/226 815/229/229 814/230/230
f 810/226/226 814/230/230 811/231/231
f 812/227/227 813/228/228 815/229/229
f 811/231/231 809/232/232 810/226/226
f 810/226/226 809/232/232 808/233/233
f 810/226/226 808/233/233 802/236/236
f 802/236/236 808/233/233 806/234/234
f 802/236/236 806/234/234 801/235/235
f 803/237/237 804/238/238 802/236/236
f 802/236/236 804/238/238 805/239/239
f 802/236/236 805/239/239 807/240/240
f 807/240/240 810/226/226 802/236/236
f 892/248/248 807/241/241 890/247/247
f 890/247/247 807/241/241 805/242/242
f 890/247/247 805/242/242 804/243/243
f 803/244/244 888/245/245 804/243/243
f 804/243/243 888/245/245 889/246/246
f 804/243/243 889/246/246 890/247/247
f 576/250/250 63/251/251 577/249/249
f 577/249/249 63/251/251 64/252/252
f 577/249/249 64/252/252 803/261/261
f 803/261/261 64/252/252 1585/253/253
f 803/261/261 1585/253/253 888/260/260
f 888/260/260 1585/253/253 1104/256/256
f 888/260/260 1104/256/256 969/257/257
f 1585/253/253 1584/254/254 1104/256/256
f 1104/256/256 1584/254/254 1103/255/255
f 968/258/258 887/259/259 969/257/257
f 969/257/257 887/259/259 888/260/260
f 577/249/249 803/261/261 743/264/264
f 743/264/264 803/261/261 802/262/262
f 743/264/264 802/262/262 742/263/263
f 886/276/276 801/265/265 891/275/275
f 891/275/275 801/265/265 806/266/266
f 891/275/275 806/266/266 893/274/274
f 893/274/274 806/266/266 808/267/267
f 893/274/274 808/267/267 894/273/273
f 894/273/273 808/267/267 809/268/268
f 894/273/273 809/268/268 896/272/272
f 896/272/272 809/268/268 811/269/269
f 896/272/272 811/269/269 899/271/271
f 899/271/271 811/269/269 814/270/270
f 815/277/277 900/278/278 814/280/280
f 814/280/280 900/278/278 899/279/279
f 801/281/281 886/282/282 802/284/284
f 802/284/284 886/282/282 887/283/283
f 898/286/286 897/287/287 900/285/285
f 900/285/285 897/287/287 895/288/288
f 900/285/285 895/288/288 899/299/299
f 899/299/299 895/288/288 896/298/298
f 896/298/298 895/288/288 894/297/297
f 894/297/297 895/288/288 893/296/296
f 893/296/296 895/288/288 887/293/293
f 893/296/296 887/293/293 891/295/295
f 891/295/295 887/293/293 886/294/294
f 895/288/288 892/289/289 887/293/293
f 887/293/293 892/289/289 890/290/290
f 887/293/293 890/290/290 889/291/291
f 889/291/291 888/292/292 887/293/293
f 1219/360/360 1308/300/300 1273/374/374
f 1273/374/374 1308/300/300 1309/301/301
f 1273/374/374 1309/301/301 1277/373/373
f 1277/373/373 1309/301/301 1312/302/302
f 1277/373/373 1312/302/302 1280/372/372
f 1280/372/372 1312/302/302 1284/371/371
f 1280/372/372 1284/371/371 1239/377/377
f 1239/377/377 1284/371/371 1242/376/376
f 1239/377/377 1242/376/376 1202/382/382
f 1202/382/382 1242/376/376 1208/381/381
f 1202/382/382 1208/381/381 1173/386/386
f 1173/386/386 1208/381/381 1179/385/385
f 1173/386/386 1179/385/385 1120/391/391
f 1120/391/391 1179/385/385 1129/390/390
f 1120/391/391 1129/390/390 1052/396/396
f 1052/396/396 1129/390/390 1072/395/395
f 1052/396/396 1072/395/395 1032/401/401
f 1032/401/401 1072/395/395 1049/400/400
f 1032/401/401 1049/400/400 1040/406/406
f 1040/406/406 1049/400/400 1058/405/405
f 1040/406/406 1058/405/405 1094/411/411
f 1094/411/411 1058/405/405 1121/410/410
f 1094/411/411 1121/410/410 1166/416/416
f 1166/416/416 1121/410/410 1170/415/415
f 1166/416/416 1170/415/415 1195/421/421
f 1195/421/421 1170/415/415 1201/420/420
f 1195/421/421 1201/420/420 1236/425/425
f 1236/425/425 1201/420/420 1240/424/424
f 1236/425/425 1240/424/424 1282/430/430
f 1282/430/430 1240/424/424 1286/429/429
f 1282/430/430 1286/429/429 1328/434/434
f 1328/434/434 1286/429/429 1327/433/433
f 1328/434/434 1327/433/433 1353/442/442
f 1353/442/442 1327/433/433 1350/443/443
f 1353/442/442 1350/443/443 1393/438/438
f 1393/438/438 1350/443/443 1391/437/437
f 1393/438/438 1391/437/437 1414/447/447
f 1414/447/447 1391/437/437 1413/446/446
f 1414/447/447 1413/446/446 1448/452/452
f 1448/452/452 1413/446/446 1441/451/451
f 1448/452/452 1441/451/451 1472/455/455
f 1472/455/455 1441/451/451 1466/454/454
f 1472/455/455 1466/454/454 1506/464/464
f 1506/464/464 1466/454/454 1492/465/465
f 1506/464/464 1492/465/465 1547/460/460
f 1547/460/460 1492/465/465 1535/459/459
f 1547/460/460 1535/459/459 1551/469/469
f 1551/469/469 1535/459/459 1542/468/468
f 1551/469/469 1542/468/468 1537/474/474
f 1537/474/474 1542/468/468 1516/473/473
f 1537/474/474 1516/473/473 1507/479/479
f 1507/479/479 1516/473/473 1495/478/478
f 1507/479/479 1495/478/478 1481/483/483
f 1481/483/483 1495/478/478 1470/482/482
f 1481/483/483 1470/482/482 1455/488/488
f 1455/488/488 1470/482/482 1447/487/487
f 1455/488/488 1447/487/487 1421/493/493
f 1421/493/493 1447/487/487 1416/492/492
f 1421/493/493 1416/492/492 1381/498/498
f 1381/498/498 1416/492/492 1376/497/497
f 1381/498/498 1376/497/497 1312/338/338
f 1312/338/338 1376/497/497 1313/337/337
f 1313/337/337 1376/497/497 1375/496/496
f 1313/337/337 1375/496/496 1351/335/335
f 1351/335/335 1375/496/496 1396/334/334
f 1396/334/334 1375/496/496 1415/491/491
f 1396/334/334 1415/491/491 1418/333/333
f 1418/333/333 1415/491/491 1444/486/486
f 1418/333/333 1444/486/486 1451/332/332
f 1451/332/332 1444/486/486 1467/481/481
f 1451/332/332 1467/481/481 1479/331/331
f 1479/331/331 1467/481/481 1489/477/477
f 1479/331/331 1489/477/477 1503/330/330
f 1503/330/330 1489/477/477 1508/472/472
f 1503/330/330 1508/472/472 1521/329/329
f 1521/329/329 1508/472/472 1532/467/467
f 1521/329/329 1532/467/467 1531/328/328
f 1531/328/328 1532/467/467 1522/327/327
f 1522/327/327 1532/467/467 1517/458/458
f 1522/327/327 1517/458/458 1504/326/326
f 1504/326/326 1517/458/458 1482/466/466
f 1504/326/326 1482/466/466 1480/325/325
f 1480/325/325 1482/466/466 1458/368/368
f 1480/325/325 1458/368/368 1452/324/324
f 1452/324/324 1458/368/368 1438/450/450
f 1452/324/324 1438/450/450 1419/323/323
f 1419/323/323 1438/450/450 1408/445/445
f 1419/323/323 1408/445/445 1397/322/322
f 1397/322/322 1408/445/445 1385/436/436
f 1397/322/322 1385/436/436 1352/321/321
f 1352/321/321 1385/436/436 1349/444/444
f 1352/321/321 1349/444/444 1326/365/365
f 1326/365/365 1349/444/444 1350/443/443
f 1326/365/365 1350/443/443 1327/433/433
f 1312/302/302 1313/303/303 1284/371/371
f 1284/371/371 1313/303/303 1285/370/370
f 1284/371/371 1285/370/370 1242/376/376
f 1242/376/376 1285/370/370 1244/375/375
f 1242/376/376 1244/375/375 1208/381/381
f 1208/381/381 1244/375/375 1213/380/380
f 1208/381/381 1213/380/380 1179/385/385
f 1179/385/385 1213/380/380 1183/384/384
f 1179/385/385 1183/384/384 1129/390/390
f 1129/390/390 1183/384/384 1131/389/389
f 1129/390/390 1131/389/389 1072/395/395
f 1072/395/395 1131/389/389 1078/394/394
f 1072/395/395 1078/394/394 1049/400/400
f 1049/400/400 1078/394/394 1053/399/399
f 1049/400/400 1053/399/399 1058/405/405
f 1058/405/405 1053/399/399 1075/404/404
f 1058/405/405 1075/404/404 1121/410/410
f 1121/410/410 1075/404/404 1128/409/409
f 1121/410/410 1128/409/409 1170/415/415
f 1170/415/415 1128/409/409 1178/414/414
f 1170/415/415 1178/414/414 1201/420/420
f 1201/420/420 1178/414/414 1205/419/419
f 1201/420/420 1205/419/419 1240/424/424
f 1240/424/424 1205/419/419 1243/423/423
f 1240/424/424 1243/423/423 1286/429/429
f 1286/429/429 1243/423/423 1287/428/428
f 1286/429/429 1287/428/428 1327/433/433
f 1327/433/433 1287/428/428 1326/365/365
f 1313/303/303 1314/304/304 1285/370/370
f 1285/370/370 1314/304/304 1270/305/305
f 1285/370/370 1270/305/305 1244/375/375
f 1244/375/375 1270/305/305 1222/306/306
f 1244/375/375 1222/306/306 1213/380/380
f 1213/380/380 1222/306/306 1186/307/307
f 1213/380/380 1186/307/307 1183/384/384
f 1183/384/384 1186/307/307 1158/308/308
f 1183/384/384 1158/308/308 1131/389/389
f 1131/389/389 1158/308/308 1124/309/309
f 1131/389/389 1124/309/309 1090/310/310
f 1131/389/389 1090/310/310 1078/394/394
f 1078/394/394 1090/310/310 1069/311/311
f 1078/394/394 1069/311/311 1053/399/399
f 1053/399/399 1069/311/311 1060/312/312
f 1053/399/399 1060/312/312 1070/313/313
f 1053/399/399 1070/313/313 1075/404/404
f 1075/404/404 1070/313/313 1091/314/314
f 1075/404/404 1091/314/314 1128/409/409
f 1128/409/409 1091/314/314 1125/315/315
f 1128/409/409 1125/315/315 1159/316/316
f 1128/409/409 1159/316/316 1178/414/414
f 1178/414/414 1159/316/316 1187/317/317
f 1178/414/414 1187/317/317 1205/419/419
f 1205/419/419 1187/317/317 1223/318/318
f 1205/419/419 1223/318/318 1243/423/423
f 1243/423/423 1223/318/318 1271/319/319
f 1243/423/423 1271/319/319 1287/428/428
f 1287/428/428 1271/319/319 1315/320/320
f 1287/428/428 1315/320/320 1326/365/365
f 1326/365/365 1315/320/320 1352/321/321
f 1351/335/335 1314/336/336 1313/337/337
f 1312/338/338 1309/339/339 1381/498/498
f 1381/498/498 1309/339/339 1383/499/499
f 1381/498/498 1383/499/499 1421/493/493
f 1421/493/493 1383/499/499 1428/494/494
f 1421/493/493 1428/494/494 1455/488/488
f 1455/488/488 1428/494/494 1459/489/489
f 1455/488/488 1459/489/489 1481/483/483
f 1481/483/483 1459/489/489 1490/484/484
f 1481/483/483 1490/484/484 1507/479/479
f 1507/479/479 1490/484/484 1519/480/480
f 1507/479/479 1519/480/480 1537/474/474
f 1537/474/474 1519/480/480 1545/475/475
f 1537/474/474 1545/475/475 1551/469/469
f 1551/469/469 1545/475/475 1559/470/470
f 1551/469/469 1559/470/470 1547/460/460
f 1547/460/460 1559/470/470 1554/461/461
f 1547/460/460 1554/461/461 1506/464/464
f 1506/464/464 1554/461/461 1513/463/463
f 1506/464/464 1513/463/463 1472/455/455
f 1472/455/455 1513/463/463 1483/456/456
f 1472/455/455 1483/456/456 1448/452/452
f 1448/452/452 1483/456/456 1453/453/453
f 1448/452/452 1453/453/453 1414/447/447
f 1414/447/447 1453/453/453 1417/448/448
f 1414/447/447 1417/448/448 1393/438/438
f 1393/438/438 1417/448/448 1399/439/439
f 1393/438/438 1399/439/439 1353/442/442
f 1353/442/442 1399/439/439 1355/441/441
f 1353/442/442 1355/441/441 1328/434/434
f 1328/434/434 1355/441/441 1329/435/435
f 1328/434/434 1329/435/435 1282/430/430
f 1282/430/430 1329/435/435 1278/431/431
f 1282/430/430 1278/431/431 1236/425/425
f 1236/425/425 1278/431/431 1233/426/426
f 1236/425/425 1233/426/426 1195/421/421
f 1195/421/421 1233/426/426 1192/422/422
f 1195/421/421 1192/422/422 1166/416/416
f 1166/416/416 1192/422/422 1163/417/417
f 1166/416/416 1163/417/417 1094/411/411
f 1094/411/411 1163/417/417 1083/412/412
f 1094/411/411 1083/412/412 1040/406/406
f 1040/406/406 1083/412/412 1033/407/407
f 1040/406/406 1033/407/407 1032/401/401
f 1032/401/401 1033/407/407 1027/402/402
f 1032/401/401 1027/402/402 1052/396/396
f 1052/396/396 1027/402/402 1038/397/397
f 1052/396/396 1038/397/397 1120/391/391
f 1120/391/391 1038/397/397 1096/392/392
f 1120/391/391 1096/392/392 1173/386/386
f 1173/386/386 1096/392/392 1167/387/387
f 1173/386/386 1167/387/387 1202/382/382
f 1202/382/382 1167/387/387 1198/383/383
f 1202/382/382 1198/383/383 1239/377/377
f 1239/377/377 1198/383/383 1237/378/378
f 1239/377/377 1237/378/378 1280/372/372
f 1280/372/372 1237/378/378 1277/373/373
f 1383/499/499 1309/339/339 1389/500/500
f 1389/500/500 1309/339/339 1308/340/340
f 1389/500/500 1308/340/340 1400/341/341
f 1389/500/500 1400/341/341 1443/495/495
f 1443/495/495 1400/341/341 1463/342/342
f 1443/495/495 1463/342/342 1474/490/490
f 1474/490/490 1463/342/342 1544/343/343
f 1474/490/490 1544/343/343 1514/485/485
f 1514/485/485 1544/343/343 1548/369/369
f 1514/485/485 1548/369/369 1519/480/480
f 1519/480/480 1548/369/369 1545/475/475
f 1544/343/343 1574/344/344 1548/369/369
f 1548/369/369 1574/344/344 1561/476/476
f 1548/369/369 1561/476/476 1545/475/475
f 1545/475/475 1561/476/476 1559/470/470
f 1574/344/344 1578/345/345 1561/476/476
f 1561/476/476 1578/345/345 1572/471/471
f 1561/476/476 1572/471/471 1559/470/470
f 1559/470/470 1572/471/471 1554/461/461
f 1578/345/345 1577/346/346 1572/471/471
f 1572/471/471 1577/346/346 1564/462/462
f 1572/471/471 1564/462/462 1554/461/461
f 1554/461/461 1564/462/462 1513/463/463
f 1577/346/346 1562/347/347 1564/462/462
f 1564/462/462 1562/347/347 1540/367/367
f 1564/462/462 1540/367/367 1513/463/463
f 1513/463/463 1540/367/367 1483/456/456
f 1562/347/347 1502/348/348 1540/367/367
f 1540/367/367 1502/348/348 1500/457/457
f 1540/367/367 1500/457/457 1483/456/456
f 1483/456/456 1500/457/457 1453/453/453
f 1500/457/457 1502/348/348 1464/366/366
f 1464/366/366 1502/348/348 1426/349/349
f 1464/366/366 1426/349/349 1427/449/449
f 1427/449/449 1426/349/349 1402/364/364
f 1427/449/449 1402/364/364 1399/439/439
f 1399/439/439 1402/364/364 1355/441/441
f 1426/349/349 1354/350/350 1402/364/364
f 1402/364/364 1354/350/350 1357/440/440
f 1402/364/364 1357/440/440 1355/441/441
f 1355/441/441 1357/440/440 1329/435/435
f 1357/440/440 1354/350/350 1330/363/363
f 1330/363/363 1354/350/350 1268/351/351
f 1330/363/363 1268/351/351 1275/432/432
f 1275/432/432 1268/351/351 1227/427/427
f 1275/432/432 1227/427/427 1233/426/426
f 1233/426/426 1227/427/427 1192/422/422
f 1268/351/351 1180/352/352 1227/427/427
f 1227/427/427 1180/352/352 1188/362/362
f 1227/427/427 1188/362/362 1192/422/422
f 1192/422/422 1188/362/362 1163/417/417
f 1180/352/352 1092/353/353 1188/362/362
f 1188/362/362 1092/353/353 1153/418/418
f 1188/362/362 1153/418/418 1163/417/417
f 1163/417/417 1153/418/418 1083/412/412
f 1153/418/418 1092/353/353 1056/413/413
f 1056/413/413 1092/353/353 1023/354/354
f 1056/413/413 1023/354/354 1020/408/408
f 1020/408/408 1023/354/354 997/355/355
f 1020/408/408 997/355/355 1007/403/403
f 1007/403/403 997/355/355 996/356/356
f 1007/403/403 996/356/356 1022/398/398
f 1022/398/398 996/356/356 1006/357/357
f 1022/398/398 1006/357/357 1067/393/393
f 1067/393/393 1006/357/357 1045/358/358
f 1067/393/393 1045/358/358 1155/388/388
f 1155/388/388 1045/358/358 1143/359/359
f 1155/388/388 1143/359/359 1190/361/361
f 1190/361/361 1143/359/359 1219/360/360
f 1190/361/361 1219/360/360 1226/379/379
f 1226/379/379 1219/360/360 1273/374/374
f 1226/379/379 1273/374/374 1277/373/373
f 1226/379/379 1277/373/373 1237/378/378
f 1190/361/361 1226/379/379 1237/378/378
f 1190/361/361 1237/378/378 1198/383/383
f 1155/388/388 1190/361/361 1198/383/383
f 1155/388/388 1198/383/383 1167/387/387
f 1067/393/393 1155/388/388 1167/387/387
f 1067/393/393 1167/387/387 1096/392/392
f 1022/398/398 1067/393/393 1096/392/392
f 1022/398/398 1096/392/392 1038/397/397
f 1007/403/403 1022/398/398 1038/397/397
f 1007/403/403 1038/397/397 1027/402/402
f 1020/408/408 1007/403/403 1027/402/402
f 1020/408/408 1027/402/402 1033/407/407
f 1056/413/413 1020/408/408 1033/407/407
f 1056/413/413 1033/407/407 1083/412/412
f 1153/418/418 1056/413/413 1083/412/412
f 1275/432/432 1233/426/426 1278/431/431
f 1330/363/363 1275/432/432 1278/431/431
f 1330/363/363 1278/431/431 1329/435/435
f 1357/440/440 1330/363/363 1329/435/435
f 1350/443/443 1349/444/444 1391/437/437
f 1391/437/437 1349/444/444 1385/436/436
f 1391/437/437 1385/436/436 1413/446/446
f 1413/446/446 1385/436/436 1408/445/445
f 1413/446/446 1408/445/445 1441/451/451
f 1441/451/451 1408/445/445 1438/450/450
f 1441/451/451 1438/450/450 1466/454/454
f 1466/454/454 1438/450/450 1458/368/368
f 1466/454/454 1458/368/368 1492/465/465
f 1492/465/465 1458/368/368 1482/466/466
f 1492/465/465 1482/466/466 1535/459/459
f 1535/459/459 1482/466/466 1517/458/458
f 1535/459/459 1517/458/458 1542/468/468
f 1542/468/468 1517/458/458 1532/467/467
f 1542/468/468 1532/467/467 1516/473/473
f 1516/473/473 1532/467/467 1508/472/472
f 1516/473/473 1508/472/472 1495/478/478
f 1495/478/478 1508/472/472 1489/477/477
f 1495/478/478 1489/477/477 1470/482/482
f 1470/482/482 1489/477/477 1467/481/481
f 1470/482/482 1467/481/481 1447/487/487
f 1447/487/487 1467/481/481 1444/486/486
f 1447/487/487 1444/486/486 1416/492/492
f 1416/492/492 1444/486/486 1415/491/491
f 1416/492/492 1415/491/491 1376/497/497
f 1376/497/497 1415/491/491 1375/496/496
f 1427/449/449 1399/439/439 1417/448/448
f 1464/366/366 1427/449/449 1417/448/448
f 1464/366/366 1417/448/448 1453/453/453
f 1500/457/457 1464/366/366 1453/453/453
f 1514/485/485 1519/480/480 1490/484/484
f 1474/490/490 1514/485/485 1490/484/484
f 1474/490/490 1490/484/484 1459/489/489
f 1443/495/495 1474/490/490 1459/489/489
f 1443/495/495 1459/489/489 1428/494/494
f 1389/500/500 1443/495/495 1428/494/494
f 1389/500/500 1428/494/494 1383/499/499
f 266/502/502 69/617/617 357/501/501
f 357/501/501 69/617/617 1590/614/614
f 357/501/501 1590/614/614 1308/618/618
f 1308/618/618 1590/614/614 1400/638/638
f 1400/638/638 1590/614/614 1463/637/637
f 1463/637/637 1590/614/614 1544/636/636
f 1544/636/636 1590/614/614 1574/635/635
f 1574/635/635 1590/614/614 1578/634/634
f 1578/634/634 1590/614/614 1596/615/615
f 1578/634/634 1596/615/615 1577/633/633
f 1577/633/633 1596/615/615 1562/632/632
f 1562/632/632 1596/615/615 1502/631/631
f 1502/631/631 1596/615/615 1426/630/630
f 1426/630/630 1596/615/615 1354/629/629
f 1354/629/629 1596/615/615 1268/628/628
f 1268/628/628 1596/615/615 955/582/582
f 1268/628/628 955/582/582 959/583/583
f 266/502/502 199/503/503 69/617/617
f 69/617/617 199/503/503 129/504/504
f 69/617/617 129/504/504 101/505/505
f 101/505/505 97/506/506 69/617/617
f 69/617/617 97/506/506 75/616/616
f 75/616/616 97/506/506 98/507/507
f 75/616/616 98/507/507 113/508/508
f 171/509/509 352/527/527 113/508/508
f 113/508/508 352/527/527 326/528/528
f 113/508/508 326/528/528 75/616/616
f 75/616/616 326/528/528 327/529/529
f 75/616/616 327/529/529 353/530/530
f 171/509/509 233/510/510 352/527/527
f 352/527/527 233/510/510 398/526/526
f 398/526/526 233/510/510 311/511/511
f 398/526/526 311/511/511 465/525/525
f 465/525/525 311/511/511 408/512/512
f 465/525/525 408/512/512 763/592/592
f 763/592/592 408/512/512 496/513/513
f 763/592/592 496/513/513 759/591/591
f 759/591/591 496/513/513 607/514/514
f 759/591/591 607/514/514 758/590/590
f 758/590/590 607/514/514 678/515/515
f 758/590/590 678/515/515 762/589/589
f 762/589/589 678/515/515 768/558/558
f 762/589/589 768/558/558 774/559/559
f 678/515/515 704/516/516 768/558/558
f 768/558/558 704/516/516 767/557/557
f 767/557/557 704/516/516 705/517/517
f 767/557/557 705/517/517 773/556/556
f 773/556/556 705/517/517 695/518/518
f 773/556/556 695/518/518 654/519/519
f 773/556/556 654/519/519 779/555/555
f 779/555/555 654/519/519 540/520/520
f 779/555/555 540/520/520 860/537/537
f 860/537/537 540/520/520 460/521/521
f 860/537/537 460/521/521 1219/619/619
f 1219/619/619 460/521/521 1308/618/618
f 1308/618/618 460/521/521 357/501/501
f 554/523/523 724/566/566 587/522/522
f 587/522/522 724/566/566 725/567/567
f 587/522/522 725/567/567 555/534/534
f 555/534/534 725/567/567 729/568/568
f 555/534/534 729/568/568 511/533/533
f 511/533/533 729/568/568 75/616/616
f 511/533/533 75/616/616 466/532/532
f 466/532/532 75/616/616 399/531/531
f 399/531/531 75/616/616 353/530/530
f 724/566/566 554/523/523 728/565/565
f 728/565/565 554/523/523 510/524/524
f 728/565/565 510/524/524 465/525/525
f 866/536/536 929/548/548 870/535/535
f 870/535/535 929/548/548 930/549/549
f 870/535/535 930/549/549 867/543/543
f 867/543/543 930/549/549 924/576/576
f 867/543/543 924/576/576 920/577/577
f 929/548/548 866/536/536 935/547/547
f 935/547/547 866/536/536 860/537/537
f 935/547/547 860/537/537 941/546/546
f 941/546/546 860/537/537 1143/620/620
f 941/546/546 1143/620/620 1045/621/621
f 860/537/537 854/538/538 779/555/555
f 779/555/555 854/538/538 785/554/554
f 785/554/554 854/538/538 850/539/539
f 785/554/554 850/539/539 791/553/553
f 791/553/553 850/539/539 851/540/540
f 791/553/553 851/540/540 786/561/561
f 786/561/561 851/540/540 792/586/586
f 786/561/561 792/586/586 780/560/560
f 780/560/560 792/586/586 781/587/587
f 780/560/560 781/587/587 769/588/588
f 851/540/540 855/541/541 792/586/586
f 792/586/586 855/541/541 796/585/585
f 796/585/585 855/541/541 800/584/584
f 800/584/584 855/541/541 861/542/542
f 800/584/584 861/542/542 797/596/596
f 797/596/596 861/542/542 921/578/578
f 797/596/596 921/578/578 925/579/579
f 921/578/578 861/542/542 920/577/577
f 920/577/577 861/542/542 867/543/543
f 947/545/545 997/624/624 953/544/544
f 953/544/544 997/624/624 1023/625/625
f 953/544/544 1023/625/625 958/572/572
f 958/572/572 1023/625/625 1092/626/626
f 958/572/572 1092/626/626 962/571/571
f 962/571/571 1092/626/626 1180/627/627
f 962/571/571 1180/627/627 959/583/583
f 959/583/583 1180/627/627 1268/628/628
f 941/546/546 1006/622/622 947/545/545
f 947/545/545 1006/622/622 996/623/623
f 947/545/545 996/623/623 997/624/624
f 930/549/549 936/550/550 924/576/576
f 924/576/576 936/550/550 931/575/575
f 931/575/575 936/550/550 942/551/551
f 931/575/575 942/551/551 943/574/574
f 943/574/574 942/551/551 954/573/573
f 954/573/573 942/551/551 948/552/552
f 954/573/573 948/552/552 958/572/572
f 958/572/572 948/552/552 953/544/544
f 762/589/589 774/559/559 769/588/588
f 769/588/588 774/559/559 780/560/560
f 736/563/563 848/609/609 740/562/562
f 740/562/562 848/609/609 863/610/610
f 740/562/562 863/610/610 737/570/570
f 737/570/570 863/610/610 1596/615/615
f 737/570/570 1596/615/615 733/569/569
f 733/569/569 1596/615/615 75/616/616
f 733/569/569 75/616/616 729/568/568
f 732/564/564 840/607/607 736/563/563
f 736/563/563 840/607/607 844/608/608
f 736/563/563 844/608/608 848/609/609
f 728/565/565 465/525/525 732/564/564
f 732/564/564 465/525/525 770/593/593
f 732/564/564 770/593/593 835/605/605
f 835/605/605 770/593/593 839/604/604
f 839/604/604 770/593/593 782/594/594
f 839/604/604 782/594/594 843/603/603
f 843/603/603 782/594/594 847/602/602
f 847/602/602 782/594/594 793/595/595
f 847/602/602 793/595/595 862/601/601
f 862/601/601 793/595/595 925/579/579
f 862/601/601 925/579/579 932/580/580
f 862/601/601 932/580/580 873/600/600
f 873/600/600 932/580/580 944/581/581
f 873/600/600 944/581/581 877/599/599
f 877/599/599 944/581/581 881/598/598
f 881/598/598 944/581/581 955/582/582
f 881/598/598 955/582/582 885/597/597
f 885/597/597 955/582/582 1596/615/615
f 885/597/597 1596/615/615 882/613/613
f 882/613/613 1596/615/615 878/612/612
f 878/612/612 1596/615/615 874/611/611
f 874/611/611 1596/615/615 863/610/610
f 763/592/592 770/593/593 465/525/525
f 793/595/595 797/596/596 925/579/579
f 835/605/605 836/606/606 732/564/564
f 732/564/564 836/606/606 840/607/607
f 1219/619/619 1143/620/620 860/537/537
f 1045/621/621 1006/622/622 941/546/546
f 1086/640/640 1070/679/679 1059/639/639
f 1059/639/639 1070/679/679 1060/680/680
f 1059/639/639 1060/680/680 1069/681/681
f 1148/641/641 1125/677/677 1086/640/640
f 1086/640/640 1125/677/677 1091/678/678
f 1086/640/640 1091/678/678 1070/679/679
f 1210/642/642 1187/675/675 1148/641/641
f 1148/641/641 1187/675/675 1159/676/676
f 1148/641/641 1159/676/676 1125/677/677
f 1289/643/643 1271/673/673 1210/642/642
f 1210/642/642 1271/673/673 1223/674/674
f 1210/642/642 1223/674/674 1187/675/675
f 1271/673/673 1289/643/643 1315/672/672
f 1315/672/672 1289/643/643 1371/644/644
f 1315/672/672 1371/644/644 1352/671/671
f 1352/671/671 1371/644/644 1397/670/670
f 1397/670/670 1371/644/644 1431/645/645
f 1397/670/670 1431/645/645 1419/669/669
f 1419/669/669 1431/645/645 1452/668/668
f 1452/668/668 1431/645/645 1485/646/646
f 1452/668/668 1485/646/646 1480/667/667
f 1480/667/667 1485/646/646 1504/666/666
f 1504/666/666 1485/646/646 1524/688/688
f 1504/666/666 1524/689/689 1522/665/665
f 1522/665/665 1524/690/690 1531/664/664
f 1531/691/691 1524/647/647 1523/648/648
f 1531/692/692 1523/648/648 1521/663/663
f 1521/663/663 1523/648/648 1503/662/662
f 1503/662/662 1523/648/648 1484/649/649
f 1503/662/662 1484/649/649 1479/661/661
f 1479/661/661 1484/649/649 1451/660/660
f 1451/660/660 1484/649/649 1430/650/650
f 1451/660/660 1430/650/650 1418/659/659
f 1418/659/659 1430/650/650 1396/658/658
f 1396/658/658 1430/650/650 1370/651/651
f 1396/658/658 1370/651/651 1351/657/657
f 1351/657/657 1370/651/651 1314/656/656
f 1314/656/656 1370/651/651 1288/652/652
f 1314/656/656 1288/652/652 1270/687/687
f 1270/687/687 1288/652/652 1209/653/653
f 1270/687/687 1209/653/653 1222/686/686
f 1222/686/686 1209/653/653 1186/685/685
f 1186/685/685 1209/653/653 1147/654/654
f 1186/685/685 1147/654/654 1158/684/684
f 1158/684/684 1147/654/654 1124/683/683
f 1124/683/683 1147/654/654 1085/655/655
f 1124/683/683 1085/655/655 1090/682/682
f 1090/682/682 1085/655/655 1069/681/681
f 1069/681/681 1085/655/655 1059/639/639
f 1197/716/716 1174/693/693 1185/721/721
f 1185/721/721 1174/693/693 1164/694/694
f 1185/721/721 1164/694/694 1171/720/720
f 1171/720/720 1164/694/694 1146/695/695
f 1171/720/720 1146/695/695 1169/719/719
f 1169/719/719 1146/695/695 1126/696/696
f 1169/719/719 1126/696/696 1144/697/697
f 1144/697/697 1165/698/698 1169/719/719
f 1169/719/719 1165/698/698 1191/722/722
f 1169/719/719 1191/722/722 1194/723/723
f 1194/723/723 1191/722/722 1228/726/726
f 1194/723/723 1228/726/726 1238/727/727
f 1238/727/727 1228/726/726 1266/718/718
f 1238/727/727 1266/718/718 1234/715/715
f 1234/715/715 1266/718/718 1276/714/714
f 1276/714/714 1266/718/718 1304/730/730
f 1276/714/714 1304/730/730 1321/713/713
f 1321/713/713 1304/730/730 1344/734/734
f 1321/713/713 1344/734/734 1348/712/712
f 1348/712/712 1344/734/734 1384/737/737
f 1348/712/712 1384/737/737 1388/711/711
f 1388/711/711 1384/737/737 1412/740/740
f 1388/711/711 1412/740/740 1410/710/710
f 1410/710/710 1412/740/740 1423/743/743
f 1410/710/710 1423/743/743 1437/709/709
f 1437/709/709 1423/743/743 1446/708/708
f 1446/708/708 1423/743/743 1440/742/742
f 1446/708/708 1440/742/742 1460/707/707
f 1460/707/707 1440/742/742 1442/741/741
f 1460/707/707 1442/741/741 1462/705/705
f 1462/705/705 1442/741/741 1445/704/704
f 1445/704/704 1442/741/741 1425/738/738
f 1445/704/704 1425/738/738 1405/703/703
f 1405/703/703 1425/738/738 1398/735/735
f 1405/703/703 1398/735/735 1360/702/702
f 1360/702/702 1398/735/735 1347/732/732
f 1360/702/702 1347/732/732 1320/701/701
f 1320/701/701 1347/732/732 1301/728/728
f 1320/701/701 1301/728/728 1264/700/700
f 1264/700/700 1301/728/728 1255/717/717
f 1264/700/700 1255/717/717 1203/699/699
f 1203/699/699 1255/717/717 1221/725/725
f 1203/699/699 1221/725/725 1191/722/722
f 1191/722/722 1221/725/725 1228/726/726
f 1165/698/698 1203/699/699 1191/722/722
f 1462/705/705 1477/706/706 1460/707/707
f 1238/727/727 1234/715/715 1206/724/724
f 1206/724/724 1234/715/715 1197/716/716
f 1206/724/724 1197/716/716 1185/721/721
f 1206/724/724 1185/721/721 1171/720/720
f 1206/724/724 1171/720/720 1194/723/723
f 1194/723/723 1171/720/720 1169/719/719
f 1238/727/727 1206/724/724 1194/723/723
f 1228/726/726 1221/725/725 1265/731/731
f 1265/731/731 1221/725/725 1255/717/717
f 1265/731/731 1255/717/717 1302/729/729
f 1302/729/729 1255/717/717 1301/728/728
f 1302/729/729 1301/728/728 1346/733/733
f 1346/733/733 1301/728/728 1347/732/732
f 1346/733/733 1347/732/732 1392/736/736
f 1392/736/736 1347/732/732 1398/735/735
f 1392/736/736 1398/735/735 1420/739/739
f 1420/739/739 1398/735/735 1425/738/738
f 1420/739/739 1425/738/738 1440/742/742
f 1440/742/742 1425/738/738 1442/741/741
f 1302/729/729 1304/730/730 1265/731/731
f 1265/731/731 1304/730/730 1266/718/718
f 1265/731/731 1266/718/718 1228/726/726
f 1304/730/730 1302/729/729 1344/734/734
f 1344/734/734 1302/729/729 1346/733/733
f 1344/734/734 1346/733/733 1384/737/737
f 1384/737/737 1346/733/733 1392/736/736
f 1384/737/737 1392/736/736 1412/740/740
f 1412/740/740 1392/736/736 1420/739/739
f 1412/740/740 1420/739/739 1423/743/743
f 1423/743/743 1420/739/739 1440/742/742
f 1437/744/744 1446/745/745 1456/805/805
f 1456/805/805 1446/745/745 1469/816/816
f 1456/805/805 1469/816/816 1476/804/804
f 1476/804/804 1469/816/816 1496/821/821
f 1476/804/804 1496/821/821 1497/803/803
f 1497/803/803 1496/821/821 1528/825/825
f 1497/803/803 1528/825/825 1512/802/802
f 1512/802/802 1528/825/825 1534/811/811
f 1512/802/802 1534/811/811 1530/801/801
f 1530/801/801 1534/811/811 1527/830/830
f 1530/801/801 1527/830/830 1511/800/800
f 1511/800/800 1527/830/830 1501/839/839
f 1511/800/800 1501/839/839 1494/799/799
f 1494/799/799 1501/839/839 1475/844/844
f 1494/799/799 1475/844/844 1471/798/798
f 1471/798/798 1475/844/844 1454/849/849
f 1471/798/798 1454/849/849 1450/797/797
f 1450/797/797 1454/849/849 1435/854/854
f 1450/797/797 1435/854/854 1424/796/796
f 1424/796/796 1435/854/854 1409/859/859
f 1424/796/796 1409/859/859 1404/795/795
f 1404/795/795 1409/859/859 1395/863/863
f 1404/795/795 1395/863/863 1374/809/809
f 1374/809/809 1395/863/863 1386/862/862
f 1374/809/809 1386/862/862 1358/869/869
f 1358/869/869 1386/862/862 1390/861/861
f 1358/869/869 1390/861/861 1359/870/870
f 1359/870/870 1390/861/861 1394/860/860
f 1359/870/870 1394/860/860 1369/871/871
f 1369/871/871 1394/860/860 1407/808/808
f 1369/871/871 1407/808/808 1387/872/872
f 1387/872/872 1407/808/808 1401/759/759
f 1387/872/872 1401/759/759 1343/864/864
f 1343/864/864 1401/759/759 1356/760/760
f 1343/864/864 1356/760/760 1325/761/761
f 1469/816/816 1446/745/745 1478/815/815
f 1478/815/815 1446/745/745 1460/746/746
f 1478/815/815 1460/746/746 1491/814/814
f 1491/814/814 1460/746/746 1498/813/813
f 1491/814/814 1498/813/813 1529/819/819
f 1529/819/819 1498/813/813 1541/818/818
f 1529/819/819 1541/818/818 1550/823/823
f 1550/823/823 1541/818/818 1557/822/822
f 1550/823/823 1557/822/822 1553/832/832
f 1553/832/832 1557/822/822 1560/833/833
f 1553/832/832 1560/833/833 1546/828/828
f 1546/828/828 1560/833/833 1555/827/827
f 1546/828/828 1555/827/827 1518/837/837
f 1518/837/837 1555/827/827 1536/836/836
f 1518/837/837 1536/836/836 1488/842/842
f 1488/842/842 1536/836/836 1499/841/841
f 1488/842/842 1499/841/841 1457/847/847
f 1457/847/847 1499/841/841 1465/846/846
f 1457/847/847 1465/846/846 1429/852/852
f 1429/852/852 1465/846/846 1439/851/851
f 1429/852/852 1439/851/851 1406/857/857
f 1406/857/857 1439/851/851 1411/856/856
f 1406/857/857 1411/856/856 1390/861/861
f 1390/861/861 1411/856/856 1394/860/860
f 1498/813/813 1460/746/746 1515/812/812
f 1515/812/812 1460/746/746 1477/747/747
f 1515/812/812 1477/747/747 1520/748/748
f 1520/748/748 1556/749/749 1515/812/812
f 1515/812/812 1556/749/749 1552/817/817
f 1515/812/812 1552/817/817 1541/818/818
f 1541/818/818 1552/817/817 1557/822/822
f 1556/749/749 1567/750/750 1552/817/817
f 1552/817/817 1567/750/750 1565/810/810
f 1552/817/817 1565/810/810 1557/822/822
f 1557/822/822 1565/810/810 1560/833/833
f 1567/750/750 1576/751/751 1565/810/810
f 1565/810/810 1576/751/751 1579/752/752
f 1565/810/810 1579/752/752 1573/834/834
f 1573/834/834 1579/752/752 1566/826/826
f 1573/834/834 1566/826/826 1555/827/827
f 1555/827/827 1566/826/826 1536/836/836
f 1579/752/752 1575/753/753 1566/826/826
f 1566/826/826 1575/753/753 1558/835/835
f 1566/826/826 1558/835/835 1536/836/836
f 1536/836/836 1558/835/835 1499/841/841
f 1575/753/753 1563/754/754 1558/835/835
f 1558/835/835 1563/754/754 1538/840/840
f 1558/835/835 1538/840/840 1499/841/841
f 1499/841/841 1538/840/840 1465/846/846
f 1563/754/754 1549/755/755 1538/840/840
f 1538/840/840 1549/755/755 1493/845/845
f 1538/840/840 1493/845/845 1465/846/846
f 1465/846/846 1493/845/845 1439/851/851
f 1549/755/755 1509/756/756 1493/845/845
f 1493/845/845 1509/756/756 1461/850/850
f 1493/845/845 1461/850/850 1439/851/851
f 1439/851/851 1461/850/850 1411/856/856
f 1509/756/756 1468/757/757 1461/850/850
f 1461/850/850 1468/757/757 1434/855/855
f 1461/850/850 1434/855/855 1411/856/856
f 1411/856/856 1434/855/855 1394/860/860
f 1468/757/757 1436/758/758 1434/855/855
f 1434/855/855 1436/758/758 1407/808/808
f 1434/855/855 1407/808/808 1394/860/860
f 1436/758/758 1401/759/759 1407/808/808
f 1343/864/864 1325/761/761 1300/873/873
f 1300/873/873 1325/761/761 1267/762/762
f 1300/873/873 1267/762/762 1254/878/878
f 1254/878/878 1267/762/762 1214/763/763
f 1254/878/878 1214/763/763 1230/883/883
f 1230/883/883 1214/763/763 1177/764/764
f 1230/883/883 1177/764/764 1200/897/897
f 1200/897/897 1177/764/764 1172/888/888
f 1200/897/897 1172/888/888 1193/889/889
f 1193/889/889 1172/888/888 1168/899/899
f 1193/889/889 1168/899/899 1176/900/900
f 1176/900/900 1168/899/899 1151/905/905
f 1176/900/900 1151/905/905 1161/906/906
f 1161/906/906 1151/905/905 1134/911/911
f 1161/906/906 1134/911/911 1133/912/912
f 1133/912/912 1134/911/911 1082/917/917
f 1133/912/912 1082/917/917 1097/785/785
f 1097/785/785 1082/917/917 1080/784/784
f 1080/784/784 1082/917/917 1057/807/807
f 1080/784/784 1057/807/807 1062/783/783
f 1062/783/783 1057/807/807 1064/922/922
f 1062/783/783 1064/922/922 1076/782/782
f 1076/782/782 1064/922/922 1079/930/930
f 1076/782/782 1079/930/930 1095/781/781
f 1095/781/781 1079/930/930 1114/935/935
f 1095/781/781 1114/935/935 1127/780/780
f 1127/780/780 1114/935/935 1142/940/940
f 1127/780/780 1142/940/940 1152/779/779
f 1152/779/779 1142/940/940 1174/778/778
f 1174/778/778 1142/940/940 1130/939/939
f 1174/778/778 1130/939/939 1122/938/938
f 1122/938/938 1130/939/939 1074/933/933
f 1122/938/938 1074/933/933 1063/932/932
f 1063/932/932 1074/933/933 1036/927/927
f 1063/932/932 1036/927/927 1024/926/926
f 1024/926/926 1036/927/927 1013/918/918
f 1024/926/926 1013/918/918 1002/771/771
f 1002/771/771 1013/918/918 995/770/770
f 995/770/770 1013/918/918 1012/806/806
f 995/770/770 1012/806/806 1005/769/769
f 1005/769/769 1012/806/806 1025/913/913
f 1005/769/769 1025/913/913 1018/768/768
f 1018/768/768 1025/913/913 1065/908/908
f 1018/768/768 1065/908/908 1037/767/767
f 1037/767/767 1065/908/908 1098/903/903
f 1037/767/767 1098/903/903 1081/766/766
f 1081/766/766 1098/903/903 1145/898/898
f 1081/766/766 1145/898/898 1135/765/765
f 1135/765/765 1145/898/898 1172/888/888
f 1135/765/765 1172/888/888 1177/764/764
f 1002/771/771 1014/772/772 1024/926/926
f 1024/926/926 1014/772/772 1039/931/931
f 1024/926/926 1039/931/931 1063/932/932
f 1063/932/932 1039/931/931 1100/937/937
f 1063/932/932 1100/937/937 1122/938/938
f 1122/938/938 1100/937/937 1146/776/776
f 1122/938/938 1146/776/776 1164/777/777
f 1014/772/772 1031/773/773 1039/931/931
f 1039/931/931 1031/773/773 1084/936/936
f 1039/931/931 1084/936/936 1100/937/937
f 1100/937/937 1084/936/936 1146/776/776
f 1031/773/773 1071/774/774 1084/936/936
f 1084/936/936 1071/774/774 1126/775/775
f 1084/936/936 1126/775/775 1146/776/776
f 1164/777/777 1174/778/778 1122/938/938
f 1097/785/785 1132/786/786 1133/912/912
f 1133/912/912 1132/786/786 1156/907/907
f 1133/912/912 1156/907/907 1161/906/906
f 1161/906/906 1156/907/907 1182/901/901
f 1161/906/906 1182/901/901 1176/900/900
f 1176/900/900 1182/901/901 1199/890/890
f 1176/900/900 1199/890/890 1193/889/889
f 1193/889/889 1199/890/890 1224/896/896
f 1193/889/889 1224/896/896 1200/897/897
f 1200/897/897 1224/896/896 1230/883/883
f 1132/786/786 1160/787/787 1156/907/907
f 1156/907/907 1160/787/787 1175/902/902
f 1156/907/907 1175/902/902 1182/901/901
f 1182/901/901 1175/902/902 1204/891/891
f 1182/901/901 1204/891/891 1199/890/890
f 1199/890/890 1204/891/891 1231/895/895
f 1199/890/890 1231/895/895 1224/896/896
f 1224/896/896 1231/895/895 1251/884/884
f 1224/896/896 1251/884/884 1230/883/883
f 1230/883/883 1251/884/884 1254/878/878
f 1160/787/787 1181/788/788 1175/902/902
f 1175/902/902 1181/788/788 1196/892/892
f 1175/902/902 1196/892/892 1204/891/891
f 1204/891/891 1196/892/892 1235/894/894
f 1204/891/891 1235/894/894 1231/895/895
f 1231/895/895 1235/894/894 1252/885/885
f 1231/895/895 1252/885/885 1251/884/884
f 1251/884/884 1252/885/885 1274/879/879
f 1251/884/884 1274/879/879 1254/878/878
f 1254/878/878 1274/879/879 1300/873/873
f 1181/788/788 1207/789/789 1196/892/892
f 1196/892/892 1207/789/789 1220/893/893
f 1196/892/892 1220/893/893 1235/894/894
f 1235/894/894 1220/893/893 1253/886/886
f 1235/894/894 1253/886/886 1252/885/885
f 1252/885/885 1253/886/886 1279/880/880
f 1252/885/885 1279/880/880 1274/879/879
f 1274/879/879 1279/880/880 1305/874/874
f 1274/879/879 1305/874/874 1300/873/873
f 1300/873/873 1305/874/874 1343/864/864
f 1220/893/893 1207/789/789 1249/887/887
f 1249/887/887 1207/789/789 1241/790/790
f 1249/887/887 1241/790/790 1269/882/882
f 1269/882/882 1241/790/790 1283/791/791
f 1269/882/882 1283/791/791 1303/877/877
f 1303/877/877 1283/791/791 1322/792/792
f 1303/877/877 1322/792/792 1342/868/868
f 1342/868/868 1322/792/792 1345/793/793
f 1342/868/868 1345/793/793 1382/794/794
f 1342/868/868 1382/794/794 1374/809/809
f 1374/809/809 1382/794/794 1404/795/795
f 1560/833/833 1565/810/810 1573/834/834
f 1541/818/818 1498/813/813 1515/812/812
f 1496/821/821 1469/816/816 1478/815/815
f 1478/815/815 1491/814/814 1510/820/820
f 1510/820/820 1491/814/814 1529/819/819
f 1510/820/820 1529/819/819 1539/824/824
f 1539/824/824 1529/819/819 1550/823/823
f 1539/824/824 1550/823/823 1543/831/831
f 1543/831/831 1550/823/823 1553/832/832
f 1543/831/831 1553/832/832 1533/829/829
f 1533/829/829 1553/832/832 1546/828/828
f 1533/829/829 1546/828/828 1505/838/838
f 1505/838/838 1546/828/828 1518/837/837
f 1505/838/838 1518/837/837 1473/843/843
f 1473/843/843 1518/837/837 1488/842/842
f 1473/843/843 1488/842/842 1449/848/848
f 1449/848/848 1488/842/842 1457/847/847
f 1449/848/848 1457/847/847 1422/853/853
f 1422/853/853 1457/847/847 1429/852/852
f 1422/853/853 1429/852/852 1403/858/858
f 1403/858/858 1429/852/852 1406/857/857
f 1403/858/858 1406/857/857 1386/862/862
f 1386/862/862 1406/857/857 1390/861/861
f 1528/825/825 1496/821/821 1510/820/820
f 1510/820/820 1496/821/821 1478/815/815
f 1528/825/825 1510/820/820 1539/824/824
f 1534/811/811 1528/825/825 1539/824/824
f 1534/811/811 1539/824/824 1543/831/831
f 1560/833/833 1573/834/834 1555/827/827
f 1534/811/811 1543/831/831 1527/830/830
f 1527/830/830 1543/831/831 1533/829/829
f 1527/830/830 1533/829/829 1501/839/839
f 1501/839/839 1533/829/829 1505/838/838
f 1501/839/839 1505/838/838 1475/844/844
f 1475/844/844 1505/838/838 1473/843/843
f 1475/844/844 1473/843/843 1454/849/849
f 1454/849/849 1473/843/843 1449/848/848
f 1454/849/849 1449/848/848 1435/854/854
f 1435/854/854 1449/848/848 1422/853/853
f 1435/854/854 1422/853/853 1409/859/859
f 1409/859/859 1422/853/853 1403/858/858
f 1409/859/859 1403/858/858 1395/863/863
f 1395/863/863 1403/858/858 1386/862/862
f 1369/871/871 1387/872/872 1341/865/865
f 1341/865/865 1387/872/872 1343/864/864
f 1341/865/865 1343/864/864 1305/874/874
f 1359/870/870 1369/871/871 1331/866/866
f 1331/866/866 1369/871/871 1341/865/865
f 1331/866/866 1341/865/865 1307/875/875
f 1307/875/875 1341/865/865 1305/874/874
f 1307/875/875 1305/874/874 1279/880/880
f 1358/869/869 1359/870/870 1332/867/867
f 1332/867/867 1359/870/870 1331/866/866
f 1332/867/867 1331/866/866 1306/876/876
f 1306/876/876 1331/866/866 1307/875/875
f 1306/876/876 1307/875/875 1281/881/881
f 1281/881/881 1307/875/875 1279/880/880
f 1281/881/881 1279/880/880 1253/886/886
f 1374/809/809 1358/869/869 1342/868/868
f 1342/868/868 1358/869/869 1332/867/867
f 1342/868/868 1332/867/867 1303/877/877
f 1303/877/877 1332/867/867 1306/876/876
f 1303/877/877 1306/876/876 1269/882/882
f 1269/882/882 1306/876/876 1281/881/881
f 1269/882/882 1281/881/881 1249/887/887
f 1249/887/887 1281/881/881 1253/886/886
f 1249/887/887 1253/886/886 1220/893/893
f 1172/888/888 1145/898/898 1168/899/899
f 1168/899/899 1145/898/898 1137/904/904
f 1168/899/899 1137/904/904 1151/905/905
f 1151/905/905 1137/904/904 1123/910/910
f 1151/905/905 1123/910/910 1134/911/911
f 1134/911/911 1123/910/910 1077/916/916
f 1134/911/911 1077/916/916 1082/917/917
f 1082/917/917 1077/916/916 1057/807/807
f 1145/898/898 1098/903/903 1137/904/904
f 1137/904/904 1098/903/903 1099/909/909
f 1137/904/904 1099/909/909 1123/910/910
f 1123/910/910 1099/909/909 1054/915/915
f 1123/910/910 1054/915/915 1077/916/916
f 1077/916/916 1054/915/915 1050/923/923
f 1077/916/916 1050/923/923 1057/807/807
f 1057/807/807 1050/923/923 1064/922/922
f 1098/903/903 1065/908/908 1099/909/909
f 1099/909/909 1065/908/908 1046/914/914
f 1099/909/909 1046/914/914 1054/915/915
f 1054/915/915 1046/914/914 1034/924/924
f 1054/915/915 1034/924/924 1050/923/923
f 1050/923/923 1034/924/924 1051/921/921
f 1050/923/923 1051/921/921 1064/922/922
f 1064/922/922 1051/921/921 1079/930/930
f 1065/908/908 1025/913/913 1046/914/914
f 1046/914/914 1025/913/913 1028/925/925
f 1046/914/914 1028/925/925 1034/924/924
f 1034/924/924 1028/925/925 1035/920/920
f 1034/924/924 1035/920/920 1051/921/921
f 1051/921/921 1035/920/920 1066/929/929
f 1051/921/921 1066/929/929 1079/930/930
f 1079/930/930 1066/929/929 1114/935/935
f 1013/918/918 1029/919/919 1012/806/806
f 1012/806/806 1029/919/919 1028/925/925
f 1012/806/806 1028/925/925 1025/913/913
f 1028/925/925 1029/919/919 1035/920/920
f 1035/920/920 1029/919/919 1048/928/928
f 1035/920/920 1048/928/928 1066/929/929
f 1066/929/929 1048/928/928 1093/934/934
f 1066/929/929 1093/934/934 1114/935/935
f 1114/935/935 1093/934/934 1142/940/940
f 1048/928/928 1029/919/919 1036/927/927
f 1036/927/927 1029/919/919 1013/918/918
f 1093/934/934 1048/928/928 1074/933/933
f 1074/933/933 1048/928/928 1036/927/927
f 1142/940/940 1093/934/934 1130/939/939
f 1130/939/939 1093/934/934 1074/933/933
f 1477/941/941 1462/942/942 1604/972/972
f 1604/972/972 1462/942/942 1603/971/971
f 1603/971/971 1462/942/942 1445/943/943
f 1603/971/971 1445/943/943 1405/944/944
f 1603/971/971 1405/944/944 1602/970/970
f 1602/970/970 1405/944/944 1360/945/945
f 1602/970/970 1360/945/945 1320/946/946
f 1264/947/947 414/956/956 1320/946/946
f 1320/946/946 414/956/956 369/957/957
f 1320/946/946 369/957/957 81/965/965
f 81/965/965 369/957/957 307/958/958
f 81/965/965 307/958/958 254/959/959
f 1264/947/947 1203/948/948 414/956/956
f 414/956/956 1203/948/948 471/955/955
f 471/955/955 1203/948/948 517/954/954
f 517/954/954 1203/948/948 1165/949/949
f 517/954/954 1165/949/949 1144/950/950
f 517/954/954 1144/950/950 539/953/953
f 539/953/953 1144/950/950 1126/951/951
f 539/953/953 1126/951/951 561/952/952
f 81/965/965 254/959/959 82/964/964
f 82/964/964 254/959/959 218/960/960
f 82/964/964 218/960/960 200/961/961
f 187/962/962 83/963/963 200/961/961
f 200/961/961 83/963/963 82/964/964
f 77/966/966 1598/969/969 81/965/965
f 81/965/965 1598/969/969 1602/970/970
f 81/965/965 1602/970/970 1320/946/946
f 75/967/967 1596/968/968 77/966/966
f 77/966/966 1596/968/968 1598/969/969
f 1088/974/974 1080/1020/1020 1061/973/973
f 1061/973/973 1080/1020/1020 1062/1021/1021
f 1061/973/973 1062/1021/1021 1076/1022/1022
f 1080/1020/1020 1088/974/974 1097/1019/1019
f 1097/1019/1019 1088/974/974 1150/975/975
f 1097/1019/1019 1150/975/975 1132/1018/1018
f 1132/1018/1018 1150/975/975 1160/1017/1017
f 1160/1017/1017 1150/975/975 1181/1016/1016
f 1181/1016/1016 1150/975/975 1212/976/976
f 1181/1016/1016 1212/976/976 1207/1015/1015
f 1207/1015/1015 1212/976/976 1241/1014/1014
f 1241/1014/1014 1212/976/976 1291/977/977
f 1241/1014/1014 1291/977/977 1283/1013/1013
f 1283/1013/1013 1291/977/977 1322/1012/1012
f 1322/1012/1012 1291/977/977 1345/1011/1011
f 1345/1011/1011 1291/977/977 1373/978/978
f 1345/1011/1011 1373/978/978 1382/1010/1010
f 1382/1010/1010 1373/978/978 1404/1009/1009
f 1404/1009/1009 1373/978/978 1433/979/979
f 1404/1009/1009 1433/979/979 1424/1008/1008
f 1424/1008/1008 1433/979/979 1450/1007/1007
f 1450/1007/1007 1433/979/979 1487/980/980
f 1450/1007/1007 1487/980/980 1471/1006/1006
f 1471/1006/1006 1487/980/980 1494/1005/1005
f 1494/1005/1005 1487/980/980 1511/1004/1004
f 1511/1004/1004 1487/980/980 1526/981/981
f 1511/1004/1004 1526/981/981 1530/1003/1003
f 1530/1003/1003 1526/981/981 1525/1026/1026
f 1530/1003/1003 1525/1027/1027 1512/1002/1002
f 1512/1028/1028 1525/982/982 1486/983/983
f 1512/1029/1029 1486/983/983 1497/1001/1001
f 1497/1001/1001 1486/983/983 1476/1000/1000
f 1476/1000/1000 1486/983/983 1456/999/999
f 1456/999/999 1486/983/983 1432/984/984
f 1456/999/999 1432/984/984 1437/998/998
f 1437/998/998 1432/984/984 1410/997/997
f 1410/997/997 1432/984/984 1372/985/985
f 1410/997/997 1372/985/985 1388/996/996
f 1388/996/996 1372/985/985 1348/995/995
f 1348/995/995 1372/985/985 1290/986/986
f 1348/995/995 1290/986/986 1321/994/994
f 1321/994/994 1290/986/986 1276/993/993
f 1276/993/993 1290/986/986 1234/992/992
f 1234/992/992 1290/986/986 1211/987/987
f 1234/992/992 1211/987/987 1197/991/991
f 1197/991/991 1211/987/987 1174/990/990
f 1174/990/990 1211/987/987 1149/988/988
f 1174/990/990 1149/988/988 1152/1025/1025
f 1152/1025/1025 1149/988/988 1127/1024/1024
f 1127/1024/1024 1149/988/988 1087/989/989
f 1127/1024/1024 1087/989/989 1095/1023/1023
f 1095/1023/1023 1087/989/989 1076/1022/1022
f 1076/1022/1022 1087/989/989 1061/973/973
f 248/1053/1053 227/1030/1030 237/1058/1058
f 237/1058/1058 227/1030/1030 217/1031/1031
f 237/1058/1058 217/1031/1031 224/1057/1057
f 224/1057/1057 217/1031/1031 202/1032/1032
f 224/1057/1057 202/1032/1032 222/1056/1056
f 222/1056/1056 202/1032/1032 187/1033/1033
f 222/1056/1056 187/1033/1033 200/1034/1034
f 200/1034/1034 218/1035/1035 222/1056/1056
f 222/1056/1056 218/1035/1035 242/1059/1059
f 222/1056/1056 242/1059/1059 245/1060/1060
f 245/1060/1060 242/1059/1059 274/1063/1063
f 245/1060/1060 274/1063/1063 282/1064/1064
f 282/1064/1064 274/1063/1063 309/1055/1055
f 282/1064/1064 309/1055/1055 278/1052/1052
f 278/1052/1052 309/1055/1055 318/1051/1051
f 318/1051/1051 309/1055/1055 351/1067/1067
f 318/1051/1051 351/1067/1067 370/1050/1050
f 370/1050/1050 351/1067/1067 395/1071/1071
f 370/1050/1050 395/1071/1071 401/1049/1049
f 401/1049/1049 395/1071/1071 441/1074/1074
f 401/1049/1049 441/1074/1074 445/1048/1048
f 445/1048/1048 441/1074/1074 478/1077/1077
f 445/1048/1048 478/1077/1077 476/1047/1047
f 476/1047/1047 478/1077/1077 493/1080/1080
f 476/1047/1047 493/1080/1080 507/1046/1046
f 507/1046/1046 493/1080/1080 518/1045/1045
f 518/1045/1045 493/1080/1080 512/1079/1079
f 518/1045/1045 512/1079/1079 537/1044/1044
f 537/1044/1044 512/1079/1079 514/1078/1078
f 537/1044/1044 514/1078/1078 539/1042/1042
f 539/1042/1042 514/1078/1078 517/1041/1041
f 517/1041/1041 514/1078/1078 495/1075/1075
f 517/1041/1041 495/1075/1075 471/1040/1040
f 471/1040/1040 495/1075/1075 458/1072/1072
f 471/1040/1040 458/1072/1072 414/1039/1039
f 414/1039/1039 458/1072/1072 400/1069/1069
f 414/1039/1039 400/1069/1069 369/1038/1038
f 369/1038/1038 400/1069/1069 348/1065/1065
f 369/1038/1038 348/1065/1065 307/1037/1037
f 307/1037/1037 348/1065/1065 298/1054/1054
f 307/1037/1037 298/1054/1054 254/1036/1036
f 254/1036/1036 298/1054/1054 268/1062/1062
f 254/1036/1036 268/1062/1062 242/1059/1059
f 242/1059/1059 268/1062/1062 274/1063/1063
f 218/1035/1035 254/1036/1036 242/1059/1059
f 539/1042/1042 561/1043/1043 537/1044/1044
f 282/1064/1064 278/1052/1052 257/1061/1061
f 257/1061/1061 278/1052/1052 248/1053/1053
f 257/1061/1061 248/1053/1053 237/1058/1058
f 257/1061/1061 237/1058/1058 224/1057/1057
f 257/1061/1061 224/1057/1057 245/1060/1060
f 245/1060/1060 224/1057/1057 222/1056/1056
f 282/1064/1064 257/1061/1061 245/1060/1060
f 274/1063/1063 268/1062/1062 308/1068/1068
f 308/1068/1068 268/1062/1062 298/1054/1054
f 308/1068/1068 298/1054/1054 349/1066/1066
f 349/1066/1066 298/1054/1054 348/1065/1065
f 349/1066/1066 348/1065/1065 397/1070/1070
f 397/1070/1070 348/1065/1065 400/1069/1069
f 397/1070/1070 400/1069/1069 451/1073/1073
f 451/1073/1073 400/1069/1069 458/1072/1072
f 451/1073/1073 458/1072/1072 490/1076/1076
f 490/1076/1076 458/1072/1072 495/1075/1075
f 490/1076/1076 495/1075/1075 512/1079/1079
f 512/1079/1079 495/1075/1075 514/1078/1078
f 349/1066/1066 351/1067/1067 308/1068/1068
f 308/1068/1068 351/1067/1067 309/1055/1055
f 308/1068/1068 309/1055/1055 274/1063/1063
f 351/1067/1067 349/1066/1066 395/1071/1071
f 395/1071/1071 349/1066/1066 397/1070/1070
f 395/1071/1071 397/1070/1070 441/1074/1074
f 441/1074/1074 397/1070/1070 451/1073/1073
f 441/1074/1074 451/1073/1073 478/1077/1077
f 478/1077/1077 451/1073/1073 490/1076/1076
f 478/1077/1077 490/1076/1076 493/1080/1080
f 493/1080/1080 490/1076/1076 512/1079/1079
f 507/1081/1081 518/1082/1082 531/1142/1142
f 531/1142/1142 518/1082/1082 551/1153/1153
f 531/1142/1142 551/1153/1153 560/1141/1141
f 560/1141/1141 551/1153/1153 601/1158/1158
f 560/1141/1141 601/1158/1158 602/1140/1140
f 602/1140/1140 601/1158/1158 635/1162/1162
f 602/1140/1140 635/1162/1162 618/1139/1139
f 618/1139/1139 635/1162/1162 643/1148/1148
f 618/1139/1139 643/1148/1148 638/1138/1138
f 638/1138/1138 643/1148/1148 634/1167/1167
f 638/1138/1138 634/1167/1167 617/1137/1137
f 617/1137/1137 634/1167/1167 606/1176/1176
f 617/1137/1137 606/1176/1176 599/1136/1136
f 599/1136/1136 606/1176/1176 559/1181/1181
f 599/1136/1136 559/1181/1181 553/1135/1135
f 553/1135/1135 559/1181/1181 528/1186/1186
f 553/1135/1135 528/1186/1186 523/1134/1134
f 523/1134/1134 528/1186/1186 505/1191/1191
f 523/1134/1134 505/1191/1191 494/1133/1133
f 494/1133/1133 505/1191/1191 475/1196/1196
f 494/1133/1133 475/1196/1196 470/1132/1132
f 470/1132/1132 475/1196/1196 455/1200/1200
f 470/1132/1132 455/1200/1200 428/1146/1146
f 428/1146/1146 455/1200/1200 443/1199/1199
f 428/1146/1146 443/1199/1199 412/1206/1206
f 412/1206/1206 443/1199/1199 447/1198/1198
f 412/1206/1206 447/1198/1198 413/1207/1207
f 413/1207/1207 447/1198/1198 453/1197/1197
f 413/1207/1207 453/1197/1197 423/1208/1208
f 423/1208/1208 453/1197/1197 473/1145/1145
f 423/1208/1208 473/1145/1145 444/1209/1209
f 444/1209/1209 473/1145/1145 467/1096/1096
f 444/1209/1209 467/1096/1096 394/1201/1201
f 394/1201/1201 467/1096/1096 410/1097/1097
f 394/1201/1201 410/1097/1097 374/1098/1098
f 551/1153/1153 518/1082/1082 562/1152/1152
f 562/1152/1152 518/1082/1082 537/1083/1083
f 562/1152/1152 537/1083/1083 595/1151/1151
f 595/1151/1151 537/1083/1083 603/1150/1150
f 595/1151/1151 603/1150/1150 637/1156/1156
f 637/1156/1156 603/1150/1150 650/1155/1155
f 637/1156/1156 650/1155/1155 664/1160/1160
f 664/1160/1160 650/1155/1155 672/1159/1159
f 664/1160/1160 672/1159/1159 667/1169/1169
f 667/1169/1169 672/1159/1159 675/1170/1170
f 667/1169/1169 675/1170/1170 660/1165/1165
f 660/1165/1165 675/1170/1170 669/1164/1164
f 660/1165/1165 669/1164/1164 624/1174/1174
f 624/1174/1174 669/1164/1164 645/1173/1173
f 624/1174/1174 645/1173/1173 574/1179/1179
f 574/1179/1179 645/1173/1173 604/1178/1178
f 574/1179/1179 604/1178/1178 532/1184/1184
f 532/1184/1184 604/1178/1178 546/1183/1183
f 532/1184/1184 546/1183/1183 499/1189/1189
f 499/1189/1189 546/1183/1183 509/1188/1188
f 499/1189/1189 509/1188/1188 472/1194/1194
f 472/1194/1194 509/1188/1188 477/1193/1193
f 472/1194/1194 477/1193/1193 447/1198/1198
f 447/1198/1198 477/1193/1193 453/1197/1197
f 603/1150/1150 537/1083/1083 621/1149/1149
f 621/1149/1149 537/1083/1083 561/1084/1084
f 621/1149/1149 561/1084/1084 627/1085/1085
f 627/1085/1085 670/1086/1086 621/1149/1149
f 621/1149/1149 670/1086/1086 666/1154/1154
f 621/1149/1149 666/1154/1154 650/1155/1155
f 650/1155/1155 666/1154/1154 672/1159/1159
f 670/1086/1086 688/1087/1087 666/1154/1154
f 666/1154/1154 688/1087/1087 686/1147/1147
f 666/1154/1154 686/1147/1147 672/1159/1159
f 672/1159/1159 686/1147/1147 675/1170/1170
f 688/1087/1087 699/1088/1088 686/1147/1147
f 686/1147/1147 699/1088/1088 706/1089/1089
f 686/1147/1147 706/1089/1089 694/1171/1171
f 694/1171/1171 706/1089/1089 687/1163/1163
f 694/1171/1171 687/1163/1163 669/1164/1164
f 669/1164/1164 687/1163/1163 645/1173/1173
f 706/1089/1089 696/1090/1090 687/1163/1163
f 687/1163/1163 696/1090/1090 673/1172/1172
f 687/1163/1163 673/1172/1172 645/1173/1173
f 645/1173/1173 673/1172/1172 604/1178/1178
f 696/1090/1090 681/1091/1091 673/1172/1172
f 673/1172/1172 681/1091/1091 647/1177/1177
f 673/1172/1172 647/1177/1177 604/1178/1178
f 604/1178/1178 647/1177/1177 546/1183/1183
f 681/1091/1091 663/1092/1092 647/1177/1177
f 647/1177/1177 663/1092/1092 598/1182/1182
f 647/1177/1177 598/1182/1182 546/1183/1183
f 546/1183/1183 598/1182/1182 509/1188/1188
f 663/1092/1092 615/1093/1093 598/1182/1182
f 598/1182/1182 615/1093/1093 538/1187/1187
f 598/1182/1182 538/1187/1187 509/1188/1188
f 509/1188/1188 538/1187/1187 477/1193/1193
f 615/1093/1093 550/1094/1094 538/1187/1187
f 538/1187/1187 550/1094/1094 504/1192/1192
f 538/1187/1187 504/1192/1192 477/1193/1193
f 477/1193/1193 504/1192/1192 453/1197/1197
f 550/1094/1094 506/1095/1095 504/1192/1192
f 504/1192/1192 506/1095/1095 473/1145/1145
f 504/1192/1192 473/1145/1145 453/1197/1197
f 506/1095/1095 467/1096/1096 473/1145/1145
f 394/1201/1201 374/1098/1098 347/1210/1210
f 347/1210/1210 374/1098/1098 310/1099/1099
f 347/1210/1210 310/1099/1099 297/1215/1215
f 297/1215/1215 310/1099/1099 265/1100/1100
f 297/1215/1215 265/1100/1100 275/1220/1220
f 275/1220/1220 265/1100/1100 230/1101/1101
f 275/1220/1220 230/1101/1101 251/1234/1234
f 251/1234/1234 230/1101/1101 225/1225/1225
f 251/1234/1234 225/1225/1225 244/1226/1226
f 244/1226/1226 225/1225/1225 221/1236/1236
f 244/1226/1226 221/1236/1236 229/1237/1237
f 229/1237/1237 221/1236/1236 207/1242/1242
f 229/1237/1237 207/1242/1242 215/1243/1243
f 215/1243/1243 207/1242/1242 195/1248/1248
f 215/1243/1243 195/1248/1248 194/1249/1249
f 194/1249/1249 195/1248/1248 162/1254/1254
f 194/1249/1249 162/1254/1254 176/1122/1122
f 176/1122/1122 162/1254/1254 160/1121/1121
f 160/1121/1121 162/1254/1254 139/1144/1144
f 160/1121/1121 139/1144/1144 144/1120/1120
f 144/1120/1120 139/1144/1144 146/1259/1259
f 144/1120/1120 146/1259/1259 156/1119/1119
f 156/1119/1119 146/1259/1259 159/1267/1267
f 156/1119/1119 159/1267/1267 174/1118/1118
f 174/1118/1118 159/1267/1267 180/1272/1272
f 174/1118/1118 180/1272/1272 188/1117/1117
f 188/1117/1117 180/1272/1272 198/1277/1277
f 188/1117/1117 198/1277/1277 208/1116/1116
f 208/1116/1116 198/1277/1277 227/1115/1115
f 227/1115/1115 198/1277/1277 191/1276/1276
f 227/1115/1115 191/1276/1276 183/1275/1275
f 183/1275/1275 191/1276/1276 154/1270/1270
f 183/1275/1275 154/1270/1270 145/1269/1269
f 145/1269/1269 154/1270/1270 124/1264/1264
f 145/1269/1269 124/1264/1264 114/1263/1263
f 114/1263/1263 124/1264/1264 108/1255/1255
f 114/1263/1263 108/1255/1255 99/1108/1108
f 99/1108/1108 108/1255/1255 96/1107/1107
f 96/1107/1107 108/1255/1255 103/1143/1143
f 96/1107/1107 103/1143/1143 100/1106/1106
f 100/1106/1106 103/1143/1143 115/1250/1250
f 100/1106/1106 115/1250/1250 110/1105/1105
f 110/1105/1105 115/1250/1250 147/1245/1245
f 110/1105/1105 147/1245/1245 125/1104/1104
f 125/1104/1104 147/1245/1245 177/1240/1240
f 125/1104/1104 177/1240/1240 161/1103/1103
f 161/1103/1103 177/1240/1240 201/1235/1235
f 161/1103/1103 201/1235/1235 196/1102/1102
f 196/1102/1102 201/1235/1235 225/1225/1225
f 196/1102/1102 225/1225/1225 230/1101/1101
f 99/1108/1108 109/1109/1109 114/1263/1263
f 114/1263/1263 109/1109/1109 127/1268/1268
f 114/1263/1263 127/1268/1268 145/1269/1269
f 145/1269/1269 127/1268/1268 179/1274/1274
f 145/1269/1269 179/1274/1274 183/1275/1275
f 183/1275/1275 179/1274/1274 202/1113/1113
f 183/1275/1275 202/1113/1113 217/1114/1114
f 109/1109/1109 119/1110/1110 127/1268/1268
f 127/1268/1268 119/1110/1110 164/1273/1273
f 127/1268/1268 164/1273/1273 179/1274/1274
f 179/1274/1274 164/1273/1273 202/1113/1113
f 119/1110/1110 152/1111/1111 164/1273/1273
f 164/1273/1273 152/1111/1111 187/1112/1112
f 164/1273/1273 187/1112/1112 202/1113/1113
f 217/1114/1114 227/1115/1115 183/1275/1275
f 176/1122/1122 193/1123/1123 194/1249/1249
f 194/1249/1249 193/1123/1123 211/1244/1244
f 194/1249/1249 211/1244/1244 215/1243/1243
f 215/1243/1243 211/1244/1244 235/1238/1238
f 215/1243/1243 235/1238/1238 229/1237/1237
f 229/1237/1237 235/1238/1238 250/1227/1227
f 229/1237/1237 250/1227/1227 244/1226/1226
f 244/1226/1226 250/1227/1227 271/1233/1233
f 244/1226/1226 271/1233/1233 251/1234/1234
f 251/1234/1234 271/1233/1233 275/1220/1220
f 193/1123/1123 214/1124/1124 211/1244/1244
f 211/1244/1244 214/1124/1124 228/1239/1239
f 211/1244/1244 228/1239/1239 235/1238/1238
f 235/1238/1238 228/1239/1239 255/1228/1228
f 235/1238/1238 255/1228/1228 250/1227/1227
f 250/1227/1227 255/1228/1228 276/1232/1232
f 250/1227/1227 276/1232/1232 271/1233/1233
f 271/1233/1233 276/1232/1232 294/1221/1221
f 271/1233/1233 294/1221/1221 275/1220/1220
f 275/1220/1220 294/1221/1221 297/1215/1215
f 214/1124/1124 234/1125/1125 228/1239/1239
f 228/1239/1239 234/1125/1125 247/1229/1229
f 228/1239/1239 247/1229/1229 255/1228/1228
f 255/1228/1228 247/1229/1229 279/1231/1231
f 255/1228/1228 279/1231/1231 276/1232/1232
f 276/1232/1232 279/1231/1231 295/1222/1222
f 276/1232/1232 295/1222/1222 294/1221/1221
f 294/1221/1221 295/1222/1222 316/1216/1216
f 294/1221/1221 316/1216/1216 297/1215/1215
f 297/1215/1215 316/1216/1216 347/1210/1210
f 234/1125/1125 258/1126/1126 247/1229/1229
f 247/1229/1229 258/1126/1126 267/1230/1230
f 247/1229/1229 267/1230/1230 279/1231/1231
f 279/1231/1231 267/1230/1230 296/1223/1223
f 279/1231/1231 296/1223/1223 295/1222/1222
f 295/1222/1222 296/1223/1223 322/1217/1217
f 295/1222/1222 322/1217/1217 316/1216/1216
f 316/1216/1216 322/1217/1217 354/1211/1211
f 316/1216/1216 354/1211/1211 347/1210/1210
f 347/1210/1210 354/1211/1211 394/1201/1201
f 267/1230/1230 258/1126/1126 293/1224/1224
f 293/1224/1224 258/1126/1126 285/1127/1127
f 293/1224/1224 285/1127/1127 312/1219/1219
f 312/1219/1219 285/1127/1127 328/1128/1128
f 312/1219/1219 328/1128/1128 350/1214/1214
f 350/1214/1214 328/1128/1128 371/1129/1129
f 350/1214/1214 371/1129/1129 393/1205/1205
f 393/1205/1205 371/1129/1129 396/1130/1130
f 393/1205/1205 396/1130/1130 439/1131/1131
f 393/1205/1205 439/1131/1131 428/1146/1146
f 428/1146/1146 439/1131/1131 470/1132/1132
f 675/1170/1170 686/1147/1147 694/1171/1171
f 650/1155/1155 603/1150/1150 621/1149/1149
f 601/1158/1158 551/1153/1153 562/1152/1152
f 562/1152/1152 595/1151/1151 616/1157/1157
f 616/1157/1157 595/1151/1151 637/1156/1156
f 616/1157/1157 637/1156/1156 648/1161/1161
f 648/1161/1161 637/1156/1156 664/1160/1160
f 648/1161/1161 664/1160/1160 652/1168/1168
f 652/1168/1168 664/1160/1160 667/1169/1169
f 652/1168/1168 667/1169/1169 642/1166/1166
f 642/1166/1166 667/1169/1169 660/1165/1165
f 642/1166/1166 660/1165/1165 610/1175/1175
f 610/1175/1175 660/1165/1165 624/1174/1174
f 610/1175/1175 624/1174/1174 557/1180/1180
f 557/1180/1180 624/1174/1174 574/1179/1179
f 557/1180/1180 574/1179/1179 522/1185/1185
f 522/1185/1185 574/1179/1179 532/1184/1184
f 522/1185/1185 532/1184/1184 492/1190/1190
f 492/1190/1190 532/1184/1184 499/1189/1189
f 492/1190/1190 499/1189/1189 469/1195/1195
f 469/1195/1195 499/1189/1189 472/1194/1194
f 469/1195/1195 472/1194/1194 443/1199/1199
f 443/1199/1199 472/1194/1194 447/1198/1198
f 635/1162/1162 601/1158/1158 616/1157/1157
f 616/1157/1157 601/1158/1158 562/1152/1152
f 635/1162/1162 616/1157/1157 648/1161/1161
f 643/1148/1148 635/1162/1162 648/1161/1161
f 643/1148/1148 648/1161/1161 652/1168/1168
f 675/1170/1170 694/1171/1171 669/1164/1164
f 643/1148/1148 652/1168/1168 634/1167/1167
f 634/1167/1167 652/1168/1168 642/1166/1166
f 634/1167/1167 642/1166/1166 606/1176/1176
f 606/1176/1176 642/1166/1166 610/1175/1175
f 606/1176/1176 610/1175/1175 559/1181/1181
f 559/1181/1181 610/1175/1175 557/1180/1180
f 559/1181/1181 557/1180/1180 528/1186/1186
f 528/1186/1186 557/1180/1180 522/1185/1185
f 528/1186/1186 522/1185/1185 505/1191/1191
f 505/1191/1191 522/1185/1185 492/1190/1190
f 505/1191/1191 492/1190/1190 475/1196/1196
f 475/1196/1196 492/1190/1190 469/1195/1195
f 475/1196/1196 469/1195/1195 455/1200/1200
f 455/1200/1200 469/1195/1195 443/1199/1199
f 423/1208/1208 444/1209/1209 392/1202/1202
f 392/1202/1202 444/1209/1209 394/1201/1201
f 392/1202/1202 394/1201/1201 354/1211/1211
f 413/1207/1207 423/1208/1208 382/1203/1203
f 382/1203/1203 423/1208/1208 392/1202/1202
f 382/1203/1203 392/1202/1202 356/1212/1212
f 356/1212/1212 392/1202/1202 354/1211/1211
f 356/1212/1212 354/1211/1211 322/1217/1217
f 412/1206/1206 413/1207/1207 383/1204/1204
f 383/1204/1204 413/1207/1207 382/1203/1203
f 383/1204/1204 382/1203/1203 355/1213/1213
f 355/1213/1213 382/1203/1203 356/1212/1212
f 355/1213/1213 356/1212/1212 324/1218/1218
f 324/1218/1218 356/1212/1212 322/1217/1217
f 324/1218/1218 322/1217/1217 296/1223/1223
f 428/1146/1146 412/1206/1206 393/1205/1205
f 393/1205/1205 412/1206/1206 383/1204/1204
f 393/1205/1205 383/1204/1204 350/1214/1214
f 350/1214/1214 383/1204/1204 355/1213/1213
f 350/1214/1214 355/1213/1213 312/1219/1219
f 312/1219/1219 355/1213/1213 324/1218/1218
f 312/1219/1219 324/1218/1218 293/1224/1224
f 293/1224/1224 324/1218/1218 296/1223/1223
f 293/1224/1224 296/1223/1223 267/1230/1230
f 225/1225/1225 201/1235/1235 221/1236/1236
f 221/1236/1236 201/1235/1235 197/1241/1241
f 221/1236/1236 197/1241/1241 207/1242/1242
f 207/1242/1242 197/1241/1241 184/1247/1247
f 207/1242/1242 184/1247/1247 195/1248/1248
f 195/1248/1248 184/1247/1247 157/1253/1253
f 195/1248/1248 157/1253/1253 162/1254/1254
f 162/1254/1254 157/1253/1253 139/1144/1144
f 201/1235/1235 177/1240/1240 197/1241/1241
f 197/1241/1241 177/1240/1240 178/1246/1246
f 197/1241/1241 178/1246/1246 184/1247/1247
f 184/1247/1247 178/1246/1246 137/1252/1252
f 184/1247/1247 137/1252/1252 157/1253/1253
f 157/1253/1253 137/1252/1252 133/1260/1260
f 157/1253/1253 133/1260/1260 139/1144/1144
f 139/1144/1144 133/1260/1260 146/1259/1259
f 177/1240/1240 147/1245/1245 178/1246/1246
f 178/1246/1246 147/1245/1245 130/1251/1251
f 178/1246/1246 130/1251/1251 137/1252/1252
f 137/1252/1252 130/1251/1251 122/1261/1261
f 137/1252/1252 122/1261/1261 133/1260/1260
f 133/1260/1260 122/1261/1261 134/1258/1258
f 133/1260/1260 134/1258/1258 146/1259/1259
f 146/1259/1259 134/1258/1258 159/1267/1267
f 147/1245/1245 115/1250/1250 130/1251/1251
f 130/1251/1251 115/1250/1250 117/1262/1262
f 130/1251/1251 117/1262/1262 122/1261/1261
f 122/1261/1261 117/1262/1262 123/1257/1257
f 122/1261/1261 123/1257/1257 134/1258/1258
f 134/1258/1258 123/1257/1257 148/1266/1266
f 134/1258/1258 148/1266/1266 159/1267/1267
f 159/1267/1267 148/1266/1266 180/1272/1272
f 108/1255/1255 118/1256/1256 103/1143/1143
f 103/1143/1143 118/1256/1256 117/1262/1262
f 103/1143/1143 117/1262/1262 115/1250/1250
f 117/1262/1262 118/1256/1256 123/1257/1257
f 123/1257/1257 118/1256/1256 131/1265/1265
f 123/1257/1257 131/1265/1265 148/1266/1266
f 148/1266/1266 131/1265/1265 172/1271/1271
f 148/1266/1266 172/1271/1271 180/1272/1272
f 180/1272/1272 172/1271/1271 198/1277/1277
f 131/1265/1265 118/1256/1256 124/1264/1264
f 124/1264/1264 118/1256/1256 108/1255/1255
f 172/1271/1271 131/1265/1265 154/1270/1270
f 154/1270/1270 131/1265/1265 124/1264/1264
f 198/1277/1277 172/1271/1271 191/1276/1276
f 191/1276/1276 172/1271/1271 154/1270/1270
f 168/1279/1279 160/1325/1325 143/1278/1278
f 143/1278/1278 160/1325/1325 144/1326/1326
f 143/1278/1278 144/1326/1326 156/1327/1327
f 160/1325/1325 168/1279/1279 176/1324/1324
f 176/1324/1324 168/1279/1279 206/1280/1280
f 176/1324/1324 206/1280/1280 193/1323/1323
f 193/1323/1323 206/1280/1280 214/1322/1322
f 214/1322/1322 206/1280/1280 234/1321/1321
f 234/1321/1321 206/1280/1280 263/1281/1281
f 234/1321/1321 263/1281/1281 258/1320/1320
f 258/1320/1320 263/1281/1281 285/1319/1319
f 285/1319/1319 263/1281/1281 338/1282/1282
f 285/1319/1319 338/1282/1282 328/1318/1318
f 328/1318/1318 338/1282/1282 371/1317/1317
f 371/1317/1317 338/1282/1282 396/1316/1316
f 396/1316/1316 338/1282/1282 427/1283/1283
f 396/1316/1316 427/1283/1283 439/1315/1315
f 439/1315/1315 427/1283/1283 470/1314/1314
f 470/1314/1314 427/1283/1283 503/1284/1284
f 470/1314/1314 503/1284/1284 494/1313/1313
f 494/1313/1313 503/1284/1284 523/1312/1312
f 523/1312/1312 503/1284/1284 571/1285/1285
f 523/1312/1312 571/1285/1285 553/1311/1311
f 553/1311/1311 571/1285/1285 599/1310/1310
f 599/1310/1310 571/1285/1285 617/1309/1309
f 617/1309/1309 571/1285/1285 633/1286/1286
f 617/1309/1309 633/1286/1286 638/1308/1308
f 638/1308/1308 633/1286/1286 632/1331/1331
f 638/1308/1308 632/1332/1332 618/1307/1307
f 618/1333/1333 632/1287/1287 570/1288/1288
f 618/1334/1334 570/1288/1288 602/1306/1306
f 602/1306/1306 570/1288/1288 560/1305/1305
f 560/1305/1305 570/1288/1288 531/1304/1304
f 531/1304/1304 570/1288/1288 502/1289/1289
f 531/1304/1304 502/1289/1289 507/1303/1303
f 507/1303/1303 502/1289/1289 476/1302/1302
f 476/1302/1302 502/1289/1289 426/1290/1290
f 476/1302/1302 426/1290/1290 445/1301/1301
f 445/1301/1301 426/1290/1290 401/1300/1300
f 401/1300/1300 426/1290/1290 337/1291/1291
f 401/1300/1300 337/1291/1291 370/1299/1299
f 370/1299/1299 337/1291/1291 318/1298/1298
f 318/1298/1298 337/1291/1291 278/1297/1297
f 278/1297/1297 337/1291/1291 262/1292/1292
f 278/1297/1297 262/1292/1292 248/1296/1296
f 248/1296/1296 262/1292/1292 227/1295/1295
f 227/1295/1295 262/1292/1292 205/1293/1293
f 227/1295/1295 205/1293/1293 208/1330/1330
f 208/1330/1330 205/1293/1293 188/1329/1329
f 188/1329/1329 205/1293/1293 167/1294/1294
f 188/1329/1329 167/1294/1294 174/1328/1328
f 174/1328/1328 167/1294/1294 156/1327/1327
f 156/1327/1327 167/1294/1294 143/1278/1278
f 266/1395/1395 357/1335/1335 315/1409/1409
f 315/1409/1409 357/1335/1335 358/1336/1336
f 315/1409/1409 358/1336/1336 320/1408/1408
f 320/1408/1408 358/1336/1336 361/1337/1337
f 320/1408/1408 361/1337/1337 323/1407/1407
f 323/1407/1407 361/1337/1337 329/1406/1406
f 323/1407/1407 329/1406/1406 283/1412/1412
f 283/1412/1412 329/1406/1406 286/1411/1411
f 283/1412/1412 286/1411/1411 253/1417/1417
f 253/1417/1417 286/1411/1411 259/1416/1416
f 253/1417/1417 259/1416/1416 226/1421/1421
f 226/1421/1421 259/1416/1416 232/1420/1420
f 226/1421/1421 232/1420/1420 181/1426/1426
f 181/1426/1426 232/1420/1420 190/1425/1425
f 181/1426/1426 190/1425/1425 135/1431/1431
f 135/1431/1431 190/1425/1425 153/1430/1430
f 135/1431/1431 153/1430/1430 120/1436/1436
f 120/1436/1436 153/1430/1430 132/1435/1435
f 120/1436/1436 132/1435/1435 128/1441/1441
f 128/1441/1441 132/1435/1435 140/1440/1440
f 128/1441/1441 140/1440/1440 173/1446/1446
f 173/1446/1446 140/1440/1440 182/1445/1445
f 173/1446/1446 182/1445/1445 219/1451/1451
f 219/1451/1451 182/1445/1445 223/1450/1450
f 219/1451/1451 223/1450/1450 246/1456/1456
f 246/1456/1456 223/1450/1450 252/1455/1455
f 246/1456/1456 252/1455/1455 280/1460/1460
f 280/1460/1460 252/1455/1455 284/1459/1459
f 280/1460/1460 284/1459/1459 325/1465/1465
f 325/1465/1465 284/1459/1459 331/1464/1464
f 325/1465/1465 331/1464/1464 377/1469/1469
f 377/1469/1469 331/1464/1464 376/1468/1468
f 377/1469/1469 376/1468/1468 407/1477/1477
f 407/1477/1477 376/1468/1468 403/1478/1478
f 407/1477/1477 403/1478/1478 452/1473/1473
f 452/1473/1473 403/1478/1478 449/1472/1472
f 452/1473/1473 449/1472/1472 482/1482/1482
f 482/1482/1482 449/1472/1472 479/1481/1481
f 482/1482/1482 479/1481/1481 520/1487/1487
f 520/1487/1487 479/1481/1481 513/1486/1486
f 520/1487/1487 513/1486/1486 556/1490/1490
f 556/1490/1490 513/1486/1486 547/1489/1489
f 556/1490/1490 547/1489/1489 612/1499/1499
f 612/1499/1499 547/1489/1489 597/1500/1500
f 612/1499/1499 597/1500/1500 661/1495/1495
f 661/1495/1495 597/1500/1500 644/1494/1494
f 661/1495/1495 644/1494/1494 665/1504/1504
f 665/1504/1504 644/1494/1494 651/1503/1503
f 665/1504/1504 651/1503/1503 646/1509/1509
f 646/1509/1509 651/1503/1503 622/1508/1508
f 646/1509/1509 622/1508/1508 613/1514/1514
f 613/1514/1514 622/1508/1508 600/1513/1513
f 613/1514/1514 600/1513/1513 565/1518/1518
f 565/1518/1518 600/1513/1513 552/1517/1517
f 565/1518/1518 552/1517/1517 529/1523/1523
f 529/1523/1523 552/1517/1517 519/1522/1522
f 529/1523/1523 519/1522/1522 491/1528/1528
f 491/1528/1528 519/1522/1522 484/1527/1527
f 491/1528/1528 484/1527/1527 438/1533/1533
f 438/1533/1533 484/1527/1527 430/1532/1532
f 438/1533/1533 430/1532/1532 361/1373/1373
f 361/1373/1373 430/1532/1532 362/1372/1372
f 362/1372/1372 430/1532/1532 429/1531/1531
f 362/1372/1372 429/1531/1531 405/1370/1370
f 405/1370/1370 429/1531/1531 456/1369/1369
f 456/1369/1369 429/1531/1531 483/1526/1526
f 456/1369/1369 483/1526/1526 487/1368/1368
f 487/1368/1368 483/1526/1526 516/1521/1521
f 487/1368/1368 516/1521/1521 524/1367/1367
f 524/1367/1367 516/1521/1521 549/1516/1516
f 524/1367/1367 549/1516/1516 563/1366/1366
f 563/1366/1366 549/1516/1516 593/1512/1512
f 563/1366/1366 593/1512/1512 608/1365/1365
f 608/1365/1365 593/1512/1512 614/1507/1507
f 608/1365/1365 614/1507/1507 628/1364/1364
f 628/1364/1364 614/1507/1507 640/1502/1502
f 628/1364/1364 640/1502/1502 639/1363/1363
f 639/1363/1363 640/1502/1502 629/1362/1362
f 629/1362/1362 640/1502/1502 623/1493/1493
f 629/1362/1362 623/1493/1493 609/1361/1361
f 609/1361/1361 623/1493/1493 566/1501/1501
f 609/1361/1361 566/1501/1501 564/1360/1360
f 564/1360/1360 566/1501/1501 535/1403/1403
f 564/1360/1360 535/1403/1403 525/1359/1359
f 525/1359/1359 535/1403/1403 508/1485/1485
f 525/1359/1359 508/1485/1485 488/1358/1358
f 488/1358/1358 508/1485/1485 474/1480/1480
f 488/1358/1358 474/1480/1480 457/1357/1357
f 457/1357/1357 474/1480/1480 442/1471/1471
f 457/1357/1357 442/1471/1471 406/1356/1356
f 406/1356/1356 442/1471/1471 402/1479/1479
f 406/1356/1356 402/1479/1479 375/1400/1400
f 375/1400/1400 402/1479/1479 403/1478/1478
f 375/1400/1400 403/1478/1478 376/1468/1468
f 361/1337/1337 362/1338/1338 329/1406/1406
f 329/1406/1406 362/1338/1338 330/1405/1405
f 329/1406/1406 330/1405/1405 286/1411/1411
f 286/1411/1411 330/1405/1405 288/1410/1410
f 286/1411/1411 288/1410/1410 259/1416/1416
f 259/1416/1416 288/1410/1410 264/1415/1415
f 259/1416/1416 264/1415/1415 232/1420/1420
f 232/1420/1420 264/1415/1415 236/1419/1419
f 232/1420/1420 236/1419/1419 190/1425/1425
f 190/1425/1425 236/1419/1419 192/1424/1424
f 190/1425/1425 192/1424/1424 153/1430/1430
f 153/1430/1430 192/1424/1424 158/1429/1429
f 153/1430/1430 158/1429/1429 132/1435/1435
f 132/1435/1435 158/1429/1429 136/1434/1434
f 132/1435/1435 136/1434/1434 140/1440/1440
f 140/1440/1440 136/1434/1434 155/1439/1439
f 140/1440/1440 155/1439/1439 182/1445/1445
f 182/1445/1445 155/1439/1439 189/1444/1444
f 182/1445/1445 189/1444/1444 223/1450/1450
f 223/1450/1450 189/1444/1444 231/1449/1449
f 223/1450/1450 231/1449/1449 252/1455/1455
f 252/1455/1455 231/1449/1449 256/1454/1454
f 252/1455/1455 256/1454/1454 284/1459/1459
f 284/1459/1459 256/1454/1454 287/1458/1458
f 284/1459/1459 287/1458/1458 331/1464/1464
f 331/1464/1464 287/1458/1458 332/1463/1463
f 331/1464/1464 332/1463/1463 376/1468/1468
f 376/1468/1468 332/1463/1463 375/1400/1400
f 362/1338/1338 363/1339/1339 330/1405/1405
f 330/1405/1405 363/1339/1339 313/1340/1340
f 330/1405/1405 313/1340/1340 288/1410/1410
f 288/1410/1410 313/1340/1340 269/1341/1341
f 288/1410/1410 269/1341/1341 264/1415/1415
f 264/1415/1415 269/1341/1341 238/1342/1342
f 264/1415/1415 238/1342/1342 236/1419/1419
f 236/1419/1419 238/1342/1342 212/1343/1343
f 236/1419/1419 212/1343/1343 192/1424/1424
f 192/1424/1424 212/1343/1343 185/1344/1344
f 192/1424/1424 185/1344/1344 169/1345/1345
f 192/1424/1424 169/1345/1345 158/1429/1429
f 158/1429/1429 169/1345/1345 150/1346/1346
f 158/1429/1429 150/1346/1346 136/1434/1434
f 136/1434/1434 150/1346/1346 142/1347/1347
f 136/1434/1434 142/1347/1347 151/1348/1348
f 136/1434/1434 151/1348/1348 155/1439/1439
f 155/1439/1439 151/1348/1348 170/1349/1349
f 155/1439/1439 170/1349/1349 189/1444/1444
f 189/1444/1444 170/1349/1349 186/1350/1350
f 189/1444/1444 186/1350/1350 213/1351/1351
f 189/1444/1444 213/1351/1351 231/1449/1449
f 231/1449/1449 213/1351/1351 239/1352/1352
f 231/1449/1449 239/1352/1352 256/1454/1454
f 256/1454/1454 239/1352/1352 270/1353/1353
f 256/1454/1454 270/1353/1353 287/1458/1458
f 287/1458/1458 270/1353/1353 314/1354/1354
f 287/1458/1458 314/1354/1354 332/1463/1463
f 332/1463/1463 314/1354/1354 364/1355/1355
f 332/1463/1463 364/1355/1355 375/1400/1400
f 375/1400/1400 364/1355/1355 406/1356/1356
f 405/1370/1370 363/1371/1371 362/1372/1372
f 361/1373/1373 358/1374/1374 438/1533/1533
f 438/1533/1533 358/1374/1374 440/1534/1534
f 438/1533/1533 440/1534/1534 491/1528/1528
f 491/1528/1528 440/1534/1534 498/1529/1529
f 491/1528/1528 498/1529/1529 529/1523/1523
f 529/1523/1523 498/1529/1529 536/1524/1524
f 529/1523/1523 536/1524/1524 565/1518/1518
f 565/1518/1518 536/1524/1524 594/1519/1519
f 565/1518/1518 594/1519/1519 613/1514/1514
f 613/1514/1514 594/1519/1519 626/1515/1515
f 613/1514/1514 626/1515/1515 646/1509/1509
f 646/1509/1509 626/1515/1515 659/1510/1510
f 646/1509/1509 659/1510/1510 665/1504/1504
f 665/1504/1504 659/1510/1510 674/1505/1505
f 665/1504/1504 674/1505/1505 661/1495/1495
f 661/1495/1495 674/1505/1505 668/1496/1496
f 661/1495/1495 668/1496/1496 612/1499/1499
f 612/1499/1499 668/1496/1496 619/1498/1498
f 612/1499/1499 619/1498/1498 556/1490/1490
f 556/1490/1490 619/1498/1498 567/1491/1491
f 556/1490/1490 567/1491/1491 520/1487/1487
f 520/1487/1487 567/1491/1491 527/1488/1488
f 520/1487/1487 527/1488/1488 482/1482/1482
f 482/1482/1482 527/1488/1488 486/1483/1483
f 482/1482/1482 486/1483/1483 452/1473/1473
f 452/1473/1473 486/1483/1483 459/1474/1474
f 452/1473/1473 459/1474/1474 407/1477/1477
f 407/1477/1477 459/1474/1474 409/1476/1476
f 407/1477/1477 409/1476/1476 377/1469/1469
f 377/1469/1469 409/1476/1476 378/1470/1470
f 377/1469/1469 378/1470/1470 325/1465/1465
f 325/1465/1465 378/1470/1470 321/1466/1466
f 325/1465/1465 321/1466/1466 280/1460/1460
f 280/1460/1460 321/1466/1466 277/1461/1461
f 280/1460/1460 277/1461/1461 246/1456/1456
f 246/1456/1456 277/1461/1461 243/1457/1457
f 246/1456/1456 243/1457/1457 219/1451/1451
f 219/1451/1451 243/1457/1457 216/1452/1452
f 219/1451/1451 216/1452/1452 173/1446/1446
f 173/1446/1446 216/1452/1452 163/1447/1447
f 173/1446/1446 163/1447/1447 128/1441/1441
f 128/1441/1441 163/1447/1447 121/1442/1442
f 128/1441/1441 121/1442/1442 120/1436/1436
f 120/1436/1436 121/1442/1442 116/1437/1437
f 120/1436/1436 116/1437/1437 135/1431/1431
f 135/1431/1431 116/1437/1437 126/1432/1432
f 135/1431/1431 126/1432/1432 181/1426/1426
f 181/1426/1426 126/1432/1432 175/1427/1427
f 181/1426/1426 175/1427/1427 226/1421/1421
f 226/1421/1421 175/1427/1427 220/1422/1422
f 226/1421/1421 220/1422/1422 253/1417/1417
f 253/1417/1417 220/1422/1422 249/1418/1418
f 253/1417/1417 249/1418/1418 283/1412/1412
f 283/1412/1412 249/1418/1418 281/1413/1413
f 283/1412/1412 281/1413/1413 323/1407/1407
f 323/1407/1407 281/1413/1413 320/1408/1408
f 440/1534/1534 358/1374/1374 446/1535/1535
f 446/1535/1535 358/1374/1374 357/1375/1375
f 446/1535/1535 357/1375/1375 460/1376/1376
f 446/1535/1535 460/1376/1376 515/1530/1530
f 515/1530/1530 460/1376/1376 540/1377/1377
f 515/1530/1530 540/1377/1377 558/1525/1525
f 558/1525/1525 540/1377/1377 654/1378/1378
f 558/1525/1525 654/1378/1378 620/1520/1520
f 620/1520/1520 654/1378/1378 662/1404/1404
f 620/1520/1520 662/1404/1404 626/1515/1515
f 626/1515/1515 662/1404/1404 659/1510/1510
f 654/1378/1378 695/1379/1379 662/1404/1404
f 662/1404/1404 695/1379/1379 677/1511/1511
f 662/1404/1404 677/1511/1511 659/1510/1510
f 659/1510/1510 677/1511/1511 674/1505/1505
f 695/1379/1379 705/1380/1380 677/1511/1511
f 677/1511/1511 705/1380/1380 689/1506/1506
f 677/1511/1511 689/1506/1506 674/1505/1505
f 674/1505/1505 689/1506/1506 668/1496/1496
f 705/1380/1380 704/1381/1381 689/1506/1506
f 689/1506/1506 704/1381/1381 682/1497/1497
f 689/1506/1506 682/1497/1497 668/1496/1496
f 668/1496/1496 682/1497/1497 619/1498/1498
f 704/1381/1381 678/1382/1382 682/1497/1497
f 682/1497/1497 678/1382/1382 649/1402/1402
f 682/1497/1497 649/1402/1402 619/1498/1498
f 619/1498/1498 649/1402/1402 567/1491/1491
f 678/1382/1382 607/1383/1383 649/1402/1402
f 649/1402/1402 607/1383/1383 605/1492/1492
f 649/1402/1402 605/1492/1492 567/1491/1491
f 567/1491/1491 605/1492/1492 527/1488/1488
f 605/1492/1492 607/1383/1383 541/1401/1401
f 541/1401/1401 607/1383/1383 496/1384/1384
f 541/1401/1401 496/1384/1384 497/1484/1484
f 497/1484/1484 496/1384/1384 468/1399/1399
f 497/1484/1484 468/1399/1399 459/1474/1474
f 459/1474/1474 468/1399/1399 409/1476/1476
f 496/1384/1384 408/1385/1385 468/1399/1399
f 468/1399/1399 408/1385/1385 411/1475/1475
f 468/1399/1399 411/1475/1475 409/1476/1476
f 409/1476/1476 411/1475/1475 378/1470/1470
f 411/1475/1475 408/1385/1385 379/1398/1398
f 379/1398/1398 408/1385/1385 311/1386/1386
f 379/1398/1398 311/1386/1386 317/1467/1467
f 317/1467/1467 311/1386/1386 273/1462/1462
f 317/1467/1467 273/1462/1462 277/1461/1461
f 277/1461/1461 273/1462/1462 243/1457/1457
f 311/1386/1386 233/1387/1387 273/1462/1462
f 273/1462/1462 233/1387/1387 240/1397/1397
f 273/1462/1462 240/1397/1397 243/1457/1457
f 243/1457/1457 240/1397/1397 216/1452/1452
f 233/1387/1387 171/1388/1388 240/1397/1397
f 240/1397/1397 171/1388/1388 209/1453/1453
f 240/1397/1397 209/1453/1453 216/1452/1452
f 216/1452/1452 209/1453/1453 163/1447/1447
f 209/1453/1453 171/1388/1388 138/1448/1448
f 138/1448/1448 171/1388/1388 113/1389/1389
f 138/1448/1448 113/1389/1389 111/1443/1443
f 111/1443/1443 113/1389/1389 98/1390/1390
f 111/1443/1443 98/1390/1390 102/1438/1438
f 102/1438/1438 98/1390/1390 97/1391/1391
f 102/1438/1438 97/1391/1391 112/1433/1433
f 112/1433/1433 97/1391/1391 101/1392/1392
f 112/1433/1433 101/1392/1392 149/1428/1428
f 149/1428/1428 101/1392/1392 129/1393/1393
f 149/1428/1428 129/1393/1393 210/1423/1423
f 210/1423/1423 129/1393/1393 199/1394/1394
f 210/1423/1423 199/1394/1394 241/1396/1396
f 241/1396/1396 199/1394/1394 266/1395/1395
f 241/1396/1396 266/1395/1395 272/1414/1414
f 272/1414/1414 266/1395/1395 315/1409/1409
f 272/1414/1414 315/1409/1409 320/1408/1408
f 272/1414/1414 320/1408/1408 281/1413/1413
f 241/1396/1396 272/1414/1414 281/1413/1413
f 241/1396/1396 281/1413/1413 249/1418/1418
f 210/1423/1423 241/1396/1396 249/1418/1418
f 210/1423/1423 249/1418/1418 220/1422/1422
f 149/1428/1428 210/1423/1423 220/1422/1422
f 149/1428/1428 220/1422/1422 175/1427/1427
f 112/1433/1433 149/1428/1428 175/1427/1427
f 112/1433/1433 175/1427/1427 126/1432/1432
f 102/1438/1438 112/1433/1433 126/1432/1432
f 102/1438/1438 126/1432/1432 116/1437/1437
f 111/1443/1443 102/1438/1438 116/1437/1437
f 111/1443/1443 116/1437/1437 121/1442/1442
f 138/1448/1448 111/1443/1443 121/1442/1442
f 138/1448/1448 121/1442/1442 163/1447/1447
f 209/1453/1453 138/1448/1448 163/1447/1447
f 317/1467/1467 277/1461/1461 321/1466/1466
f 379/1398/1398 317/1467/1467 321/1466/1466
f 379/1398/1398 321/1466/1466 378/1470/1470
f 411/1475/1475 379/1398/1398 378/1470/1470
f 403/1478/1478 402/1479/1479 449/1472/1472
f 449/1472/1472 402/1479/1479 442/1471/1471
f 449/1472/1472 442/1471/1471 479/1481/1481
f 479/1481/1481 442/1471/1471 474/1480/1480
f 479/1481/1481 474/1480/1480 513/1486/1486
f 513/1486/1486 474/1480/1480 508/1485/1485
f 513/1486/1486 508/1485/1485 547/1489/1489
f 547/1489/1489 508/1485/1485 535/1403/1403
f 547/1489/1489 535/1403/1403 597/1500/1500
f 597/1500/1500 535/1403/1403 566/1501/1501
f 597/1500/1500 566/1501/1501 644/1494/1494
f 644/1494/1494 566/1501/1501 623/1493/1493
f 644/1494/1494 623/1493/1493 651/1503/1503
f 651/1503/1503 623/1493/1493 640/1502/1502
f 651/1503/1503 640/1502/1502 622/1508/1508
f 622/1508/1508 640/1502/1502 614/1507/1507
f 622/1508/1508 614/1507/1507 600/1513/1513
f 600/1513/1513 614/1507/1507 593/1512/1512
f 600/1513/1513 593/1512/1512 552/1517/1517
f 552/1517/1517 593/1512/1512 549/1516/1516
f 552/1517/1517 549/1516/1516 519/1522/1522
f 519/1522/1522 549/1516/1516 516/1521/1521
f 519/1522/1522 516/1521/1521 484/1527/1527
f 484/1527/1527 516/1521/1521 483/1526/1526
f 484/1527/1527 483/1526/1526 430/1532/1532
f 430/1532/1532 483/1526/1526 429/1531/1531
f 497/1484/1484 459/1474/1474 486/1483/1483
f 541/1401/1401 497/1484/1484 486/1483/1483
f 541/1401/1401 486/1483/1483 527/1488/1488
f 605/1492/1492 541/1401/1401 527/1488/1488
f 620/1520/1520 626/1515/1515 594/1519/1519
f 558/1525/1525 620/1520/1520 594/1519/1519
f 558/1525/1525 594/1519/1519 536/1524/1524
f 515/1530/1530 558/1525/1525 536/1524/1524
f 515/1530/1530 536/1524/1524 498/1529/1529
f 446/1535/1535 515/1530/1530 498/1529/1529
f 446/1535/1535 498/1529/1529 440/1534/1534
f 166/1537/1537 151/1576/1576 141/1536/1536
f 141/1536/1536 151/1576/1576 142/1577/1577
f 141/1536/1536 142/1577/1577 150/1578/1578
f 204/1538/1538 186/1574/1574 166/1537/1537
f 166/1537/1537 186/1574/1574 170/1575/1575
f 166/1537/1537 170/1575/1575 151/1576/1576
f 261/1539/1539 239/1572/1572 204/1538/1538
f 204/1538/1538 239/1572/1572 213/1573/1573
f 204/1538/1538 213/1573/1573 186/1574/1574
f 336/1540/1540 314/1570/1570 261/1539/1539
f 261/1539/1539 314/1570/1570 270/1571/1571
f 261/1539/1539 270/1571/1571 239/1572/1572
f 314/1570/1570 336/1540/1540 364/1569/1569
f 364/1569/1569 336/1540/1540 425/1541/1541
f 364/1569/1569 425/1541/1541 406/1568/1568
f 406/1568/1568 425/1541/1541 457/1567/1567
f 457/1567/1567 425/1541/1541 501/1542/1542
f 457/1567/1567 501/1542/1542 488/1566/1566
f 488/1566/1566 501/1542/1542 525/1565/1565
f 525/1565/1565 501/1542/1542 569/1543/1543
f 525/1565/1565 569/1543/1543 564/1564/1564
f 564/1564/1564 569/1543/1543 609/1563/1563
f 609/1563/1563 569/1543/1543 631/1585/1585
f 609/1563/1563 631/1586/1586 629/1562/1562
f 629/1562/1562 631/1587/1587 639/1561/1561
f 639/1588/1588 631/1544/1544 630/1545/1545
f 639/1589/1589 630/1545/1545 628/1560/1560
f 628/1560/1560 630/1545/1545 608/1559/1559
f 608/1559/1559 630/1545/1545 568/1546/1546
f 608/1559/1559 568/1546/1546 563/1558/1558
f 563/1558/1558 568/1546/1546 524/1557/1557
f 524/1557/1557 568/1546/1546 500/1547/1547
f 524/1557/1557 500/1547/1547 487/1556/1556
f 487/1556/1556 500/1547/1547 456/1555/1555
f 456/1555/1555 500/1547/1547 424/1548/1548
f 456/1555/1555 424/1548/1548 405/1554/1554
f 405/1554/1554 424/1548/1548 363/1553/1553
f 363/1553/1553 424/1548/1548 335/1549/1549
f 363/1553/1553 335/1549/1549 313/1584/1584
f 313/1584/1584 335/1549/1549 260/1550/1550
f 313/1584/1584 260/1550/1550 269/1583/1583
f 269/1583/1583 260/1550/1550 238/1582/1582
f 238/1582/1582 260/1550/1550 203/1551/1551
f 238/1582/1582 203/1551/1551 212/1581/1581
f 212/1581/1581 203/1551/1551 185/1580/1580
f 185/1580/1580 203/1551/1551 165/1552/1552
f 185/1580/1580 165/1552/1552 169/1579/1579
f 169/1579/1579 165/1552/1552 150/1578/1578
f 150/1578/1578 165/1552/1552 141/1536/1536
f 334/1591/1591 327/1616/1616 319/1590/1590
f 319/1617/1617 327/1609/1609 326/1610/1610
f 319/1618/1618 326/1610/1610 333/1602/1602
f 333/1602/1602 326/1610/1610 352/1611/1611
f 333/1602/1602 352/1611/1611 380/1601/1601
f 380/1601/1601 352/1611/1611 398/1612/1612
f 380/1601/1601 398/1612/1612 431/1600/1600
f 431/1600/1600 398/1612/1612 465/1613/1613
f 431/1600/1600 465/1613/1613 480/1599/1599
f 480/1599/1599 465/1613/1613 510/1614/1614
f 480/1599/1599 510/1614/1614 533/1598/1598
f 533/1598/1598 510/1614/1614 554/1615/1615
f 533/1598/1598 554/1615/1615 572/1597/1597
f 572/1597/1597 554/1615/1615 587/1603/1603
f 572/1597/1597 587/1603/1603 573/1596/1596
f 573/1596/1596 587/1603/1603 555/1604/1604
f 573/1596/1596 555/1604/1604 534/1595/1595
f 534/1595/1595 555/1604/1604 511/1605/1605
f 534/1595/1595 511/1605/1605 481/1594/1594
f 481/1594/1594 511/1605/1605 466/1606/1606
f 481/1594/1594 466/1606/1606 432/1593/1593
f 432/1593/1593 466/1606/1606 399/1607/1607
f 432/1593/1593 399/1607/1607 381/1592/1592
f 381/1592/1592 399/1607/1607 353/1608/1608
f 381/1592/1592 353/1608/1608 334/1591/1591
f 334/1591/1591 353/1608/1608 327/1619/1619
f 853/1621/1621 851/1638/1638 849/1620/1620
f 849/1639/1639 851/1633/1633 850/1634/1634
f 849/1640/1640 850/1634/1634 852/1628/1628
f 852/1628/1628 850/1634/1634 854/1635/1635
f 852/1628/1628 854/1635/1635 858/1627/1627
f 858/1627/1627 854/1635/1635 860/1636/1636
f 858/1627/1627 860/1636/1636 864/1626/1626
f 864/1626/1626 860/1636/1636 866/1637/1637
f 864/1626/1626 866/1637/1637 868/1625/1625
f 868/1625/1625 866/1637/1637 870/1629/1629
f 868/1625/1625 870/1629/1629 869/1624/1624
f 869/1624/1624 870/1629/1629 867/1630/1630
f 869/1624/1624 867/1630/1630 865/1623/1623
f 865/1623/1623 867/1630/1630 861/1631/1631
f 865/1623/1623 861/1631/1631 859/1622/1622
f 859/1622/1622 861/1631/1631 855/1632/1632
f 859/1622/1622 855/1632/1632 853/1621/1621
f 853/1621/1621 855/1632/1632 851/1641/1641
f 934/1643/1643 930/1660/1660 928/1642/1642
f 928/1661/1661 930/1655/1655 929/1656/1656
f 928/1662/1662 929/1656/1656 933/1650/1650
f 933/1650/1650 929/1656/1656 935/1657/1657
f 933/1650/1650 935/1657/1657 939/1649/1649
f 939/1649/1649 935/1657/1657 941/1658/1658
f 939/1649/1649 941/1658/1658 945/1648/1648
f 945/1648/1648 941/1658/1658 947/1659/1659
f 945/1648/1648 947/1659/1659 951/1647/1647
f 951/1647/1647 947/1659/1659 953/1651/1651
f 951/1647/1647 953/1651/1651 952/1646/1646
f 952/1646/1646 953/1651/1651 948/1652/1652
f 952/1646/1646 948/1652/1652 946/1645/1645
f 946/1645/1645 948/1652/1652 942/1653/1653
f 946/1645/1645 942/1653/1653 940/1644/1644
f 940/1644/1644 942/1653/1653 936/1654/1654
f 940/1644/1644 936/1654/1654 934/1643/1643
f 934/1643/1643 936/1654/1654 930/1663/1663
f 772/1665/1665 768/1682/1682 766/1664/1664
f 766/1683/1683 768/1677/1677 767/1678/1678
f 766/1684/1684 767/1678/1678 771/1672/1672
f 771/1672/1672 767/1678/1678 773/1679/1679
f 771/1672/1672 773/1679/1679 777/1671/1671
f 777/1671/1671 773/1679/1679 779/1680/1680
f 777/1671/1671 779/1680/1680 783/1670/1670
f 783/1670/1670 779/1680/1680 785/1681/1681
f 783/1670/1670 785/1681/1681 789/1669/1669
f 789/1669/1669 785/1681/1681 791/1673/1673
f 789/1669/1669 791/1673/1673 790/1668/1668
f 790/1668/1668 791/1673/1673 786/1674/1674
f 790/1668/1668 786/1674/1674 784/1667/1667
f 784/1667/1667 786/1674/1674 780/1675/1675
f 784/1667/1667 780/1675/1675 778/1666/1666
f 778/1666/1666 780/1675/1675 774/1676/1676
f 778/1666/1666 774/1676/1676 772/1665/1665
f 772/1665/1665 774/1676/1676 768/1685/1685
f 727/1687/1687 725/1704/1704 723/1686/1686
f 723/1705/1705 725/1699/1699 724/1700/1700
f 723/1706/1706 724/1700/1700 726/1694/1694
f 726/1694/1694 724/1700/1700 728/1701/1701
f 726/1694/1694 728/1701/1701 730/1693/1693
f 730/1693/1693 728/1701/1701 732/1702/1702
f 730/1693/1693 732/1702/1702 734/1692/1692
f 734/1692/1692 732/1702/1702 736/1703/1703
f 734/1692/1692 736/1703/1703 738/1691/1691
f 738/1691/1691 736/1703/1703 740/1695/1695
f 738/1691/1691 740/1695/1695 739/1690/1690
f 739/1690/1690 740/1695/1695 737/1696/1696
f 739/1690/1690 737/1696/1696 735/1689/1689
f 735/1689/1689 737/1696/1696 733/1697/1697
f 735/1689/1689 733/1697/1697 731/1688/1688
f 731/1688/1688 733/1697/1697 729/1698/1698
f 731/1688/1688 729/1698/1698 727/1687/1687
f 727/1687/1687 729/1698/1698 725/1707/1707
f 168/1724/1724 143/1708/1708 292/1730/1730
f 292/1730/1730 143/1708/1708 167/1709/1709
f 292/1730/1730 167/1709/1709 304/1729/1729
f 304/1729/1729 167/1709/1709 205/1710/1710
f 304/1729/1729 205/1710/1710 262/1711/1711
f 304/1729/1729 262/1711/1711 344/1728/1728
f 344/1728/1728 262/1711/1711 337/1712/1712
f 344/1728/1728 337/1712/1712 389/1727/1727
f 389/1727/1727 337/1712/1712 426/1713/1713
f 389/1727/1727 426/1713/1713 502/1714/1714
f 389/1727/1727 502/1714/1714 420/1726/1726
f 420/1726/1726 502/1714/1714 570/1715/1715
f 420/1726/1726 570/1715/1715 632/1716/1716
f 420/1726/1726 632/1716/1716 437/1725/1725
f 437/1725/1725 632/1716/1716 633/1717/1717
f 437/1725/1725 633/1717/1717 422/1734/1734
f 422/1734/1734 633/1717/1717 571/1718/1718
f 422/1734/1734 571/1718/1718 503/1719/1719
f 422/1734/1734 503/1719/1719 391/1733/1733
f 391/1733/1733 503/1719/1719 427/1720/1720
f 391/1733/1733 427/1720/1720 338/1721/1721
f 391/1733/1733 338/1721/1721 346/1732/1732
f 346/1732/1732 338/1721/1721 263/1722/1722
f 346/1732/1732 263/1722/1722 306/1731/1731
f 306/1731/1731 263/1722/1722 206/1723/1723
f 306/1731/1731 206/1723/1723 168/1724/1724
f 306/1731/1731 168/1724/1724 292/1730/1730
f 419/1736/1736 420/1754/1754 436/1735/1735
f 436/1735/1735 420/1754/1754 437/1755/1755
f 436/1756/1756 437/1745/1745 421/1744/1744
f 421/1744/1744 437/1745/1745 422/1746/1746
f 421/1744/1744 422/1746/1746 391/1747/1747
f 419/1736/1736 388/1737/1737 420/1754/1754
f 420/1754/1754 388/1737/1737 389/1753/1753
f 389/1753/1753 388/1737/1737 343/1738/1738
f 389/1753/1753 343/1738/1738 344/1752/1752
f 344/1752/1752 343/1738/1738 303/1739/1739
f 344/1752/1752 303/1739/1739 304/1751/1751
f 304/1751/1751 303/1739/1739 291/1740/1740
f 304/1751/1751 291/1740/1740 292/1750/1750
f 292/1750/1750 291/1740/1740 305/1741/1741
f 292/1750/1750 305/1741/1741 306/1749/1749
f 306/1749/1749 305/1741/1741 345/1742/1742
f 306/1749/1749 345/1742/1742 346/1748/1748
f 346/1748/1748 345/1742/1742 390/1743/1743
f 346/1748/1748 390/1743/1743 391/1747/1747
f 391/1747/1747 390/1743/1743 421/1744/1744
f 1088/1773/1773 1061/1757/1757 1248/1779/1779
f 1248/1779/1779 1061/1757/1757 1087/1758/1758
f 1248/1779/1779 1087/1758/1758 1261/1778/1778
f 1261/1778/1778 1087/1758/1758 1149/1759/1759
f 1261/1778/1778 1149/1759/1759 1211/1760/1760
f 1261/1778/1778 1211/1760/1760 1297/1777/1777
f 1297/1777/1777 1211/1760/1760 1290/1761/1761
f 1297/1777/1777 1290/1761/1761 1338/1776/1776
f 1338/1776/1776 1290/1761/1761 1372/1762/1762
f 1338/1776/1776 1372/1762/1762 1432/1763/1763
f 1338/1776/1776 1432/1763/1763 1366/1775/1775
f 1366/1775/1775 1432/1763/1763 1486/1764/1764
f 1366/1775/1775 1486/1764/1764 1525/1765/1765
f 1366/1775/1775 1525/1765/1765 1380/1774/1774
f 1380/1774/1774 1525/1765/1765 1526/1766/1766
f 1380/1774/1774 1526/1766/1766 1368/1783/1783
f 1368/1783/1783 1526/1766/1766 1487/1767/1767
f 1368/1783/1783 1487/1767/1767 1433/1768/1768
f 1368/1783/1783 1433/1768/1768 1340/1782/1782
f 1340/1782/1782 1433/1768/1768 1373/1769/1769
f 1340/1782/1782 1373/1769/1769 1291/1770/1770
f 1340/1782/1782 1291/1770/1770 1299/1781/1781
f 1299/1781/1781 1291/1770/1770 1212/1771/1771
f 1299/1781/1781 1212/1771/1771 1263/1780/1780
f 1263/1780/1780 1212/1771/1771 1150/1772/1772
f 1263/1780/1780 1150/1772/1772 1088/1773/1773
f 1263/1780/1780 1088/1773/1773 1248/1779/1779
f 1365/1785/1785 1366/1803/1803 1379/1784/1784
f 1379/1784/1784 1366/1803/1803 1380/1804/1804
f 1379/1805/1805 1380/1794/1794 1367/1793/1793
f 1367/1793/1793 1380/1794/1794 1368/1795/1795
f 1367/1793/1793 1368/1795/1795 1340/1796/1796
f 1365/1785/1785 1337/1786/1786 1366/1803/1803
f 1366/1803/1803 1337/1786/1786 1338/1802/1802
f 1338/1802/1802 1337/1786/1786 1296/1787/1787
f 1338/1802/1802 1296/1787/1787 1297/1801/1801
f 1297/1801/1801 1296/1787/1787 1260/1788/1788
f 1297/1801/1801 1260/1788/1788 1261/1800/1800
f 1261/1800/1800 1260/1788/1788 1247/1789/1789
f 1261/1800/1800 1247/1789/1789 1248/1799/1799
f 1248/1799/1799 1247/1789/1789 1262/1790/1790
f 1248/1799/1799 1262/1790/1790 1263/1798/1798
f 1263/1798/1798 1262/1790/1790 1298/1791/1791
f 1263/1798/1798 1298/1791/1791 1299/1797/1797
f 1299/1797/1797 1298/1791/1791 1339/1792/1792
f 1299/1797/1797 1339/1792/1792 1340/1796/1796
f 1340/1796/1796 1339/1792/1792 1367/1793/1793
f 1086/1822/1822 1059/1806/1806 1246/1828/1828
f 1246/1828/1828 1059/1806/1806 1085/1807/1807
f 1246/1828/1828 1085/1807/1807 1257/1827/1827
f 1257/1827/1827 1085/1807/1807 1147/1808/1808
f 1257/1827/1827 1147/1808/1808 1209/1809/1809
f 1257/1827/1827 1209/1809/1809 1293/1826/1826
f 1293/1826/1826 1209/1809/1809 1288/1810/1810
f 1293/1826/1826 1288/1810/1810 1334/1825/1825
f 1334/1825/1825 1288/1810/1810 1370/1811/1811
f 1334/1825/1825 1370/1811/1811 1430/1812/1812
f 1334/1825/1825 1430/1812/1812 1362/1824/1824
f 1362/1824/1824 1430/1812/1812 1484/1813/1813
f 1362/1824/1824 1484/1813/1813 1523/1814/1814
f 1362/1824/1824 1523/1814/1814 1378/1823/1823
f 1378/1823/1823 1523/1814/1814 1524/1815/1815
f 1378/1823/1823 1524/1815/1815 1364/1832/1832
f 1364/1832/1832 1524/1815/1815 1485/1816/1816
f 1364/1832/1832 1485/1816/1816 1431/1817/1817
f 1364/1832/1832 1431/1817/1817 1336/1831/1831
f 1336/1831/1831 1431/1817/1817 1371/1818/1818
f 1336/1831/1831 1371/1818/1818 1289/1819/1819
f 1336/1831/1831 1289/1819/1819 1295/1830/1830
f 1295/1830/1830 1289/1819/1819 1210/1820/1820
f 1295/1830/1830 1210/1820/1820 1259/1829/1829
f 1259/1829/1829 1210/1820/1820 1148/1821/1821
f 1259/1829/1829 1148/1821/1821 1086/1822/1822
f 1259/1829/1829 1086/1822/1822 1246/1828/1828
f 1361/1834/1834 1362/1852/1852 1377/1833/1833
f 1377/1833/1833 1362/1852/1852 1378/1853/1853
f 1377/1854/1854 1378/1843/1843 1363/1842/1842
f 1363/1842/1842 1378/1843/1843 1364/1844/1844
f 1363/1842/1842 1364/1844/1844 1336/1845/1845
f 1361/1834/1834 1333/1835/1835 1362/1852/1852
f 1362/1852/1852 1333/1835/1835 1334/1851/1851
f 1334/1851/1851 1333/1835/1835 1292/1836/1836
f 1334/1851/1851 1292/1836/1836 1293/1850/1850
f 1293/1850/1850 1292/1836/1836 1256/1837/1837
f 1293/1850/1850 1256/1837/1837 1257/1849/1849
f 1257/1849/1849 1256/1837/1837 1245/1838/1838
f 1257/1849/1849 1245/1838/1838 1246/1848/1848
f 1246/1848/1848 1245/1838/1838 1258/1839/1839
f 1246/1848/1848 1258/1839/1839 1259/1847/1847
f 1259/1847/1847 1258/1839/1839 1294/1840/1840
f 1259/1847/1847 1294/1840/1840 1295/1846/1846
f 1295/1846/1846 1294/1840/1840 1335/1841/1841
f 1295/1846/1846 1335/1841/1841 1336/1845/1845
f 1336/1845/1845 1335/1841/1841 1363/1842/1842
f 166/1871/1871 141/1855/1855 290/1877/1877
f 290/1877/1877 141/1855/1855 165/1856/1856
f 290/1877/1877 165/1856/1856 300/1876/1876
f 300/1876/1876 165/1856/1856 203/1857/1857
f 300/1876/1876 203/1857/1857 260/1858/1858
f 300/1876/1876 260/1858/1858 340/1875/1875
f 340/1875/1875 260/1858/1858 335/1859/1859
f 340/1875/1875 335/1859/1859 385/1874/1874
f 385/1874/1874 335/1859/1859 424/1860/1860
f 385/1874/1874 424/1860/1860 500/1861/1861
f 385/1874/1874 500/1861/1861 416/1873/1873
f 416/1873/1873 500/1861/1861 568/1862/1862
f 416/1873/1873 568/1862/1862 630/1863/1863
f 416/1873/1873 630/1863/1863 435/1872/1872
f 435/1872/1872 630/1863/1863 631/1864/1864
f 435/1872/1872 631/1864/1864 418/1881/1881
f 418/1881/1881 631/1864/1864 569/1865/1865
f 418/1881/1881 569/1865/1865 501/1866/1866
f 418/1881/1881 501/1866/1866 387/1880/1880
f 387/1880/1880 501/1866/1866 425/1867/1867
f 387/1880/1880 425/1867/1867 336/1868/1868
f 387/1880/1880 336/1868/1868 342/1879/1879
f 342/1879/1879 336/1868/1868 261/1869/1869
f 342/1879/1879 261/1869/1869 302/1878/1878
f 302/1878/1878 261/1869/1869 204/1870/1870
f 302/1878/1878 204/1870/1870 166/1871/1871
f 302/1878/1878 166/1871/1871 290/1877/1877
f 415/1883/1883 416/1901/1901 434/1882/1882
f 434/1882/1882 416/1901/1901 435/1902/1902
f 434/1903/1903 435/1892/1892 417/1891/1891
f 417/1891/1891 435/1892/1892 418/1893/1893
f 417/1891/1891 418/1893/1893 387/1894/1894
f 415/1883/1883 384/1884/1884 416/1901/1901
f 416/1901/1901 384/1884/1884 385/1900/1900
f 385/1900/1900 384/1884/1884 339/1885/1885
f 385/1900/1900 339/1885/1885 340/1899/1899
f 340/1899/1899 339/1885/1885 299/1886/1886
f 340/1899/1899 299/1886/1886 300/1898/1898
f 300/1898/1898 299/1886/1886 289/1887/1887
f 300/1898/1898 289/1887/1887 290/1897/1897
f 290/1897/1897 289/1887/1887 301/1888/1888
f 290/1897/1897 301/1888/1888 302/1896/1896
f 302/1896/1896 301/1888/1888 341/1889/1889
f 302/1896/1896 341/1889/1889 342/1895/1895
f 342/1895/1895 341/1889/1889 386/1890/1890
f 342/1895/1895 386/1890/1890 387/1894/1894
f 387/1894/1894 386/1890/1890 417/1891/1891
f 561/1965/1965 1126/1904/1904 627/1964/1964
f 627/1964/1964 1126/1904/1904 1071/1905/1905
f 627/1964/1964 1071/1905/1905 670/1963/1963
f 670/1963/1963 1071/1905/1905 1031/1906/1906
f 670/1963/1963 1031/1906/1906 688/1962/1962
f 688/1962/1962 1031/1906/1906 1014/1907/1907
f 688/1962/1962 1014/1907/1907 699/1961/1961
f 699/1961/1961 1014/1907/1907 1002/1908/1908
f 699/1961/1961 1002/1908/1908 706/1960/1960
f 706/1960/1960 1002/1908/1908 995/1909/1909
f 706/1960/1960 995/1909/1909 1005/1910/1910
f 706/1960/1960 1005/1910/1910 696/1959/1959
f 696/1959/1959 1005/1910/1910 1018/1911/1911
f 696/1959/1959 1018/1911/1911 681/1958/1958
f 681/1958/1958 1018/1911/1911 1037/1912/1912
f 681/1958/1958 1037/1912/1912 663/1957/1957
f 663/1957/1957 1037/1912/1912 1081/1913/1913
f 663/1957/1957 1081/1913/1913 615/1956/1956
f 615/1956/1956 1081/1913/1913 1135/1914/1914
f 615/1956/1956 1135/1914/1914 550/1955/1955
f 550/1955/1955 1135/1914/1914 1177/1915/1915
f 550/1955/1955 1177/1915/1915 506/1954/1954
f 506/1954/1954 1177/1915/1915 467/1953/1953
f 467/1953/1953 1177/1915/1915 1214/1916/1916
f 467/1953/1953 1214/1916/1916 410/1952/1952
f 410/1952/1952 1214/1916/1916 1267/1917/1917
f 410/1952/1952 1267/1917/1917 1612/1934/1934
f 1612/1934/1934 1267/1917/1917 1325/1918/1918
f 1612/1934/1934 1325/1918/1918 1356/1919/1919
f 1356/1919/1919 1401/1920/1920 1612/1934/1934
f 1612/1934/1934 1401/1920/1920 1436/1921/1921
f 1612/1934/1934 1436/1921/1921 1468/1922/1922
f 1468/1922/1922 1509/1923/1923 1612/1934/1934
f 1612/1934/1934 1509/1923/1923 1549/1924/1924
f 1612/1934/1934 1549/1924/1924 1563/1925/1925
f 1563/1925/1925 1575/1926/1926 1612/1934/1934
f 1612/1934/1934 1575/1926/1926 1579/1927/1927
f 1612/1934/1934 1579/1927/1927 1604/1933/1933
f 1604/1933/1933 1579/1927/1927 1576/1928/1928
f 1604/1933/1933 1576/1928/1928 1567/1929/1929
f 1567/1929/1929 1556/1930/1930 1604/1933/1933
f 1604/1933/1933 1556/1930/1930 1520/1931/1931
f 1604/1933/1933 1520/1931/1931 1477/1932/1932
f 1612/1934/1934 91/1935/1935 410/1952/1952
f 410/1952/1952 91/1935/1935 374/1951/1951
f 374/1951/1951 91/1935/1935 310/1950/1950
f 310/1950/1950 91/1935/1935 265/1949/1949
f 265/1949/1949 91/1935/1935 230/1948/1948
f 230/1948/1948 91/1935/1935 196/1947/1947
f 196/1947/1947 91/1935/1935 161/1946/1946
f 161/1946/1946 91/1935/1935 125/1945/1945
f 125/1945/1945 91/1935/1935 110/1944/1944
f 110/1944/1944 91/1935/1935 100/1943/1943
f 100/1943/1943 91/1935/1935 96/1942/1942
f 96/1942/1942 91/1935/1935 83/1936/1936
f 96/1942/1942 83/1936/1936 99/1941/1941
f 99/1941/1941 83/1936/1936 109/1940/1940
f 109/1940/1940 83/1936/1936 119/1939/1939
f 119/1939/1939 83/1936/1936 152/1938/1938
f 152/1938/1938 83/1936/1936 187/1937/1937
f 1592/1966/1966 1311/1967/1967 1591/1969/1969
f 1591/1969/1969 1311/1967/1967 1310/1968/1968
f 1311/1970/1970 1232/1971/1971 1310/1992/1992
f 1310/1992/1992 1232/1971/1971 1215/1991/1991
f 1215/1991/1991 1232/1971/1971 1162/1972/1972
f 1215/1991/1991 1162/1972/1972 1138/1990/1990
f 1138/1990/1990 1162/1972/1972 1073/1973/1973
f 1138/1990/1990 1073/1973/1973 1041/1989/1989
f 1041/1989/1989 1073/1973/1973 1021/1974/1974
f 1041/1989/1989 1021/1974/1974 1008/1988/1988
f 1008/1988/1988 1021/1974/1974 1003/1975/1975
f 1008/1988/1988 1003/1975/1975 998/1987/1987
f 998/1987/1987 1003/1975/1975 1001/1976/1976
f 998/1987/1987 1001/1976/1976 1009/1986/1986
f 1009/1986/1986 1001/1976/1976 1019/1977/1977
f 1009/1986/1986 1019/1977/1977 1042/1985/1985
f 1042/1985/1985 1019/1977/1977 1068/1978/1978
f 1042/1985/1985 1068/1978/1978 1139/1984/1984
f 1139/1984/1984 1068/1978/1978 1157/1979/1979
f 1139/1984/1984 1157/1979/1979 1216/1983/1983
f 1216/1983/1983 1157/1979/1979 1229/1980/1980
f 1216/1983/1983 1229/1980/1980 1316/1982/1982
f 1316/1982/1982 1229/1980/1980 1317/1981/1981
f 1317/1993/1993 1594/1994/1994 1316/1996/1996
f 1316/1996/1996 1594/1994/1994 1593/1995/1995
f 1363/1998/1998 1593/2018/2018 1377/1997/1997
f 1377/1997/1997 1593/2018/2018 1591/2019/2019
f 1377/1997/1997 1591/2019/2019 1361/2006/2006
f 1361/2006/2006 1591/2019/2019 1310/2007/2007
f 1361/2006/2006 1310/2007/2007 1333/2005/2005
f 1333/2005/2005 1310/2007/2007 1292/2004/2004
f 1292/2004/2004 1310/2007/2007 1215/2008/2008
f 1292/2004/2004 1215/2008/2008 1138/2009/2009
f 1593/2018/2018 1363/1998/1998 1316/2017/2017
f 1316/2017/2017 1363/1998/1998 1335/1999/1999
f 1316/2017/2017 1335/1999/1999 1294/2000/2000
f 1258/2001/2001 1139/2015/2015 1294/2000/2000
f 1294/2000/2000 1139/2015/2015 1216/2016/2016
f 1294/2000/2000 1216/2016/2016 1316/2017/2017
f 1245/2002/2002 1009/2013/2013 1258/2001/2001
f 1258/2001/2001 1009/2013/2013 1042/2014/2014
f 1258/2001/2001 1042/2014/2014 1139/2015/2015
f 1256/2003/2003 1008/2011/2011 1245/2002/2002
f 1245/2002/2002 1008/2011/2011 998/2012/2012
f 1245/2002/2002 998/2012/2012 1009/2013/2013
f 1292/2004/2004 1138/2009/2009 1256/2003/2003
f 1256/2003/2003 1138/2009/2009 1041/2010/2010
f 1256/2003/2003 1041/2010/2010 1008/2011/2011
f 1591/2021/2021 1585/2037/2037 1592/2020/2020
f 1592/2020/2020 1585/2037/2037 1586/2038/2038
f 1592/2020/2020 1586/2038/2038 1588/2039/2039
f 1585/2037/2037 1591/2021/2021 1584/2036/2036
f 1584/2036/2036 1591/2021/2021 1593/2022/2022
f 1584/2036/2036 1593/2022/2022 1600/2028/2028
f 1600/2028/2028 1593/2022/2022 1594/2023/2023
f 1600/2028/2028 1594/2023/2023 1595/2024/2024
f 1597/2025/2025 1599/2026/2026 1595/2024/2024
f 1595/2024/2024 1599/2026/2026 1601/2027/2027
f 1595/2024/2024 1601/2027/2027 1600/2028/2028
f 1584/2036/2036 1600/2028/2028 1610/2035/2035
f 1610/2035/2035 1600/2028/2028 1605/2029/2029
f 1610/2035/2035 1605/2029/2029 1611/2034/2034
f 1611/2034/2034 1605/2029/2029 1607/2031/2031
f 1611/2034/2034 1607/2031/2031 1609/2033/2033
f 1609/2033/2033 1607/2031/2031 1608/2032/2032
f 1605/2029/2029 1606/2030/2030 1607/2031/2031
f 1588/2039/2039 1589/2040/2040 1592/2020/2020
f 334/2053/2053 319/2041/2041 74/2157/2157
f 74/2157/2157 319/2041/2041 333/2042/2042
f 74/2157/2157 333/2042/2042 73/2156/2156
f 73/2156/2156 333/2042/2042 380/2043/2043
f 73/2156/2156 380/2043/2043 431/2044/2044
f 480/2045/2045 765/2114/2114 431/2044/2044
f 431/2044/2044 765/2114/2114 366/2155/2155
f 431/2044/2044 366/2155/2155 73/2156/2156
f 765/2114/2114 480/2045/2045 730/2083/2083
f 730/2083/2083 480/2045/2045 533/2046/2046
f 730/2083/2083 533/2046/2046 726/2082/2082
f 726/2082/2082 533/2046/2046 572/2047/2047
f 726/2082/2082 572/2047/2047 723/2081/2081
f 723/2081/2081 572/2047/2047 573/2048/2048
f 723/2081/2081 573/2048/2048 727/2089/2089
f 727/2089/2089 573/2048/2048 534/2049/2049
f 727/2089/2089 534/2049/2049 731/2088/2088
f 731/2088/2088 534/2049/2049 481/2050/2050
f 731/2088/2088 481/2050/2050 74/2157/2157
f 74/2157/2157 481/2050/2050 432/2051/2051
f 74/2157/2157 432/2051/2051 381/2052/2052
f 381/2052/2052 334/2053/2053 74/2157/2157
f 852/2055/2055 789/2076/2076 849/2054/2054
f 849/2054/2054 789/2076/2076 790/2077/2077
f 849/2054/2054 790/2077/2077 853/2062/2062
f 853/2062/2062 790/2077/2077 794/2108/2108
f 853/2062/2062 794/2108/2108 859/2061/2061
f 859/2061/2061 794/2108/2108 798/2109/2109
f 859/2061/2061 798/2109/2109 799/2110/2110
f 789/2076/2076 852/2055/2055 783/2075/2075
f 783/2075/2075 852/2055/2055 858/2056/2056
f 783/2075/2075 858/2056/2056 777/2074/2074
f 777/2074/2074 858/2056/2056 521/2146/2146
f 777/2074/2074 521/2146/2146 625/2147/2147
f 864/2057/2057 939/2065/2065 858/2056/2056
f 858/2056/2056 939/2065/2065 1162/2143/2143
f 858/2056/2056 1162/2143/2143 1232/2144/2144
f 939/2065/2065 864/2057/2057 933/2064/2064
f 933/2064/2064 864/2057/2057 868/2058/2058
f 933/2064/2064 868/2058/2058 928/2063/2063
f 928/2063/2063 868/2058/2058 869/2059/2059
f 928/2063/2063 869/2059/2059 934/2071/2071
f 934/2071/2071 869/2059/2059 926/2092/2092
f 934/2071/2071 926/2092/2092 940/2070/2070
f 940/2070/2070 926/2092/2092 937/2093/2093
f 940/2070/2070 937/2093/2093 949/2094/2094
f 869/2059/2059 865/2060/2060 926/2092/2092
f 926/2092/2092 865/2060/2060 922/2091/2091
f 922/2091/2091 865/2060/2060 919/2090/2090
f 919/2090/2090 865/2060/2060 859/2061/2061
f 919/2090/2090 859/2061/2061 799/2110/2110
f 1162/2143/2143 939/2065/2065 1073/2142/2142
f 1073/2142/2142 939/2065/2065 945/2066/2066
f 1073/2142/2142 945/2066/2066 1021/2141/2141
f 1021/2141/2141 945/2066/2066 1003/2140/2140
f 1003/2140/2140 945/2066/2066 951/2067/2067
f 1003/2140/2140 951/2067/2067 1001/2139/2139
f 1001/2139/2139 951/2067/2067 1019/2138/2138
f 1019/2138/2138 951/2067/2067 952/2068/2068
f 1019/2138/2138 952/2068/2068 956/2095/2095
f 956/2095/2095 952/2068/2068 946/2069/2069
f 956/2095/2095 946/2069/2069 949/2094/2094
f 949/2094/2094 946/2069/2069 940/2070/2070
f 771/2073/2073 700/2150/2150 766/2072/2072
f 766/2072/2072 700/2150/2150 680/2151/2151
f 766/2072/2072 680/2151/2151 760/2104/2104
f 760/2104/2104 680/2151/2151 636/2152/2152
f 760/2104/2104 636/2152/2152 757/2103/2103
f 757/2103/2103 636/2152/2152 526/2153/2153
f 757/2103/2103 526/2153/2153 761/2115/2115
f 761/2115/2115 526/2153/2153 450/2154/2154
f 761/2115/2115 450/2154/2154 765/2114/2114
f 765/2114/2114 450/2154/2154 366/2155/2155
f 777/2074/2074 679/2148/2148 771/2073/2073
f 771/2073/2073 679/2148/2148 698/2149/2149
f 771/2073/2073 698/2149/2149 700/2150/2150
f 790/2077/2077 784/2078/2078 794/2108/2108
f 794/2108/2108 784/2078/2078 787/2107/2107
f 787/2107/2107 784/2078/2078 778/2079/2079
f 787/2107/2107 778/2079/2079 775/2106/2106
f 775/2106/2106 778/2079/2079 764/2105/2105
f 764/2105/2105 778/2079/2079 772/2080/2080
f 764/2105/2105 772/2080/2080 760/2104/2104
f 760/2104/2104 772/2080/2080 766/2072/2072
f 734/2084/2084 838/2132/2132 730/2083/2083
f 730/2083/2083 838/2132/2132 834/2116/2116
f 730/2083/2083 834/2116/2116 837/2117/2117
f 738/2085/2085 846/2130/2130 734/2084/2084
f 734/2084/2084 846/2130/2130 842/2131/2131
f 734/2084/2084 842/2131/2131 838/2132/2132
f 846/2130/2130 738/2085/2085 857/2129/2129
f 857/2129/2129 738/2085/2085 739/2086/2086
f 857/2129/2129 739/2086/2086 872/2128/2128
f 872/2128/2128 739/2086/2086 1595/2158/2158
f 872/2128/2128 1595/2158/2158 876/2127/2127
f 876/2127/2127 1595/2158/2158 880/2126/2126
f 880/2126/2126 1595/2158/2158 884/2125/2125
f 884/2125/2125 1595/2158/2158 957/2098/2098
f 884/2125/2125 957/2098/2098 883/2124/2124
f 883/2124/2124 957/2098/2098 950/2099/2099
f 883/2124/2124 950/2099/2099 879/2123/2123
f 879/2123/2123 950/2099/2099 938/2100/2100
f 879/2123/2123 938/2100/2100 875/2122/2122
f 875/2122/2122 938/2100/2100 871/2121/2121
f 871/2121/2121 938/2100/2100 927/2101/2101
f 871/2121/2121 927/2101/2101 856/2120/2120
f 856/2120/2120 927/2101/2101 795/2111/2111
f 856/2120/2120 795/2111/2111 788/2112/2112
f 739/2086/2086 735/2087/2087 1595/2158/2158
f 1595/2158/2158 735/2087/2087 74/2157/2157
f 74/2157/2157 735/2087/2087 731/2088/2088
f 1019/2138/2138 956/2095/2095 1068/2137/2137
f 1068/2137/2137 956/2095/2095 960/2096/2096
f 1068/2137/2137 960/2096/2096 1157/2136/2136
f 1157/2136/2136 960/2096/2096 961/2097/2097
f 1157/2136/2136 961/2097/2097 1229/2135/2135
f 1229/2135/2135 961/2097/2097 957/2098/2098
f 1229/2135/2135 957/2098/2098 1317/2134/2134
f 1317/2134/2134 957/2098/2098 1595/2158/2158
f 1317/2134/2134 1595/2158/2158 1594/2133/2133
f 927/2101/2101 923/2102/2102 795/2111/2111
f 795/2111/2111 923/2102/2102 799/2110/2110
f 799/2110/2110 923/2102/2102 919/2090/2090
f 856/2120/2120 788/2112/2112 845/2119/2119
f 845/2119/2119 788/2112/2112 776/2113/2113
f 845/2119/2119 776/2113/2113 841/2118/2118
f 841/2118/2118 776/2113/2113 837/2117/2117
f 837/2117/2117 776/2113/2113 765/2114/2114
f 837/2117/2117 765/2114/2114 730/2083/2083
f 1232/2144/2144 448/2145/2145 858/2056/2056
f 858/2056/2056 448/2145/2145 521/2146/2146
f 625/2147/2147 679/2148/2148 777/2074/2074
f 1601/2159/2159 1319/2160/2160 1600/2162/2162
f 1600/2162/2162 1319/2160/2160 1318/2161/2161
f 1319/2163/2163 1250/2164/2164 1318/2191/2191
f 1318/2191/2191 1250/2164/2164 1217/2190/2190
f 1217/2190/2190 1250/2164/2164 1189/2165/2165
f 1217/2190/2190 1189/2165/2165 1140/2189/2189
f 1140/2189/2189 1189/2165/2165 1136/2166/2166
f 1140/2189/2189 1136/2166/2166 1089/2167/2167
f 1140/2189/2189 1089/2167/2167 1043/2188/2188
f 1043/2188/2188 1089/2167/2167 1047/2168/2168
f 1043/2188/2188 1047/2168/2168 1026/2169/2169
f 1043/2188/2188 1026/2169/2169 1010/2187/2187
f 1010/2187/2187 1026/2169/2169 1004/2170/2170
f 1010/2187/2187 1004/2170/2170 999/2186/2186
f 999/2186/2186 1004/2170/2170 1000/2171/2171
f 999/2186/2186 1000/2171/2171 1011/2185/2185
f 1011/2185/2185 1000/2171/2171 1015/2172/2172
f 1011/2185/2185 1015/2172/2172 1030/2173/2173
f 1011/2185/2185 1030/2173/2173 1044/2184/2184
f 1044/2184/2184 1030/2173/2173 1055/2174/2174
f 1044/2184/2184 1055/2174/2174 1101/2175/2175
f 1044/2184/2184 1101/2175/2175 1141/2183/2183
f 1141/2183/2183 1101/2175/2175 1154/2176/2176
f 1141/2183/2183 1154/2176/2176 1184/2177/2177
f 1141/2183/2183 1184/2177/2177 1218/2182/2182
f 1218/2182/2182 1184/2177/2177 1225/2178/2178
f 1218/2182/2182 1225/2178/2178 1272/2179/2179
f 1324/2180/2180 1323/2181/2181 1272/2179/2179
f 1272/2179/2179 1323/2181/2181 1218/2182/2182
f 1324/2192/2192 1606/2193/2193 1323/2195/2195
f 1323/2195/2195 1606/2193/2193 1605/2194/2194
f 1367/2197/2197 1605/2218/2218 1379/2196/2196
f 1379/2196/2196 1605/2218/2218 1600/2206/2206
f 1379/2196/2196 1600/2206/2206 1365/2205/2205
f 1365/2205/2205 1600/2206/2206 1318/2207/2207
f 1365/2205/2205 1318/2207/2207 1337/2204/2204
f 1337/2204/2204 1318/2207/2207 1296/2203/2203
f 1296/2203/2203 1318/2207/2207 1217/2208/2208
f 1296/2203/2203 1217/2208/2208 1140/2209/2209
f 1605/2218/2218 1367/2197/2197 1323/2217/2217
f 1323/2217/2217 1367/2197/2197 1339/2198/2198
f 1323/2217/2217 1339/2198/2198 1298/2199/2199
f 1262/2200/2200 1141/2215/2215 1298/2199/2199
f 1298/2199/2199 1141/2215/2215 1218/2216/2216
f 1298/2199/2199 1218/2216/2216 1323/2217/2217
f 1247/2201/2201 1011/2213/2213 1262/2200/2200
f 1262/2200/2200 1011/2213/2213 1044/2214/2214
f 1262/2200/2200 1044/2214/2214 1141/2215/2215
f 1260/2202/2202 1010/2211/2211 1247/2201/2201
f 1247/2201/2201 1010/2211/2211 999/2212/2212
f 1247/2201/2201 999/2212/2212 1011/2213/2213
f 1296/2203/2203 1140/2209/2209 1260/2202/2202
f 1260/2202/2202 1140/2209/2209 1043/2210/2210
f 1260/2202/2202 1043/2210/2210 1010/2211/2211
f 1606/2219/2219 1324/2220/2220 1607/2250/2250
f 1607/2250/2250 1324/2220/2220 1272/2221/2221
f 1607/2250/2250 1272/2221/2221 404/2246/2246
f 404/2246/2246 1272/2221/2221 1225/2222/2222
f 404/2246/2246 1225/2222/2222 454/2245/2245
f 454/2245/2245 1225/2222/2222 1184/2223/2223
f 454/2245/2245 1184/2223/2223 489/2244/2244
f 489/2244/2244 1184/2223/2223 530/2243/2243
f 530/2243/2243 1184/2223/2223 1154/2224/2224
f 530/2243/2243 1154/2224/2224 596/2242/2242
f 596/2242/2242 1154/2224/2224 1101/2225/2225
f 596/2242/2242 1101/2225/2225 641/2241/2241
f 641/2241/2241 1101/2225/2225 1055/2226/2226
f 641/2241/2241 1055/2226/2226 671/2240/2240
f 671/2240/2240 1055/2226/2226 1030/2227/2227
f 671/2240/2240 1030/2227/2227 685/2239/2239
f 685/2239/2239 1030/2227/2227 1015/2228/2228
f 685/2239/2239 1015/2228/2228 701/2238/2238
f 701/2238/2238 1015/2228/2228 1000/2229/2229
f 701/2238/2238 1000/2229/2229 1004/2230/2230
f 701/2238/2238 1004/2230/2230 697/2237/2237
f 697/2237/2237 1004/2230/2230 1026/2231/2231
f 697/2237/2237 1026/2231/2231 676/2236/2236
f 676/2236/2236 1026/2231/2231 1047/2232/2232
f 676/2236/2236 1047/2232/2232 653/2235/2235
f 653/2235/2235 1047/2232/2232 1089/2233/2233
f 653/2235/2235 1089/2233/2233 611/2234/2234
f 1607/2250/2250 404/2246/2246 86/2249/2249
f 86/2249/2249 404/2246/2246 373/2247/2247
f 86/2249/2249 373/2247/2247 85/2248/2248
f 611/2268/2268 1089/2251/2251 548/2267/2267
f 548/2267/2267 1089/2251/2251 1136/2252/2252
f 548/2267/2267 1136/2252/2252 1189/2253/2253
f 1250/2254/2254 433/2265/2265 1189/2253/2253
f 1189/2253/2253 433/2265/2265 485/2266/2266
f 1189/2253/2253 485/2266/2266 548/2267/2267
f 433/2265/2265 1250/2254/2254 368/2264/2264
f 368/2264/2264 1250/2254/2254 1319/2255/2255
f 368/2264/2264 1319/2255/2255 78/2262/2262
f 78/2262/2262 1319/2255/2255 1599/2257/2257
f 78/2262/2262 1599/2257/2257 1597/2258/2258
f 1319/2255/2255 1601/2256/2256 1599/2257/2257
f 1595/2259/2259 74/2260/2260 1597/2258/2258
f 1597/2258/2258 74/2260/2260 76/2261/2261
f 1597/2258/2258 76/2261/2261 78/2262/2262
f 78/2262/2262 80/2263/2263 368/2264/2264
f 548/2270/2270 544/2276/2276 611/2269/2269
f 611/2269/2269 544/2276/2276 657/2277/2277
f 611/2269/2269 657/2277/2277 653/2297/2297
f 653/2297/2297 657/2277/2277 676/2296/2296
f 676/2296/2296 657/2277/2277 692/2278/2278
f 676/2296/2296 692/2278/2278 697/2295/2295
f 697/2295/2295 692/2278/2278 703/2279/2279
f 697/2295/2295 703/2279/2279 701/2294/2294
f 701/2294/2294 703/2279/2279 693/2280/2280
f 701/2294/2294 693/2280/2280 685/2293/2293
f 685/2293/2293 693/2280/2280 671/2292/2292
f 671/2292/2292 693/2280/2280 658/2281/2281
f 671/2292/2292 658/2281/2281 641/2291/2291
f 641/2291/2291 658/2281/2281 596/2290/2290
f 596/2290/2290 658/2281/2281 545/2282/2282
f 596/2290/2290 545/2282/2282 530/2289/2289
f 530/2289/2289 545/2282/2282 489/2288/2288
f 489/2288/2288 545/2282/2282 464/2283/2283
f 489/2288/2288 464/2283/2283 454/2287/2287
f 454/2287/2287 464/2283/2283 404/2286/2286
f 404/2286/2286 464/2283/2283 372/2284/2284
f 404/2286/2286 372/2284/2284 373/2285/2285
f 548/2270/2270 485/2271/2271 544/2276/2276
f 544/2276/2276 485/2271/2271 463/2275/2275
f 463/2275/2275 485/2271/2271 433/2272/2272
f 463/2275/2275 433/2272/2272 367/2274/2274
f 367/2274/2274 433/2272/2272 368/2273/2273
f 85/2298/2298 373/2299/2299 84/2301/2301
f 84/2301/2301 373/2299/2299 372/2300/2300
f 368/2302/2302 80/2303/2303 367/2305/2305
f 367/2305/2305 80/2303/2303 79/2304/2304
f 421/2307/2307 693/2321/2321 436/2306/2306
f 436/2306/2306 693/2321/2321 703/2322/2322
f 436/2306/2306 703/2322/2322 692/2323/2323
f 390/2308/2308 545/2319/2319 421/2307/2307
f 421/2307/2307 545/2319/2319 658/2320/2320
f 421/2307/2307 658/2320/2320 693/2321/2321
f 345/2309/2309 372/2317/2317 390/2308/2308
f 390/2308/2308 372/2317/2317 464/2318/2318
f 390/2308/2308 464/2318/2318 545/2319/2319
f 345/2309/2309 305/2310/2310 372/2317/2317
f 372/2317/2317 305/2310/2310 84/2316/2316
f 84/2316/2316 305/2310/2310 291/2311/2311
f 84/2316/2316 291/2311/2311 79/2328/2328
f 79/2328/2328 291/2311/2311 303/2312/2312
f 79/2328/2328 303/2312/2312 367/2327/2327
f 367/2327/2327 303/2312/2312 343/2313/2313
f 367/2327/2327 343/2313/2313 388/2314/2314
f 419/2315/2315 544/2325/2325 388/2314/2314
f 388/2314/2314 544/2325/2325 463/2326/2326
f 388/2314/2314 463/2326/2326 367/2327/2327
f 436/2306/2306 692/2323/2323 419/2315/2315
f 419/2315/2315 692/2323/2323 657/2324/2324
f 419/2315/2315 657/2324/2324 544/2325/2325
f 85/2329/2329 84/2330/2330 86/2349/2349
f 86/2349/2349 84/2330/2330 90/2346/2346
f 86/2349/2349 90/2346/2346 88/2347/2347
f 90/2346/2346 84/2330/2330 89/2345/2345
f 89/2345/2345 84/2330/2330 79/2331/2331
f 89/2345/2345 79/2331/2331 72/2337/2337
f 72/2337/2337 79/2331/2331 73/2336/2336
f 73/2336/2336 79/2331/2331 74/2335/2335
f 74/2335/2335 79/2331/2331 80/2332/2332
f 74/2335/2335 80/2332/2332 78/2333/2333
f 78/2333/2333 76/2334/2334 74/2335/2335
f 89/2345/2345 72/2337/2337 63/2344/2344
f 63/2344/2344 72/2337/2337 70/2338/2338
f 63/2344/2344 70/2338/2338 64/2343/2343
f 64/2343/2343 70/2338/2338 71/2339/2339
f 64/2343/2343 71/2339/2339 65/2342/2342
f 65/2342/2342 71/2339/2339 67/2341/2341
f 67/2341/2341 71/2339/2339 68/2340/2340
f 88/2347/2347 87/2348/2348 86/2349/2349
f 360/2351/2351 359/2352/2352 448/2350/2350
f 448/2350/2350 359/2352/2352 461/2353/2353
f 448/2350/2350 461/2353/2353 521/2372/2372
f 521/2372/2372 461/2353/2353 542/2354/2354
f 521/2372/2372 542/2354/2354 625/2371/2371
f 625/2371/2371 542/2354/2354 655/2355/2355
f 625/2371/2371 655/2355/2355 679/2370/2370
f 679/2370/2370 655/2355/2355 690/2356/2356
f 679/2370/2370 690/2356/2356 698/2369/2369
f 698/2369/2369 690/2356/2356 702/2357/2357
f 698/2369/2369 702/2357/2357 700/2368/2368
f 700/2368/2368 702/2357/2357 691/2358/2358
f 700/2368/2368 691/2358/2358 680/2367/2367
f 680/2367/2367 691/2358/2358 656/2359/2359
f 680/2367/2367 656/2359/2359 636/2366/2366
f 636/2366/2366 656/2359/2359 543/2360/2360
f 636/2366/2366 543/2360/2360 526/2365/2365
f 526/2365/2365 543/2360/2360 462/2361/2361
f 526/2365/2365 462/2361/2361 450/2364/2364
f 450/2364/2364 462/2361/2361 365/2362/2362
f 450/2364/2364 365/2362/2362 366/2363/2363
f 360/2373/2373 71/2374/2374 359/2376/2376
f 359/2376/2376 71/2374/2374 70/2375/2375
f 73/2377/2377 366/2378/2378 72/2380/2380
f 72/2380/2380 366/2378/2378 365/2379/2379
f 417/2382/2382 691/2395/2395 434/2381/2381
f 434/2381/2381 691/2395/2395 702/2396/2396
f 434/2381/2381 702/2396/2396 690/2397/2397
f 386/2383/2383 543/2393/2393 417/2382/2382
f 417/2382/2382 543/2393/2393 656/2394/2394
f 417/2382/2382 656/2394/2394 691/2395/2395
f 341/2384/2384 365/2391/2391 386/2383/2383
f 386/2383/2383 365/2391/2391 462/2392/2392
f 386/2383/2383 462/2392/2392 543/2393/2393
f 341/2384/2384 301/2385/2385 365/2391/2391
f 365/2391/2391 301/2385/2385 72/2403/2403
f 72/2403/2403 301/2385/2385 289/2386/2386
f 72/2403/2403 289/2386/2386 70/2402/2402
f 70/2402/2402 289/2386/2386 299/2387/2387
f 70/2402/2402 299/2387/2387 359/2401/2401
f 359/2401/2401 299/2387/2387 339/2388/2388
f 359/2401/2401 339/2388/2388 384/2389/2389
f 415/2390/2390 542/2399/2399 384/2389/2389
f 384/2389/2389 542/2399/2399 461/2400/2400
f 384/2389/2389 461/2400/2400 359/2401/2401
f 434/2381/2381 690/2397/2397 415/2390/2390
f 415/2390/2390 690/2397/2397 655/2398/2398
f 415/2390/2390 655/2398/2398 542/2399/2399
f 755/2404/2404 965/2405/2405 756/2407/2407
f 756/2407/2407 965/2405/2405 966/2406/2406
f 965/2408/2408 963/2409/2409 966/2411/2411
f 966/2411/2411 963/2409/2409 964/2410/2410
f 753/2412/2412 755/2413/2413 754/2415/2415
f 754/2415/2415 755/2413/2413 756/2414/2414
f 754/2416/2416 756/2417/2417 832/2421/2421
f 832/2421/2421 756/2417/2417 966/2418/2418
f 832/2421/2421 966/2418/2418 917/2420/2420
f 917/2420/2420 966/2418/2418 964/2419/2419
f 832/2422/2422 833/2423/2423 754/2438/2438
f 754/2438/2438 833/2423/2423 90/2424/2424
f 754/2438/2438 90/2424/2424 721/2436/2436
f 721/2436/2436 90/2424/2424 719/2435/2435
f 719/2435/2435 90/2424/2424 717/2434/2434
f 717/2434/2434 90/2424/2424 715/2433/2433
f 715/2433/2433 90/2424/2424 712/2432/2432
f 712/2432/2432 90/2424/2424 89/2425/2425
f 712/2432/2432 89/2425/2425 711/2431/2431
f 711/2431/2431 89/2425/2425 709/2430/2430
f 709/2430/2430 89/2425/2425 589/2426/2426
f 709/2430/2430 589/2426/2426 707/2429/2429
f 707/2429/2429 589/2426/2426 683/2428/2428
f 683/2428/2428 589/2426/2426 588/2427/2427
f 721/2436/2436 753/2437/2437 754/2438/2438
f 1642/2446/2446 1643/2439/2439 1623/2445/2445
f 1623/2445/2445 1643/2439/2439 1624/2440/2440
f 1623/2445/2445 1624/2440/2440 1619/2444/2444
f 1619/2444/2444 1624/2440/2440 1620/2441/2441
f 1619/2444/2444 1620/2441/2441 1570/2443/2443
f 1570/2443/2443 1620/2441/2441 1571/2442/2442
f 1642/2448/2448 1640/2449/2449 1643/2447/2447
f 1643/2447/2447 1640/2449/2449 1641/2450/2450
f 1568/2458/2458 1569/2451/2451 1617/2457/2457
f 1617/2457/2457 1569/2451/2451 1618/2452/2452
f 1617/2457/2457 1618/2452/2452 1621/2456/2456
f 1621/2456/2456 1618/2452/2452 1622/2453/2453
f 1621/2456/2456 1622/2453/2453 1640/2455/2455
f 1640/2455/2455 1622/2453/2453 1641/2454/2454
f 1568/2460/2460 104/2461/2461 1569/2459/2459
f 1569/2459/2459 104/2461/2461 105/2462/2462
f 106/2470/2470 107/2463/2463 57/2469/2469
f 57/2469/2469 107/2463/2463 58/2464/2464
f 57/2469/2469 58/2464/2464 53/2468/2468
f 53/2468/2468 58/2464/2464 54/2465/2465
f 53/2468/2468 54/2465/2465 34/2467/2467
f 34/2467/2467 54/2465/2465 35/2466/2466
f 106/2472/2472 590/2473/2473 107/2471/2471
f 107/2471/2471 590/2473/2473 591/2474/2474
f 32/2482/2482 33/2475/2475 51/2481/2481
f 51/2481/2481 33/2475/2475 52/2476/2476
f 51/2481/2481 52/2476/2476 55/2480/2480
f 55/2480/2480 52/2476/2476 56/2477/2477
f 55/2480/2480 56/2477/2477 104/2479/2479
f 104/2479/2479 56/2477/2477 105/2478/2478
f 35/2484/2484 33/2485/2485 34/2483/2483
f 34/2483/2483 33/2485/2485 32/2486/2486
f 1115/2487/2487 1117/2488/2488 1116/2490/2490
f 1116/2490/2490 1117/2488/2488 1118/2489/2489
f 1571/2492/2492 1118/2493/2493 1570/2491/2491
f 1570/2491/2491 1118/2493/2493 1117/2494/2494
f 590/2495/2495 588/2496/2496 591/2498/2498
f 591/2498/2498 588/2496/2496 589/2497/2497
f 1620/2500/2500 1610/2526/2526 1571/2499/2499
f 1571/2499/2499 1610/2526/2526 1116/2527/2527
f 1571/2499/2499 1116/2527/2527 1118/2528/2528
f 1620/2500/2500 1624/2501/2501 1610/2526/2526
f 1610/2526/2526 1624/2501/2501 1643/2502/2502
f 1610/2526/2526 1643/2502/2502 1584/2525/2525
f 1584/2525/2525 1643/2502/2502 1641/2503/2503
f 1584/2525/2525 1641/2503/2503 1622/2504/2504
f 1622/2504/2504 1618/2505/2505 1584/2525/2525
f 1584/2525/2525 1618/2505/2505 1569/2506/2506
f 1584/2525/2525 1569/2506/2506 1103/2524/2524
f 1103/2524/2524 1569/2506/2506 968/2523/2523
f 968/2523/2523 1569/2506/2506 887/2522/2522
f 887/2522/2522 1569/2506/2506 105/2507/2507
f 887/2522/2522 105/2507/2507 802/2521/2521
f 802/2521/2521 105/2507/2507 742/2520/2520
f 742/2520/2520 105/2507/2507 576/2519/2519
f 576/2519/2519 105/2507/2507 63/2518/2518
f 63/2518/2518 105/2507/2507 56/2508/2508
f 63/2518/2518 56/2508/2508 52/2509/2509
f 52/2509/2509 33/2510/2510 63/2518/2518
f 63/2518/2518 33/2510/2510 35/2511/2511
f 63/2518/2518 35/2511/2511 89/2517/2517
f 89/2517/2517 35/2511/2511 54/2512/2512
f 89/2517/2517 54/2512/2512 58/2513/2513
f 58/2513/2513 107/2514/2514 89/2517/2517
f 89/2517/2517 107/2514/2514 589/2516/2516
f 589/2516/2516 107/2514/2514 591/2515/2515
f 923/2530/2530 921/2555/2555 919/2529/2529
f 919/2556/2556 921/2548/2548 920/2549/2549
f 919/2557/2557 920/2549/2549 922/2541/2541
f 922/2541/2541 920/2549/2549 924/2550/2550
f 922/2541/2541 924/2550/2550 926/2540/2540
f 926/2540/2540 924/2550/2550 931/2551/2551
f 926/2540/2540 931/2551/2551 937/2539/2539
f 937/2539/2539 931/2551/2551 943/2552/2552
f 937/2539/2539 943/2552/2552 949/2538/2538
f 949/2538/2538 943/2552/2552 954/2553/2553
f 949/2538/2538 954/2553/2553 956/2537/2537
f 956/2537/2537 954/2553/2553 958/2554/2554
f 956/2537/2537 958/2554/2554 960/2536/2536
f 960/2536/2536 958/2554/2554 962/2542/2542
f 960/2536/2536 962/2542/2542 961/2535/2535
f 961/2535/2535 962/2542/2542 959/2543/2543
f 961/2535/2535 959/2543/2543 957/2534/2534
f 957/2534/2534 959/2543/2543 955/2544/2544
f 957/2534/2534 955/2544/2544 950/2533/2533
f 950/2533/2533 955/2544/2544 944/2545/2545
f 950/2533/2533 944/2545/2545 938/2532/2532
f 938/2532/2532 944/2545/2545 932/2546/2546
f 938/2532/2532 932/2546/2546 927/2531/2531
f 927/2531/2531 932/2546/2546 925/2547/2547
f 927/2531/2531 925/2547/2547 923/2530/2530
f 923/2530/2530 925/2547/2547 921/2558/2558
f 761/2560/2560 759/2585/2585 757/2559/2559
f 757/2586/2586 759/2578/2578 758/2579/2579
f 757/2587/2587 758/2579/2579 760/2571/2571
f 760/2571/2571 758/2579/2579 762/2580/2580
f 760/2571/2571 762/2580/2580 764/2570/2570
f 764/2570/2570 762/2580/2580 769/2581/2581
f 764/2570/2570 769/2581/2581 775/2569/2569
f 775/2569/2569 769/2581/2581 781/2582/2582
f 775/2569/2569 781/2582/2582 787/2568/2568
f 787/2568/2568 781/2582/2582 792/2583/2583
f 787/2568/2568 792/2583/2583 794/2567/2567
f 794/2567/2567 792/2583/2583 796/2584/2584
f 794/2567/2567 796/2584/2584 798/2566/2566
f 798/2566/2566 796/2584/2584 800/2572/2572
f 798/2566/2566 800/2572/2572 799/2565/2565
f 799/2565/2565 800/2572/2572 797/2573/2573
f 799/2565/2565 797/2573/2573 795/2564/2564
f 795/2564/2564 797/2573/2573 793/2574/2574
f 795/2564/2564 793/2574/2574 788/2563/2563
f 788/2563/2563 793/2574/2574 782/2575/2575
f 788/2563/2563 782/2575/2575 776/2562/2562
f 776/2562/2562 782/2575/2575 770/2576/2576
f 776/2562/2562 770/2576/2576 765/2561/2561
f 765/2561/2561 770/2576/2576 763/2577/2577
f 765/2561/2561 763/2577/2577 761/2560/2560
f 761/2560/2560 763/2577/2577 759/2588/2588
f 838/2590/2590 836/2623/2623 834/2589/2589
f 834/2624/2624 836/2614/2614 835/2615/2615
f 834/2625/2625 835/2615/2615 837/2605/2605
f 837/2605/2605 835/2615/2615 839/2616/2616
f 837/2605/2605 839/2616/2616 841/2604/2604
f 841/2604/2604 839/2616/2616 843/2617/2617
f 841/2604/2604 843/2617/2617 845/2603/2603
f 845/2603/2603 843/2617/2617 847/2618/2618
f 845/2603/2603 847/2618/2618 856/2602/2602
f 856/2602/2602 847/2618/2618 862/2619/2619
f 856/2602/2602 862/2619/2619 871/2601/2601
f 871/2601/2601 862/2619/2619 873/2620/2620
f 871/2601/2601 873/2620/2620 875/2600/2600
f 875/2600/2600 873/2620/2620 877/2621/2621
f 875/2600/2600 877/2621/2621 879/2599/2599
f 879/2599/2599 877/2621/2621 881/2622/2622
f 879/2599/2599 881/2622/2622 883/2598/2598
f 883/2598/2598 881/2622/2622 885/2606/2606
f 883/2598/2598 885/2606/2606 884/2597/2597
f 884/2597/2597 885/2606/2606 882/2607/2607
f 884/2597/2597 882/2607/2607 880/2596/2596
f 880/2596/2596 882/2607/2607 878/2608/2608
f 880/2596/2596 878/2608/2608 876/2595/2595
f 876/2595/2595 878/2608/2608 874/2609/2609
f 876/2595/2595 874/2609/2609 872/2594/2594
f 872/2594/2594 874/2609/2609 863/2610/2610
f 872/2594/2594 863/2610/2610 857/2593/2593
f 857/2593/2593 863/2610/2610 848/2611/2611
f 857/2593/2593 848/2611/2611 846/2592/2592
f 846/2592/2592 848/2611/2611 844/2612/2612
f 846/2592/2592 844/2612/2612 842/2591/2591
f 842/2591/2591 844/2612/2612 840/2613/2613
f 842/2591/2591 840/2613/2613 838/2590/2590
f 838/2590/2590 840/2613/2613 836/2626/2626
f 1581/2634/2634 1580/2627/2627 1626/2633/2633
f 1626/2633/2633 1580/2627/2627 1625/2628/2628
f 1626/2633/2633 1625/2628/2628 1645/2632/2632
f 1645/2632/2632 1625/2628/2628 1644/2629/2629
f 1645/2632/2632 1644/2629/2629 1660/2631/2631
f 1660/2631/2631 1644/2629/2629 1659/2630/2630
f 1664/2635/2635 1649/2636/2636 1663/2648/2648
f 1663/2648/2648 1649/2636/2636 1648/2650/2650
f 1663/2648/2648 1648/2650/2650 1662/2647/2647
f 1662/2647/2647 1648/2650/2650 1647/2652/2652
f 1662/2647/2647 1647/2652/2652 1661/2646/2646
f 1661/2646/2646 1647/2652/2652 1646/2654/2654
f 1661/2646/2646 1646/2654/2654 1660/2645/2645
f 1660/2645/2645 1646/2654/2654 1645/2644/2644
f 1645/2644/2644 1646/2654/2654 1627/2653/2653
f 1645/2644/2644 1627/2653/2653 1626/2643/2643
f 1626/2643/2643 1627/2653/2653 1582/2641/2641
f 1626/2643/2643 1582/2641/2641 1581/2642/2642
f 1649/2636/2636 1630/2637/2637 1648/2650/2650
f 1648/2650/2650 1630/2637/2637 1629/2649/2649
f 1648/2650/2650 1629/2649/2649 1647/2652/2652
f 1647/2652/2652 1629/2649/2649 1628/2651/2651
f 1647/2652/2652 1628/2651/2651 1646/2654/2654
f 1646/2654/2654 1628/2651/2651 1627/2653/2653
f 1630/2637/2637 1590/2638/2638 1629/2649/2649
f 1629/2649/2649 1590/2638/2638 1587/2639/2639
f 1629/2649/2649 1587/2639/2639 1628/2651/2651
f 1628/2651/2651 1587/2639/2639 1583/2640/2640
f 1628/2651/2651 1583/2640/2640 1627/2653/2653
f 1627/2653/2653 1583/2640/2640 1582/2641/2641
f 1664/2662/2662 1665/2655/2655 1649/2661/2661
f 1649/2661/2661 1665/2655/2655 1650/2656/2656
f 1649/2661/2661 1650/2656/2656 1630/2660/2660
f 1630/2660/2660 1650/2656/2656 1631/2657/2657
f 1630/2660/2660 1631/2657/2657 1590/2659/2659
f 1590/2659/2659 1631/2657/2657 1596/2658/2658
f 1669/2663/2663 1654/2664/2664 1668/2676/2676
f 1668/2676/2676 1654/2664/2664 1653/2678/2678
f 1668/2676/2676 1653/2678/2678 1667/2675/2675
f 1667/2675/2675 1653/2678/2678 1652/2680/2680
f 1667/2675/2675 1652/2680/2680 1666/2674/2674
f 1666/2674/2674 1652/2680/2680 1651/2682/2682
f 1666/2674/2674 1651/2682/2682 1665/2673/2673
f 1665/2673/2673 1651/2682/2682 1650/2672/2672
f 1650/2672/2672 1651/2682/2682 1632/2681/2681
f 1650/2672/2672 1632/2681/2681 1631/2671/2671
f 1631/2671/2671 1632/2681/2681 1598/2669/2669
f 1631/2671/2671 1598/2669/2669 1596/2670/2670
f 1654/2664/2664 1635/2665/2665 1653/2678/2678
f 1653/2678/2678 1635/2665/2665 1634/2677/2677
f 1653/2678/2678 1634/2677/2677 1652/2680/2680
f 1652/2680/2680 1634/2677/2677 1633/2679/2679
f 1652/2680/2680 1633/2679/2679 1651/2682/2682
f 1651/2682/2682 1633/2679/2679 1632/2681/2681
f 1635/2665/2665 1604/2666/2666 1634/2677/2677
f 1634/2677/2677 1604/2666/2666 1603/2667/2667
f 1634/2677/2677 1603/2667/2667 1633/2679/2679
f 1633/2679/2679 1603/2667/2667 1602/2668/2668
f 1633/2679/2679 1602/2668/2668 1632/2681/2681
f 1632/2681/2681 1602/2668/2668 1598/2669/2669
f 1669/2690/2690 1670/2683/2683 1654/2689/2689
f 1654/2689/2689 1670/2683/2683 1655/2684/2684
f 1654/2689/2689 1655/2684/2684 1635/2688/2688
f 1635/2688/2688 1655/2684/2684 1636/2685/2685
f 1635/2688/2688 1636/2685/2685 1604/2687/2687
f 1604/2687/2687 1636/2685/2685 1612/2686/2686
f 1674/2691/2691 1658/2692/2692 1672/2702/2702
f 1672/2702/2702 1658/2692/2692 1656/2704/2704
f 1672/2702/2702 1656/2704/2704 1671/2701/2701
f 1671/2701/2701 1656/2704/2704 1655/2699/2699
f 1671/2701/2701 1655/2699/2699 1670/2700/2700
f 1658/2692/2692 1639/2693/2693 1656/2704/2704
f 1656/2704/2704 1639/2693/2693 1637/2703/2703
f 1656/2704/2704 1637/2703/2703 1655/2699/2699
f 1655/2699/2699 1637/2703/2703 1636/2698/2698
f 1636/2698/2698 1637/2703/2703 1613/2696/2696
f 1636/2698/2698 1613/2696/2696 1612/2697/2697
f 1616/2694/2694 1614/2695/2695 1639/2693/2693
f 1639/2693/2693 1614/2695/2695 1637/2703/2703
f 1614/2695/2695 1613/2696/2696 1637/2703/2703
f 1674/2712/2712 1673/2705/2705 1658/2711/2711
f 1658/2711/2711 1673/2705/2705 1657/2706/2706
f 1658/2711/2711 1657/2706/2706 1639/2710/2710
f 1639/2710/2710 1657/2706/2706 1638/2707/2707
f 1639/2710/2710 1638/2707/2707 1616/2709/2709
f 1616/2709/2709 1638/2707/2707 1615/2708/2708
f 1674/2714/2714 1664/2723/2723 1673/2713/2713
f 1673/2713/2713 1664/2723/2723 1660/2727/2727
f 1673/2713/2713 1660/2727/2727 1659/2728/2728
f 1664/2723/2723 1674/2714/2714 1670/2717/2717
f 1670/2717/2717 1674/2714/2714 1672/2715/2715
f 1670/2717/2717 1672/2715/2715 1671/2716/2716
f 1664/2723/2723 1670/2717/2717 1665/2722/2722
f 1665/2722/2722 1670/2717/2717 1669/2718/2718
f 1665/2722/2722 1669/2718/2718 1668/2719/2719
f 1668/2719/2719 1667/2720/2720 1665/2722/2722
f 1665/2722/2722 1667/2720/2720 1666/2721/2721
f 1663/2724/2724 1662/2725/2725 1664/2723/2723
f 1664/2723/2723 1662/2725/2725 1661/2726/2726
f 1664/2723/2723 1661/2726/2726 1660/2727/2727
f 1581/2730/2730 60/2731/2731 1580/2729/2729
f 1580/2729/2729 60/2731/2731 59/2732/2732
f 95/2740/2740 94/2733/2733 50/2739/2739
f 50/2739/2739 94/2733/2733 49/2734/2734
f 50/2739/2739 49/2734/2734 31/2738/2738
f 31/2738/2738 49/2734/2734 30/2735/2735
f 31/2738/2738 30/2735/2735 16/2737/2737
f 16/2737/2737 30/2735/2735 15/2736/2736
f 12/2741/2741 28/2742/2742 13/2752/2752
f 13/2752/2752 28/2742/2742 29/2754/2754
f 13/2752/2752 29/2754/2754 14/2751/2751
f 14/2751/2751 29/2754/2754 31/2749/2749
f 14/2751/2751 31/2749/2749 16/2750/2750
f 28/2742/2742 47/2743/2743 29/2754/2754
f 29/2754/2754 47/2743/2743 48/2753/2753
f 29/2754/2754 48/2753/2753 31/2749/2749
f 31/2749/2749 48/2753/2753 50/2748/2748
f 50/2748/2748 48/2753/2753 93/2746/2746
f 50/2748/2748 93/2746/2746 95/2747/2747
f 91/2744/2744 92/2745/2745 47/2743/2743
f 47/2743/2743 92/2745/2745 48/2753/2753
f 92/2745/2745 93/2746/2746 48/2753/2753
f 12/2762/2762 11/2755/2755 28/2761/2761
f 28/2761/2761 11/2755/2755 27/2756/2756
f 28/2761/2761 27/2756/2756 47/2760/2760
f 47/2760/2760 27/2756/2756 46/2757/2757
f 47/2760/2760 46/2757/2757 91/2759/2759
f 91/2759/2759 46/2757/2757 83/2758/2758
f 7/2763/2763 23/2764/2764 8/2776/2776
f 8/2776/2776 23/2764/2764 24/2778/2778
f 8/2776/2776 24/2778/2778 9/2775/2775
f 9/2775/2775 24/2778/2778 25/2780/2780
f 9/2775/2775 25/2780/2780 10/2774/2774
f 10/2774/2774 25/2780/2780 26/2782/2782
f 10/2774/2774 26/2782/2782 11/2773/2773
f 11/2773/2773 26/2782/2782 27/2772/2772
f 27/2772/2772 26/2782/2782 45/2781/2781
f 27/2772/2772 45/2781/2781 46/2771/2771
f 46/2771/2771 45/2781/2781 82/2769/2769
f 46/2771/2771 82/2769/2769 83/2770/2770
f 23/2764/2764 42/2765/2765 24/2778/2778
f 24/2778/2778 42/2765/2765 43/2777/2777
f 24/2778/2778 43/2777/2777 25/2780/2780
f 25/2780/2780 43/2777/2777 44/2779/2779
f 25/2780/2780 44/2779/2779 26/2782/2782
f 26/2782/2782 44/2779/2779 45/2781/2781
f 42/2765/2765 75/2766/2766 43/2777/2777
f 43/2777/2777 75/2766/2766 77/2767/2767
f 43/2777/2777 77/2767/2767 44/2779/2779
f 44/2779/2779 77/2767/2767 81/2768/2768
f 44/2779/2779 81/2768/2768 45/2781/2781
f 45/2781/2781 81/2768/2768 82/2769/2769
f 7/2790/2790 6/2783/2783 23/2789/2789
f 23/2789/2789 6/2783/2783 22/2784/2784
f 23/2789/2789 22/2784/2784 42/2788/2788
f 42/2788/2788 22/2784/2784 41/2785/2785
f 42/2788/2788 41/2785/2785 75/2787/2787
f 75/2787/2787 41/2785/2785 69/2786/2786
f 2/2791/2791 18/2792/2792 3/2804/2804
f 3/2804/2804 18/2792/2792 19/2806/2806
f 3/2804/2804 19/2806/2806 4/2803/2803
f 4/2803/2803 19/2806/2806 20/2808/2808
f 4/2803/2803 20/2808/2808 5/2802/2802
f 5/2802/2802 20/2808/2808 21/2810/2810
f 5/2802/2802 21/2810/2810 6/2801/2801
f 6/2801/2801 21/2810/2810 22/2800/2800
f 22/2800/2800 21/2810/2810 40/2809/2809
f 22/2800/2800 40/2809/2809 41/2799/2799
f 41/2799/2799 40/2809/2809 66/2797/2797
f 41/2799/2799 66/2797/2797 69/2798/2798
f 18/2792/2792 37/2793/2793 19/2806/2806
f 19/2806/2806 37/2793/2793 38/2805/2805
f 19/2806/2806 38/2805/2805 20/2808/2808
f 20/2808/2808 38/2805/2805 39/2807/2807
f 20/2808/2808 39/2807/2807 21/2810/2810
f 21/2810/2810 39/2807/2807 40/2809/2809
f 37/2793/2793 60/2794/2794 38/2805/2805
f 38/2805/2805 60/2794/2794 61/2795/2795
f 38/2805/2805 61/2795/2795 39/2807/2807
f 39/2807/2807 61/2795/2795 62/2796/2796
f 39/2807/2807 62/2796/2796 40/2809/2809
f 40/2809/2809 62/2796/2796 66/2797/2797
f 2/2818/2818 1/2811/2811 18/2817/2817
f 18/2817/2817 1/2811/2811 17/2812/2812
f 18/2817/2817 17/2812/2812 37/2816/2816
f 37/2816/2816 17/2812/2812 36/2813/2813
f 37/2816/2816 36/2813/2813 60/2815/2815
f 60/2815/2815 36/2813/2813 59/2814/2814
f 1/2819/2819 2/2820/2820 15/2834/2834
f 15/2834/2834 2/2820/2820 6/2824/2824
f 15/2834/2834 6/2824/2824 16/2833/2833
f 16/2833/2833 6/2824/2824 12/2830/2830
f 16/2833/2833 12/2830/2830 14/2832/2832
f 14/2832/2832 12/2830/2830 13/2831/2831
f 2/2820/2820 3/2821/2821 6/2824/2824
f 6/2824/2824 3/2821/2821 4/2822/2822
f 6/2824/2824 4/2822/2822 5/2823/2823
f 6/2824/2824 7/2825/2825 12/2830/2830
f 12/2830/2830 7/2825/2825 11/2829/2829
f 11/2829/2829 7/2825/2825 10/2828/2828
f 10/2828/2828 7/2825/2825 9/2827/2827
f 9/2827/2827 7/2825/2825 8/2826/2826
f 1615/2836/2836 990/2842/2842 1616/2835/2835
f 1616/2835/2835 990/2842/2842 986/2843/2843
f 1616/2835/2835 986/2843/2843 984/2844/2844
f 1119/2837/2837 1017/2838/2838 1615/2836/2836
f 1615/2836/2836 1017/2838/2838 994/2839/2839
f 1615/2836/2836 994/2839/2839 992/2840/2840
f 992/2840/2840 989/2841/2841 1615/2836/2836
f 1615/2836/2836 989/2841/2841 990/2842/2842
f 984/2844/2844 982/2845/2845 1616/2835/2835
f 1616/2835/2835 982/2845/2845 980/2846/2846
f 1616/2835/2835 980/2846/2846 722/2847/2847
f 1616/2835/2835 722/2847/2847 95/2858/2858
f 95/2858/2858 722/2847/2847 720/2848/2848
f 95/2858/2858 720/2848/2848 718/2849/2849
f 718/2849/2849 716/2850/2850 95/2858/2858
f 95/2858/2858 716/2850/2850 714/2851/2851
f 95/2858/2858 714/2851/2851 94/2857/2857
f 94/2857/2857 714/2851/2851 713/2852/2852
f 94/2857/2857 713/2852/2852 710/2853/2853
f 710/2853/2853 708/2854/2854 94/2857/2857
f 94/2857/2857 708/2854/2854 684/2855/2855
f 94/2857/2857 684/2855/2855 592/2856/2856
f 592/2859/2859 684/2860/2860 590/2869/2869
f 590/2869/2869 684/2860/2860 683/2867/2867
f 590/2869/2869 683/2867/2867 588/2868/2868
f 683/2867/2867 684/2860/2860 707/2866/2866
f 707/2866/2866 684/2860/2860 708/2861/2861
f 707/2866/2866 708/2861/2861 709/2865/2865
f 709/2865/2865 708/2861/2861 710/2862/2862
f 709/2865/2865 710/2862/2862 711/2864/2864
f 711/2864/2864 710/2862/2862 713/2863/2863
f 713/2871/2871 714/2872/2872 711/2870/2870
f 711/2870/2870 714/2872/2872 712/2873/2873
f 712/2883/2883 714/2874/2874 715/2882/2882
f 715/2882/2882 714/2874/2874 716/2875/2875
f 715/2882/2882 716/2875/2875 717/2881/2881
f 717/2881/2881 716/2875/2875 718/2876/2876
f 717/2881/2881 718/2876/2876 719/2880/2880
f 719/2880/2880 718/2876/2876 720/2877/2877
f 719/2880/2880 720/2877/2877 721/2879/2879
f 721/2879/2879 720/2877/2877 722/2878/2878
f 753/2885/2885 721/2886/2886 755/2884/2884
f 755/2884/2884 721/2886/2886 722/2887/2887
f 755/2884/2884 722/2887/2887 980/2888/2888
f 755/2884/2884 980/2888/2888 965/2891/2891
f 965/2891/2891 980/2888/2888 979/2889/2889
f 965/2891/2891 979/2889/2889 963/2890/2890
f 987/2902/2902 989/2892/2892 991/2901/2901
f 991/2901/2901 989/2892/2892 992/2893/2893
f 991/2901/2901 992/2893/2893 993/2900/2900
f 993/2900/2900 992/2893/2893 994/2894/2894
f 993/2900/2900 994/2894/2894 1016/2899/2899
f 1016/2899/2899 994/2894/2894 1017/2895/2895
f 1016/2899/2899 1017/2895/2895 1117/2897/2897
f 1117/2897/2897 1017/2895/2895 1119/2896/2896
f 1117/2897/2897 1115/2898/2898 1016/2899/2899
f 987/2904/2904 988/2905/2905 989/2903/2903
f 989/2903/2903 988/2905/2905 990/2906/2906
f 979/2916/2916 980/2907/2907 981/2915/2915
f 981/2915/2915 980/2907/2907 982/2908/2908
f 981/2915/2915 982/2908/2908 983/2914/2914
f 983/2914/2914 982/2908/2908 984/2909/2909
f 983/2914/2914 984/2909/2909 985/2913/2913
f 985/2913/2913 984/2909/2909 986/2910/2910
f 985/2913/2913 986/2910/2910 988/2912/2912
f 988/2912/2912 986/2910/2910 990/2911/2911
f 91/2924/2924 1612/2917/2917 92/2923/2923
f 92/2923/2923 1612/2917/2917 1613/2918/2918
f 92/2923/2923 1613/2918/2918 1614/2919/2919
f 1616/2920/2920 95/2921/2921 1614/2919/2919
f 1614/2919/2919 95/2921/2921 93/2922/2922
f 1614/2919/2919 93/2922/2922 92/2923/2923
f 60/2934/2934 1581/2925/2925 61/2933/2933
f 61/2933/2933 1581/2925/2925 1582/2926/2926
f 61/2933/2933 1582/2926/2926 62/2932/2932
f 62/2932/2932 1582/2926/2926 1583/2927/2927
f 62/2932/2932 1583/2927/2927 66/2931/2931
f 66/2931/2931 1583/2927/2927 1587/2928/2928
f 66/2931/2931 1587/2928/2928 69/2930/2930
f 69/2930/2930 1587/2928/2928 1590/2929/2929
f 1592/2936/2936 1589/2937/2937 1311/2935/2935
f 1311/2935/2935 1589/2937/2937 68/2944/2944
f 1311/2935/2935 68/2944/2944 360/2946/2946
f 360/2946/2946 68/2944/2944 71/2945/2945
f 1589/2937/2937 1588/2938/2938 68/2944/2944
f 68/2944/2944 1588/2938/2938 67/2943/2943
f 67/2943/2943 1588/2938/2938 1586/2939/2939
f 67/2943/2943 1586/2939/2939 65/2942/2942
f 65/2942/2942 1586/2939/2939 64/2941/2941
f 64/2941/2941 1586/2939/2939 1585/2940/2940
f 448/2947/2947 1232/2948/2948 360/2946/2946
f 360/2946/2946 1232/2948/2948 1311/2935/2935
f 1117/2950/2950 1119/2951/2951 1570/2949/2949
f 1570/2949/2949 1119/2951/2951 1615/2952/2952
f 1570/2949/2949 1615/2952/2952 1619/2984/2984
f 1619/2984/2984 1615/2952/2952 1638/2953/2953
f 1619/2984/2984 1638/2953/2953 1657/2954/2954
f 1619/2984/2984 1657/2954/2954 1623/2983/2983
f 1623/2983/2983 1657/2954/2954 1673/2955/2955
f 1623/2983/2983 1673/2955/2955 1642/2982/2982
f 1642/2982/2982 1673/2955/2955 1659/2956/2956
f 1642/2982/2982 1659/2956/2956 1640/2981/2981
f 1640/2981/2981 1659/2956/2956 1621/2980/2980
f 1621/2980/2980 1659/2956/2956 1644/2957/2957
f 1621/2980/2980 1644/2957/2957 1617/2979/2979
f 1617/2979/2979 1644/2957/2957 1625/2958/2958
f 1617/2979/2979 1625/2958/2958 1580/2959/2959
f 1617/2979/2979 1580/2959/2959 1568/2978/2978
f 1568/2978/2978 1580/2959/2959 59/2960/2960
f 1568/2978/2978 59/2960/2960 104/2977/2977
f 104/2977/2977 59/2960/2960 55/2976/2976
f 55/2976/2976 59/2960/2960 36/2961/2961
f 55/2976/2976 36/2961/2961 17/2962/2962
f 55/2976/2976 17/2962/2962 51/2975/2975
f 51/2975/2975 17/2962/2962 1/2963/2963
f 51/2975/2975 1/2963/2963 32/2974/2974
f 32/2974/2974 1/2963/2963 34/2973/2973
f 34/2973/2973 1/2963/2963 15/2964/2964
f 34/2973/2973 15/2964/2964 53/2972/2972
f 53/2972/2972 15/2964/2964 30/2965/2965
f 53/2972/2972 30/2965/2965 57/2971/2971
f 57/2971/2971 30/2965/2965 49/2966/2966
f 57/2971/2971 49/2966/2966 94/2967/2967
f 57/2971/2971 94/2967/2967 106/2970/2970
f 106/2970/2970 94/2967/2967 592/2968/2968
f 106/2970/2970 592/2968/2968 590/2969/2969
f 823/2992/2992 908/2985/2985 825/2991/2991
f 825/2991/2991 908/2985/2985 910/2986/2986
f 825/2991/2991 910/2986/2986 912/2987/2987
f 909/2988/2988 824/2989/2989 912/2987/2987
f 912/2987/2987 824/2989/2989 827/2990/2990
f 912/2987/2987 827/2990/2990 825/2991/2991
# 1674 vertices
# 2992 texture params
# 2992 normals
# 3392 facets

# 1 groups
