# WaveFront *.obj file (generated by Autodesk ATF)

mtllib Leste_Meca_IIm_Ligne.mtl

g Solide1

v -70.000000 -38.000000 0.000000
v -70.000000 -38.000000 6.000000
v -70.000000 38.000000 0.000000
v -70.000000 38.000000 6.000000
v -69.732051 -39.000001 0.000000
v -69.732051 -39.000001 6.000000
v -69.732051 39.000001 0.000000
v -69.732051 39.000001 6.000000
v -69.200001 -37.200000 0.800000
v -69.200001 -37.200000 6.000000
v -69.200001 -20.400000 0.800000
v -69.200001 -20.400000 6.000000
v -69.200001 -19.600000 0.800000
v -69.200001 -19.600000 6.000000
v -69.200001 -0.400000 0.800000
v -69.200001 -0.400000 6.000000
v -69.200001 0.400000 0.800000
v -69.200001 0.400000 6.000000
v -69.200001 19.600000 0.800000
v -69.200001 19.600000 6.000000
v -69.200001 20.400000 0.800000
v -69.200001 20.400000 6.000000
v -69.200001 37.200000 0.800000
v -69.200001 37.200000 6.000000
v -69.000001 -39.732051 0.000000
v -69.000001 -39.732051 6.000000
v -69.000001 39.732051 0.000000
v -69.000001 39.732051 6.000000
v -68.932052 -38.199999 0.800000
v -68.932052 -38.199999 6.000000
v -68.932052 38.199999 0.800000
v -68.932052 38.199999 6.000000
v -68.200002 -38.932052 0.800000
v -68.200002 -38.932052 6.000000
v -68.200002 38.932052 0.800000
v -68.200002 38.932052 6.000000
v -68.000002 -40.000000 0.000000
v -68.000002 -40.000000 6.000000
v -68.000002 40.000000 0.000000
v -68.000002 40.000000 6.000000
v -67.199998 -39.200001 0.800000
v -67.199998 -39.200001 6.000000
v -67.199998 39.200001 0.800000
v -67.199998 39.200001 6.000000
v -59.200001 -20.400000 0.800000
v -59.200001 -19.600000 0.800000
v -59.200001 -0.400000 0.800000
v -59.200001 0.400000 0.800000
v -59.200001 19.600000 0.800000
v -59.200001 20.400000 0.800000
v -49.391484 -39.200001 0.800000
v -49.391484 -39.200001 6.000000
v -49.391484 39.200001 0.800000
v -49.391484 39.200001 6.000000
v -48.774962 -40.000000 0.000000
v -48.774962 -40.000000 6.000000
v -48.774962 40.000000 0.000000
v -48.774962 40.000000 6.000000
v -48.563175 -39.020412 0.800000
v -48.563175 -39.020412 6.000000
v -48.563175 39.020412 0.800000
v -48.563175 39.020412 6.000000
v -47.907014 -39.801848 0.000000
v -47.907014 -39.801848 6.000000
v -47.907014 39.801848 0.000000
v -47.907014 39.801848 6.000000
v -47.883615 -38.513901 0.800000
v -47.883615 -38.513901 6.000000
v -47.883615 38.513901 0.800000
v -47.883615 38.513901 6.000000
v -47.474856 -37.771428 0.800000
v -47.474856 -37.771428 6.000000
v -47.474856 37.771428 0.800000
v -47.474856 37.771428 6.000000
v -47.211046 -39.246659 0.000000
v -47.211046 -39.246659 6.000000
v -47.211046 39.246659 0.000000
v -47.211046 39.246659 6.000000
v -46.824970 -38.444445 0.000000
v -46.824970 -38.444445 6.000000
v -46.824970 38.444445 0.000000
v -46.824970 38.444445 6.000000
v -46.548123 -35.761831 0.800000
v -46.548123 -35.761831 6.000000
v -46.548123 35.761831 0.800000
v -46.548123 35.761831 6.000000
v -46.063013 -36.501446 0.000000
v -46.063013 -36.501446 6.000000
v -46.063013 36.501446 0.000000
v -46.063013 36.501446 6.000000
v -45.094299 -34.093385 0.800000
v -45.094299 -34.093385 6.000000
v -45.094299 34.093385 0.800000
v -45.094299 34.093385 6.000000
v -44.762082 -34.869447 0.000000
v -44.762082 -34.869447 6.000000
v -44.762082 34.869447 0.000000
v -44.762082 34.869447 6.000000
v -43.230414 -32.900393 0.800000
v -43.230414 -32.900393 6.000000
v -43.230414 32.900393 0.800000
v -43.230414 32.900393 6.000000
v -43.037829 -33.693528 0.000000
v -43.037829 -33.693528 6.000000
v -43.037829 33.693528 0.000000
v -43.037829 33.693528 6.000000
v -41.106496 -32.278881 0.800000
v -41.106496 -32.278881 6.000000
v -41.106496 32.278881 0.800000
v -41.106496 32.278881 6.000000
v -41.043530 -33.078220 0.000000
v -41.043530 -33.078220 6.000000
v -41.043530 33.078220 0.000000
v -41.043530 33.078220 6.000000
v -38.956468 -33.078220 0.000000
v -38.956468 -33.078220 6.000000
v -38.956468 33.078220 0.000000
v -38.956468 33.078220 6.000000
v -38.893507 -32.278881 0.800000
v -38.893507 -32.278881 6.000000
v -38.893507 32.278881 0.800000
v -38.893507 32.278881 6.000000
v -36.962171 -33.693528 0.000000
v -36.962171 -33.693528 6.000000
v -36.962171 33.693528 0.000000
v -36.962171 33.693528 6.000000
v -36.769586 -32.900393 0.800000
v -36.769586 -32.900393 6.000000
v -36.769586 32.900393 0.800000
v -36.769586 32.900393 6.000000
v -35.237918 -34.869447 0.000000
v -35.237918 -34.869447 6.000000
v -35.237918 34.869447 0.000000
v -35.237918 34.869447 6.000000
v -34.905698 -34.093385 0.800000
v -34.905698 -34.093385 6.000000
v -34.905698 34.093385 0.800000
v -34.905698 34.093385 6.000000
v -33.936989 -36.501446 0.000000
v -33.936989 -36.501446 6.000000
v -33.936989 36.501446 0.000000
v -33.936989 36.501446 6.000000
v -33.451877 -35.761831 0.800000
v -33.451877 -35.761831 6.000000
v -33.451877 35.761831 0.800000
v -33.451877 35.761831 6.000000
v -33.175027 -38.444445 0.000000
v -33.175027 -38.444445 6.000000
v -33.175027 38.444445 0.000000
v -33.175027 38.444445 6.000000
v -32.788954 -39.246659 0.000000
v -32.788954 -39.246659 6.000000
v -32.788954 39.246659 0.000000
v -32.788954 39.246659 6.000000
v -32.525144 -37.771428 0.800000
v -32.525144 -37.771428 6.000000
v -32.525144 37.771428 0.800000
v -32.525144 37.771428 6.000000
v -32.116382 -38.513901 0.800000
v -32.116382 -38.513901 6.000000
v -32.116382 38.513901 0.800000
v -32.116382 38.513901 6.000000
v -32.092986 -39.801848 0.000000
v -32.092986 -39.801848 6.000000
v -32.092986 39.801848 0.000000
v -32.092986 39.801848 6.000000
v -31.436825 -39.020412 0.800000
v -31.436825 -39.020412 6.000000
v -31.436825 39.020412 0.800000
v -31.436825 39.020412 6.000000
v -31.225035 -40.000000 0.000000
v -31.225035 -40.000000 6.000000
v -31.225035 40.000000 0.000000
v -31.225035 40.000000 6.000000
v -30.608513 -39.200001 0.800000
v -30.608513 -39.200001 6.000000
v -30.608513 39.200001 0.800000
v -30.608513 39.200001 6.000000
v -15.400000 -39.200001 0.800000
v -15.400000 -39.200001 6.000000
v -15.400000 -24.200001 0.800000
v -15.400000 24.200001 0.800000
v -15.400000 39.200001 0.800000
v -15.400000 39.200001 6.000000
v -14.600000 -39.200001 0.800000
v -14.600000 -39.200001 6.000000
v -14.600000 -24.200001 0.800000
v -14.600000 24.200001 0.800000
v -14.600000 39.200001 0.800000
v -14.600000 39.200001 6.000000
v -10.828427 -40.000000 1.500000
v -10.828427 -40.000000 6.000000
v -10.828427 40.000000 1.500000
v -10.828427 40.000000 6.000000
v -10.310789 -40.068150 1.500000
v -10.310789 -40.068150 6.000000
v -10.310789 40.068150 1.500000
v -10.310789 40.068150 6.000000
v -9.828427 -40.267949 1.500000
v -9.828427 -40.267949 6.000000
v -9.828427 40.267949 1.500000
v -9.828427 40.267949 6.000000
v -9.414213 -40.585785 1.500000
v -9.414213 -40.585785 6.000000
v -9.414213 40.585785 1.500000
v -9.414213 40.585785 6.000000
v -5.585787 -44.414215 1.500000
v -5.585787 -44.414215 6.000000
v -5.585787 44.414215 1.500000
v -5.585787 44.414215 6.000000
v -5.556557 -44.444060 6.000000
v -5.556557 44.444060 6.000000
v -5.527958 -44.474511 6.000000
v -5.527958 44.474511 6.000000
v -5.500000 -44.505553 6.000000
v -5.500000 -39.500000 6.000000
v -5.500000 39.500000 6.000000
v -5.500000 44.505553 6.000000
v -5.267949 -44.828429 1.500000
v -5.267949 44.828429 1.500000
v -5.129171 -45.121322 6.370829
v -5.129171 45.121322 6.370829
v -5.068148 -45.310788 1.500000
v -5.068148 45.310788 1.500000
v -5.000000 -48.000002 1.500000
v -5.000000 -48.000002 6.500000
v -5.000000 -45.828428 1.500000
v -5.000000 -45.828428 6.500000
v -5.000000 -40.000000 6.500000
v -5.000000 40.000000 6.500000
v -5.000000 45.828428 1.500000
v -5.000000 45.828428 6.500000
v -5.000000 48.000002 1.500000
v -5.000000 48.000002 6.500000
v -4.732051 -49.000001 1.500000
v -4.732051 -49.000001 6.500000
v -4.732051 49.000001 1.500000
v -4.732051 49.000001 6.500000
v -4.000000 -49.732051 1.500000
v -4.000000 -49.732051 6.500000
v -4.000000 49.732051 1.500000
v -4.000000 49.732051 6.500000
v -3.000000 -50.000000 1.500000
v -3.000000 -50.000000 6.500000
v -3.000000 -45.000000 3.500000
v -3.000000 -45.000000 6.500000
v -3.000000 45.000000 3.500000
v -3.000000 45.000000 6.500000
v -3.000000 50.000000 1.500000
v -3.000000 50.000000 6.500000
v -2.702907 -46.301651 3.500000
v -2.702907 -46.301651 6.500000
v -2.702907 -43.698349 3.500000
v -2.702907 -43.698349 6.500000
v -2.702907 43.698349 3.500000
v -2.702907 43.698349 6.500000
v -2.702907 46.301651 3.500000
v -2.702907 46.301651 6.500000
v -1.870469 -47.345495 3.500000
v -1.870469 -47.345495 6.500000
v -1.870469 -42.654505 3.500000
v -1.870469 -42.654505 6.500000
v -1.870469 42.654505 3.500000
v -1.870469 42.654505 6.500000
v -1.870469 47.345495 3.500000
v -1.870469 47.345495 6.500000
v -1.700000 -45.000000 1.500000
v -1.700000 -45.000000 3.500000
v -1.700000 45.000000 1.500000
v -1.700000 45.000000 3.500000
v -1.375329 -45.999236 1.500000
v -1.375329 -45.999236 3.500000
v -1.375329 -44.000764 1.500000
v -1.375329 -44.000764 3.500000
v -1.375329 44.000764 1.500000
v -1.375329 44.000764 3.500000
v -1.375329 45.999236 1.500000
v -1.375329 45.999236 3.500000
v -0.667563 -47.924786 3.500000
v -0.667563 -47.924786 6.500000
v -0.667563 -42.075214 3.500000
v -0.667563 -42.075214 6.500000
v -0.667563 42.075214 3.500000
v -0.667563 42.075214 6.500000
v -0.667563 47.924786 3.500000
v -0.667563 47.924786 6.500000
v -0.525329 -46.616797 1.500000
v -0.525329 -46.616797 3.500000
v -0.525329 -43.383203 1.500000
v -0.525329 -43.383203 3.500000
v -0.525329 43.383203 1.500000
v -0.525329 43.383203 3.500000
v -0.525329 46.616797 1.500000
v -0.525329 46.616797 3.500000
v -0.400000 -39.200001 0.800000
v -0.400000 -39.200001 6.000000
v -0.400000 -24.200001 0.800000
v -0.400000 24.200001 0.800000
v -0.400000 39.200001 0.800000
v -0.400000 39.200001 6.000000
v 0.400000 -39.200001 0.800000
v 0.400000 -39.200001 6.000000
v 0.400000 -24.200001 0.800000
v 0.400000 24.200001 0.800000
v 0.400000 39.200001 0.800000
v 0.400000 39.200001 6.000000
v 0.525329 -46.616797 1.500000
v 0.525329 -46.616797 3.500000
v 0.525329 -43.383203 1.500000
v 0.525329 -43.383203 3.500000
v 0.525329 43.383203 1.500000
v 0.525329 43.383203 3.500000
v 0.525329 46.616797 1.500000
v 0.525329 46.616797 3.500000
v 0.667563 -47.924786 3.500000
v 0.667563 -47.924786 6.500000
v 0.667563 -42.075214 3.500000
v 0.667563 -42.075214 6.500000
v 0.667563 42.075214 3.500000
v 0.667563 42.075214 6.500000
v 0.667563 47.924786 3.500000
v 0.667563 47.924786 6.500000
v 1.375329 -45.999236 1.500000
v 1.375329 -45.999236 3.500000
v 1.375329 -44.000764 1.500000
v 1.375329 -44.000764 3.500000
v 1.375329 44.000764 1.500000
v 1.375329 44.000764 3.500000
v 1.375329 45.999236 1.500000
v 1.375329 45.999236 3.500000
v 1.700000 -45.000000 1.500000
v 1.700000 -45.000000 3.500000
v 1.700000 45.000000 1.500000
v 1.700000 45.000000 3.500000
v 1.870469 -47.345495 3.500000
v 1.870469 -47.345495 6.500000
v 1.870469 -42.654505 3.500000
v 1.870469 -42.654505 6.500000
v 1.870469 42.654505 3.500000
v 1.870469 42.654505 6.500000
v 1.870469 47.345495 3.500000
v 1.870469 47.345495 6.500000
v 2.702907 -46.301651 3.500000
v 2.702907 -46.301651 6.500000
v 2.702907 -43.698349 3.500000
v 2.702907 -43.698349 6.500000
v 2.702907 43.698349 3.500000
v 2.702907 43.698349 6.500000
v 2.702907 46.301651 3.500000
v 2.702907 46.301651 6.500000
v 3.000000 -50.000000 1.500000
v 3.000000 -50.000000 6.500000
v 3.000000 -45.000000 3.500000
v 3.000000 -45.000000 6.500000
v 3.000000 45.000000 3.500000
v 3.000000 45.000000 6.500000
v 3.000000 50.000000 1.500000
v 3.000000 50.000000 6.500000
v 4.000000 -49.732051 1.500000
v 4.000000 -49.732051 6.500000
v 4.000000 49.732051 1.500000
v 4.000000 49.732051 6.500000
v 4.732051 -49.000001 1.500000
v 4.732051 -49.000001 6.500000
v 4.732051 49.000001 1.500000
v 4.732051 49.000001 6.500000
v 5.000000 -48.000002 1.500000
v 5.000000 -48.000002 6.500000
v 5.000000 -45.828428 1.500000
v 5.000000 -45.828428 6.500000
v 5.000000 -40.000000 6.500000
v 5.000000 40.000000 6.500000
v 5.000000 45.828428 1.500000
v 5.000000 45.828428 6.500000
v 5.000000 48.000002 1.500000
v 5.000000 48.000002 6.500000
v 5.068148 -45.310788 1.500000
v 5.068148 45.310788 1.500000
v 5.129171 -45.121322 6.370829
v 5.129171 45.121322 6.370829
v 5.267949 -44.828429 1.500000
v 5.267949 44.828429 1.500000
v 5.500000 -44.505553 6.000000
v 5.500000 -39.500000 6.000000
v 5.500000 39.500000 6.000000
v 5.500000 44.505553 6.000000
v 5.527958 -44.474511 6.000000
v 5.527958 44.474511 6.000000
v 5.556557 -44.444060 6.000000
v 5.556557 44.444060 6.000000
v 5.585787 -44.414215 1.500000
v 5.585787 -44.414215 6.000000
v 5.585787 44.414215 1.500000
v 5.585787 44.414215 6.000000
v 9.414213 -40.585785 1.500000
v 9.414213 -40.585785 6.000000
v 9.414213 40.585785 1.500000
v 9.414213 40.585785 6.000000
v 9.828427 -40.267949 1.500000
v 9.828427 -40.267949 6.000000
v 9.828427 40.267949 1.500000
v 9.828427 40.267949 6.000000
v 10.310789 -40.068150 1.500000
v 10.310789 -40.068150 6.000000
v 10.310789 40.068150 1.500000
v 10.310789 40.068150 6.000000
v 10.828427 -40.000000 1.500000
v 10.828427 -40.000000 6.000000
v 10.828427 40.000000 1.500000
v 10.828427 40.000000 6.000000
v 14.600000 -39.200001 0.800000
v 14.600000 -39.200001 6.000000
v 14.600000 -24.200001 0.800000
v 14.600000 24.200001 0.800000
v 14.600000 39.200001 0.800000
v 14.600000 39.200001 6.000000
v 15.400000 -39.200001 0.800000
v 15.400000 -39.200001 6.000000
v 15.400000 -24.200001 0.800000
v 15.400000 24.200001 0.800000
v 15.400000 39.200001 0.800000
v 15.400000 39.200001 6.000000
v 30.608513 -39.200001 0.800000
v 30.608513 -39.200001 6.000000
v 30.608513 39.200001 0.800000
v 30.608513 39.200001 6.000000
v 31.225035 -40.000000 0.000000
v 31.225035 -40.000000 6.000000
v 31.225035 40.000000 0.000000
v 31.225035 40.000000 6.000000
v 31.436825 -39.020412 0.800000
v 31.436825 -39.020412 6.000000
v 31.436825 39.020412 0.800000
v 31.436825 39.020412 6.000000
v 32.092986 -39.801848 0.000000
v 32.092986 -39.801848 6.000000
v 32.092986 39.801848 0.000000
v 32.092986 39.801848 6.000000
v 32.116382 -38.513901 0.800000
v 32.116382 -38.513901 6.000000
v 32.116382 38.513901 0.800000
v 32.116382 38.513901 6.000000
v 32.525144 -37.771428 0.800000
v 32.525144 -37.771428 6.000000
v 32.525144 37.771428 0.800000
v 32.525144 37.771428 6.000000
v 32.788954 -39.246659 0.000000
v 32.788954 -39.246659 6.000000
v 32.788954 39.246659 0.000000
v 32.788954 39.246659 6.000000
v 33.175027 -38.444445 0.000000
v 33.175027 -38.444445 6.000000
v 33.175027 38.444445 0.000000
v 33.175027 38.444445 6.000000
v 33.451877 -35.761831 0.800000
v 33.451877 -35.761831 6.000000
v 33.451877 35.761831 0.800000
v 33.451877 35.761831 6.000000
v 33.936989 -36.501446 0.000000
v 33.936989 -36.501446 6.000000
v 33.936989 36.501446 0.000000
v 33.936989 36.501446 6.000000
v 34.905698 -34.093385 0.800000
v 34.905698 -34.093385 6.000000
v 34.905698 34.093385 0.800000
v 34.905698 34.093385 6.000000
v 35.237918 -34.869447 0.000000
v 35.237918 -34.869447 6.000000
v 35.237918 34.869447 0.000000
v 35.237918 34.869447 6.000000
v 36.769586 -32.900393 0.800000
v 36.769586 -32.900393 6.000000
v 36.769586 32.900393 0.800000
v 36.769586 32.900393 6.000000
v 36.962171 -33.693528 0.000000
v 36.962171 -33.693528 6.000000
v 36.962171 33.693528 0.000000
v 36.962171 33.693528 6.000000
v 38.893507 -32.278881 0.800000
v 38.893507 -32.278881 6.000000
v 38.893507 32.278881 0.800000
v 38.893507 32.278881 6.000000
v 38.956468 -33.078220 0.000000
v 38.956468 -33.078220 6.000000
v 38.956468 33.078220 0.000000
v 38.956468 33.078220 6.000000
v 41.043530 -33.078220 0.000000
v 41.043530 -33.078220 6.000000
v 41.043530 33.078220 0.000000
v 41.043530 33.078220 6.000000
v 41.106496 -32.278881 0.800000
v 41.106496 -32.278881 6.000000
v 41.106496 32.278881 0.800000
v 41.106496 32.278881 6.000000
v 43.037829 -33.693528 0.000000
v 43.037829 -33.693528 6.000000
v 43.037829 33.693528 0.000000
v 43.037829 33.693528 6.000000
v 43.230414 -32.900393 0.800000
v 43.230414 -32.900393 6.000000
v 43.230414 32.900393 0.800000
v 43.230414 32.900393 6.000000
v 44.762082 -34.869447 0.000000
v 44.762082 -34.869447 6.000000
v 44.762082 34.869447 0.000000
v 44.762082 34.869447 6.000000
v 45.094299 -34.093385 0.800000
v 45.094299 -34.093385 6.000000
v 45.094299 34.093385 0.800000
v 45.094299 34.093385 6.000000
v 46.063013 -36.501446 0.000000
v 46.063013 -36.501446 6.000000
v 46.063013 36.501446 0.000000
v 46.063013 36.501446 6.000000
v 46.548123 -35.761831 0.800000
v 46.548123 -35.761831 6.000000
v 46.548123 35.761831 0.800000
v 46.548123 35.761831 6.000000
v 46.824970 -38.444445 0.000000
v 46.824970 -38.444445 6.000000
v 46.824970 38.444445 0.000000
v 46.824970 38.444445 6.000000
v 47.211046 -39.246659 0.000000
v 47.211046 -39.246659 6.000000
v 47.211046 39.246659 0.000000
v 47.211046 39.246659 6.000000
v 47.474856 -37.771428 0.800000
v 47.474856 -37.771428 6.000000
v 47.474856 37.771428 0.800000
v 47.474856 37.771428 6.000000
v 47.883615 -38.513901 0.800000
v 47.883615 -38.513901 6.000000
v 47.883615 38.513901 0.800000
v 47.883615 38.513901 6.000000
v 47.907014 -39.801848 0.000000
v 47.907014 -39.801848 6.000000
v 47.907014 39.801848 0.000000
v 47.907014 39.801848 6.000000
v 48.563175 -39.020412 0.800000
v 48.563175 -39.020412 6.000000
v 48.563175 39.020412 0.800000
v 48.563175 39.020412 6.000000
v 48.774962 -40.000000 0.000000
v 48.774962 -40.000000 6.000000
v 48.774962 40.000000 0.000000
v 48.774962 40.000000 6.000000
v 49.391484 -39.200001 0.800000
v 49.391484 -39.200001 6.000000
v 49.391484 39.200001 0.800000
v 49.391484 39.200001 6.000000
v 59.200001 -20.400000 0.800000
v 59.200001 -19.600000 0.800000
v 59.200001 -0.400000 0.800000
v 59.200001 0.400000 0.800000
v 59.200001 19.600000 0.800000
v 59.200001 20.400000 0.800000
v 67.199998 -39.200001 0.800000
v 67.199998 -39.200001 6.000000
v 67.199998 39.200001 0.800000
v 67.199998 39.200001 6.000000
v 68.000002 -40.000000 0.000000
v 68.000002 -40.000000 6.000000
v 68.000002 40.000000 0.000000
v 68.000002 40.000000 6.000000
v 68.200002 -38.932052 0.800000
v 68.200002 -38.932052 6.000000
v 68.200002 38.932052 0.800000
v 68.200002 38.932052 6.000000
v 68.932052 -38.199999 0.800000
v 68.932052 -38.199999 6.000000
v 68.932052 38.199999 0.800000
v 68.932052 38.199999 6.000000
v 69.000001 -39.732051 0.000000
v 69.000001 -39.732051 6.000000
v 69.000001 39.732051 0.000000
v 69.000001 39.732051 6.000000
v 69.200001 -37.200000 0.800000
v 69.200001 -37.200000 6.000000
v 69.200001 -20.400000 0.800000
v 69.200001 -20.400000 6.000000
v 69.200001 -19.600000 0.800000
v 69.200001 -19.600000 6.000000
v 69.200001 -0.400000 0.800000
v 69.200001 -0.400000 6.000000
v 69.200001 0.400000 0.800000
v 69.200001 0.400000 6.000000
v 69.200001 19.600000 0.800000
v 69.200001 19.600000 6.000000
v 69.200001 20.400000 0.800000
v 69.200001 20.400000 6.000000
v 69.200001 37.200000 0.800000
v 69.200001 37.200000 6.000000
v 69.732051 -39.000001 0.000000
v 69.732051 -39.000001 6.000000
v 69.732051 39.000001 0.000000
v 69.732051 39.000001 6.000000
v 70.000000 -38.000000 0.000000
v 70.000000 -38.000000 6.000000
v 70.000000 38.000000 0.000000
v 70.000000 38.000000 6.000000
vt 1.082843 -0.500000 0.000000
vt 1.031079 -0.493185 0.000000
vt 0.982843 -0.473205 0.000000
vt 0.941421 -0.441421 0.000000
vt 0.558579 -0.058579 0.000000
vt 0.526795 -0.017157 0.000000
vt 0.506815 0.031079 0.000000
vt 0.500000 0.082843 0.000000
vt 0.500000 0.300000 0.000000
vt 0.473205 0.400000 0.000000
vt 0.400000 0.473205 0.000000
vt 0.300000 0.500000 0.000000
vt -0.300000 0.500000 0.000000
vt -0.400000 0.473205 0.000000
vt -0.473205 0.400000 0.000000
vt -0.500000 0.300000 0.000000
vt -0.500000 0.082843 0.000000
vt -0.506815 0.031079 0.000000
vt -0.526795 -0.017157 0.000000
vt -0.558579 -0.058579 0.000000
vt -0.941421 -0.441421 0.000000
vt -0.982843 -0.473205 0.000000
vt -1.031079 -0.493185 0.000000
vt -1.082843 -0.500000 0.000000
vt 0.170000 0.000000 0.000000
vt 0.137533 -0.099923 0.000000
vt 0.052533 -0.161680 0.000000
vt -0.052533 -0.161680 0.000000
vt -0.137533 -0.099923 0.000000
vt -0.170000 0.000000 0.000000
vt -0.137533 0.099923 0.000000
vt -0.052533 0.161680 0.000000
vt 0.052533 0.161680 0.000000
vt 0.137533 0.099923 0.000000
vt -1.082843 0.500000 0.000000
vt -1.031079 0.493185 0.000000
vt -0.982843 0.473205 0.000000
vt -0.941421 0.441421 0.000000
vt -0.558579 0.058579 0.000000
vt -0.526795 0.017157 0.000000
vt -0.506815 -0.031079 0.000000
vt -0.500000 -0.082843 0.000000
vt -0.500000 -0.300000 0.000000
vt -0.473205 -0.400000 0.000000
vt -0.400000 -0.473205 0.000000
vt -0.300000 -0.500000 0.000000
vt 0.300000 -0.500000 0.000000
vt 0.400000 -0.473205 0.000000
vt 0.473205 -0.400000 0.000000
vt 0.500000 -0.300000 0.000000
vt 0.500000 -0.082843 0.000000
vt 0.506815 -0.031079 0.000000
vt 0.526795 0.017157 0.000000
vt 0.558579 0.058579 0.000000
vt 0.941421 0.441421 0.000000
vt 0.982843 0.473205 0.000000
vt 1.031079 0.493185 0.000000
vt 1.082843 0.500000 0.000000
vt 0.170000 0.000000 0.000000
vt 0.137533 -0.099923 0.000000
vt 0.052533 -0.161680 0.000000
vt -0.052533 -0.161680 0.000000
vt -0.137533 -0.099923 0.000000
vt -0.170000 0.000000 0.000000
vt -0.137533 0.099923 0.000000
vt -0.052533 0.161680 0.000000
vt 0.052533 0.161680 0.000000
vt 0.137533 0.099923 0.000000
vt 0.150000 0.270711 0.000000
vt 0.150000 -0.270711 0.000000
vt 0.600000 -0.270711 0.000000
vt 0.600000 0.270711 0.000000
vt 0.150000 0.078540 0.000000
vt 0.150000 0.026180 0.000000
vt 0.150000 -0.026180 0.000000
vt 0.150000 -0.078540 0.000000
vt 0.600000 -0.078540 0.000000
vt 0.600000 -0.026180 0.000000
vt 0.600000 0.026180 0.000000
vt 0.600000 0.078540 0.000000
vt 0.150000 0.078540 0.000000
vt 0.150000 0.026180 0.000000
vt 0.150000 -0.026180 0.000000
vt 0.150000 -0.078540 0.000000
vt 0.650000 -0.078540 0.000000
vt 0.637083 -0.006266 0.000000
vt 0.600000 0.066007 0.000000
vt 0.600000 0.070185 0.000000
vt 0.600000 0.074362 0.000000
vt 0.600000 0.078540 0.000000
vt 0.582843 0.150000 0.000000
vt 0.800000 0.150000 0.000000
vt 0.800000 0.650000 0.000000
vt 0.582843 0.650000 0.000000
vt -0.150000 -0.157080 0.000000
vt -0.150000 -0.052360 0.000000
vt -0.150000 0.052360 0.000000
vt -0.150000 0.157080 0.000000
vt -0.650000 0.157080 0.000000
vt -0.650000 0.052360 0.000000
vt -0.650000 -0.052360 0.000000
vt -0.650000 -0.157080 0.000000
vt -0.150000 -0.270711 0.000000
vt -0.150000 0.270711 0.000000
vt -0.600000 0.270711 0.000000
vt -0.600000 -0.270711 0.000000
vt 0.150000 0.078540 0.000000
vt 0.150000 0.026180 0.000000
vt 0.150000 -0.026180 0.000000
vt 0.150000 -0.078540 0.000000
vt 0.600000 -0.078540 0.000000
vt 0.600000 -0.026180 0.000000
vt 0.600000 0.026180 0.000000
vt 0.600000 0.078540 0.000000
vt 0.150000 0.078540 0.000000
vt 0.150000 0.026180 0.000000
vt 0.150000 -0.026180 0.000000
vt 0.150000 -0.078540 0.000000
vt 0.650000 -0.078540 0.000000
vt 0.637083 -0.006266 0.000000
vt 0.600000 0.066007 0.000000
vt 0.600000 0.070185 0.000000
vt 0.600000 0.074362 0.000000
vt 0.600000 0.078540 0.000000
vt 0.582843 0.150000 0.000000
vt 0.800000 0.150000 0.000000
vt 0.800000 0.650000 0.000000
vt 0.582843 0.650000 0.000000
vt 3.122504 4.000000 0.000000
vt -3.122504 4.000000 0.000000
vt -3.209299 3.980185 0.000000
vt -3.278895 3.924666 0.000000
vt -3.317503 3.844445 0.000000
vt -3.393699 3.650145 0.000000
vt -3.523792 3.486945 0.000000
vt -3.696217 3.369353 0.000000
vt -3.895647 3.307822 0.000000
vt -4.104353 3.307822 0.000000
vt -4.303783 3.369353 0.000000
vt -4.476208 3.486945 0.000000
vt -4.606301 3.650145 0.000000
vt -4.682497 3.844445 0.000000
vt -4.721105 3.924666 0.000000
vt -4.790701 3.980185 0.000000
vt -4.877496 4.000000 0.000000
vt -6.800000 4.000000 0.000000
vt -6.900000 3.973205 0.000000
vt -6.973205 3.900000 0.000000
vt -7.000000 3.800000 0.000000
vt -7.000000 -3.800000 0.000000
vt -6.973205 -3.900000 0.000000
vt -6.900000 -3.973205 0.000000
vt -6.800000 -4.000000 0.000000
vt -4.877496 -4.000000 0.000000
vt -4.790701 -3.980185 0.000000
vt -4.721105 -3.924666 0.000000
vt -4.682497 -3.844445 0.000000
vt -4.606301 -3.650145 0.000000
vt -4.476208 -3.486945 0.000000
vt -4.303783 -3.369353 0.000000
vt -4.104353 -3.307822 0.000000
vt -3.895647 -3.307822 0.000000
vt -3.696217 -3.369353 0.000000
vt -3.523792 -3.486945 0.000000
vt -3.393699 -3.650145 0.000000
vt -3.317503 -3.844445 0.000000
vt -3.278895 -3.924666 0.000000
vt -3.209299 -3.980185 0.000000
vt -3.122504 -4.000000 0.000000
vt 3.122504 -4.000000 0.000000
vt 3.209299 -3.980185 0.000000
vt 3.278895 -3.924666 0.000000
vt 3.317503 -3.844445 0.000000
vt 3.393699 -3.650145 0.000000
vt 3.523792 -3.486945 0.000000
vt 3.696217 -3.369353 0.000000
vt 3.895647 -3.307822 0.000000
vt 4.104353 -3.307822 0.000000
vt 4.303783 -3.369353 0.000000
vt 4.476208 -3.486945 0.000000
vt 4.606301 -3.650145 0.000000
vt 4.682497 -3.844445 0.000000
vt 4.721105 -3.924666 0.000000
vt 4.790701 -3.980185 0.000000
vt 4.877496 -4.000000 0.000000
vt 6.800000 -4.000000 0.000000
vt 6.900000 -3.973205 0.000000
vt 6.973205 -3.900000 0.000000
vt 7.000000 -3.800000 0.000000
vt 7.000000 3.800000 0.000000
vt 6.973205 3.900000 0.000000
vt 6.900000 3.973205 0.000000
vt 6.800000 4.000000 0.000000
vt 4.877496 4.000000 0.000000
vt 4.790701 3.980185 0.000000
vt 4.721105 3.924666 0.000000
vt 4.682497 3.844445 0.000000
vt 4.606301 3.650145 0.000000
vt 4.476208 3.486945 0.000000
vt 4.303783 3.369353 0.000000
vt 4.104353 3.307822 0.000000
vt 3.895647 3.307822 0.000000
vt 3.696217 3.369353 0.000000
vt 3.523792 3.486945 0.000000
vt 3.393699 3.650145 0.000000
vt 3.317503 3.844445 0.000000
vt 3.278895 3.924666 0.000000
vt 3.209299 3.980185 0.000000
vt -0.150000 -0.157080 0.000000
vt -0.150000 -0.052360 0.000000
vt -0.150000 0.052360 0.000000
vt -0.150000 0.157080 0.000000
vt -0.650000 0.157080 0.000000
vt -0.650000 0.052360 0.000000
vt -0.650000 -0.052360 0.000000
vt -0.650000 -0.157080 0.000000
vt 0.080000 0.157080 0.000000
vt 0.080000 0.052360 0.000000
vt 0.080000 -0.052360 0.000000
vt 0.080000 -0.157080 0.000000
vt 0.600000 -0.157080 0.000000
vt 0.600000 -0.052360 0.000000
vt 0.600000 0.052360 0.000000
vt 0.600000 0.157080 0.000000
vt -2.020000 0.600000 0.000000
vt -2.020000 0.080000 0.000000
vt -0.239149 0.080000 0.000000
vt -0.239149 0.600000 0.000000
vt 0.080000 0.157080 0.000000
vt 0.080000 0.052360 0.000000
vt 0.080000 -0.052360 0.000000
vt 0.080000 -0.157080 0.000000
vt 0.600000 -0.157080 0.000000
vt 0.600000 -0.052360 0.000000
vt 0.600000 0.052360 0.000000
vt 0.600000 0.157080 0.000000
vt -7.720000 0.600000 0.000000
vt -7.720000 0.080000 0.000000
vt -6.040000 0.080000 0.000000
vt -6.040000 0.600000 0.000000
vt 0.080000 0.128104 0.000000
vt 0.080000 0.042701 0.000000
vt 0.080000 -0.042701 0.000000
vt 0.080000 -0.128104 0.000000
vt 0.600000 -0.128104 0.000000
vt 0.600000 -0.042701 0.000000
vt 0.600000 0.042701 0.000000
vt 0.600000 0.128104 0.000000
vt -0.600000 -2.224436 0.000000
vt -0.080000 -2.224436 0.000000
vt -0.080000 -2.002388 0.000000
vt -0.080000 -1.780340 0.000000
vt -0.080000 -1.558293 0.000000
vt -0.080000 -1.336245 0.000000
vt -0.080000 -1.114197 0.000000
vt -0.080000 -0.892149 0.000000
vt -0.080000 -0.670102 0.000000
vt -0.080000 -0.448054 0.000000
vt -0.080000 -0.226006 0.000000
vt -0.600000 -0.226006 0.000000
vt -0.600000 -0.448054 0.000000
vt -0.600000 -0.670102 0.000000
vt -0.600000 -0.892149 0.000000
vt -0.600000 -1.114197 0.000000
vt -0.600000 -1.336245 0.000000
vt -0.600000 -1.558293 0.000000
vt -0.600000 -1.780340 0.000000
vt -0.600000 -2.002388 0.000000
vt 0.080000 0.128104 0.000000
vt 0.080000 0.042701 0.000000
vt 0.080000 -0.042701 0.000000
vt 0.080000 -0.128104 0.000000
vt 0.600000 -0.128104 0.000000
vt 0.600000 -0.042701 0.000000
vt 0.600000 0.042701 0.000000
vt 0.600000 0.128104 0.000000
vt -6.360851 0.600000 0.000000
vt -6.360851 0.080000 0.000000
vt -4.840000 0.080000 0.000000
vt -4.840000 0.600000 0.000000
vt -0.600000 0.157080 0.000000
vt -0.600000 0.052360 0.000000
vt -0.600000 -0.052360 0.000000
vt -0.600000 -0.157080 0.000000
vt -0.000000 -0.157080 0.000000
vt -0.000000 -0.052360 0.000000
vt -0.000000 0.052360 0.000000
vt -0.000000 0.157080 0.000000
vt 0.200000 0.600000 0.000000
vt 0.200000 0.000000 0.000000
vt 7.800000 0.000000 0.000000
vt 7.800000 0.600000 0.000000
vt -0.600000 0.134670 0.000000
vt -0.600000 0.044890 0.000000
vt -0.600000 -0.044890 0.000000
vt -0.600000 -0.134670 0.000000
vt -0.000000 -0.134670 0.000000
vt -0.000000 -0.044890 0.000000
vt -0.000000 0.044890 0.000000
vt -0.000000 0.134670 0.000000
vt 0.600000 -0.156865 0.000000
vt 0.000000 -0.156865 0.000000
vt 0.000000 -0.366352 0.000000
vt 0.000000 -0.575839 0.000000
vt 0.000000 -0.785327 0.000000
vt 0.000000 -0.994814 0.000000
vt 0.000000 -1.204301 0.000000
vt 0.000000 -1.413788 0.000000
vt 0.000000 -1.623275 0.000000
vt 0.000000 -1.832763 0.000000
vt 0.000000 -2.042250 0.000000
vt 0.600000 -2.042250 0.000000
vt 0.600000 -1.832763 0.000000
vt 0.600000 -1.623275 0.000000
vt 0.600000 -1.413788 0.000000
vt 0.600000 -1.204301 0.000000
vt 0.600000 -0.994814 0.000000
vt 0.600000 -0.785327 0.000000
vt 0.600000 -0.575839 0.000000
vt 0.600000 -0.366352 0.000000
vt 0.080000 0.128104 0.000000
vt 0.080000 0.042701 0.000000
vt 0.080000 -0.042701 0.000000
vt 0.080000 -0.128104 0.000000
vt 0.600000 -0.128104 0.000000
vt 0.600000 -0.042701 0.000000
vt 0.600000 0.042701 0.000000
vt 0.600000 0.128104 0.000000
vt 6.720000 -3.920000 0.000000
vt 6.820000 -3.893205 0.000000
vt 6.893205 -3.820000 0.000000
vt 6.920000 -3.720000 0.000000
vt 6.920000 -2.040000 0.000000
vt 5.920000 -2.040000 0.000000
vt 5.920000 -1.960000 0.000000
vt 6.920000 -1.960000 0.000000
vt 6.920000 -0.040000 0.000000
vt 5.920000 -0.040000 0.000000
vt 5.920000 0.040000 0.000000
vt 6.920000 0.040000 0.000000
vt 6.920000 1.960000 0.000000
vt 5.920000 1.960000 0.000000
vt 5.920000 2.040000 0.000000
vt 6.920000 2.040000 0.000000
vt 6.920000 3.720000 0.000000
vt 6.893205 3.820000 0.000000
vt 6.820000 3.893205 0.000000
vt 6.720000 3.920000 0.000000
vt 4.939148 3.920000 0.000000
vt 4.856318 3.902041 0.000000
vt 4.788362 3.851390 0.000000
vt 4.747486 3.777143 0.000000
vt 4.654812 3.576183 0.000000
vt 4.509430 3.409338 0.000000
vt 4.323041 3.290039 0.000000
vt 4.110650 3.227888 0.000000
vt 3.889351 3.227888 0.000000
vt 3.676959 3.290039 0.000000
vt 3.490570 3.409338 0.000000
vt 3.345188 3.576183 0.000000
vt 3.252514 3.777143 0.000000
vt 3.211638 3.851390 0.000000
vt 3.143682 3.902041 0.000000
vt 3.060851 3.920000 0.000000
vt 1.540000 3.920000 0.000000
vt 1.540000 2.420000 0.000000
vt 1.460000 2.420000 0.000000
vt 1.460000 3.920000 0.000000
vt 0.040000 3.920000 0.000000
vt 0.040000 2.420000 0.000000
vt -0.040000 2.420000 0.000000
vt -0.040000 3.920000 0.000000
vt -1.460000 3.920000 0.000000
vt -1.460000 2.420000 0.000000
vt -1.540000 2.420000 0.000000
vt -1.540000 3.920000 0.000000
vt -3.060851 3.920000 0.000000
vt -3.143682 3.902041 0.000000
vt -3.211638 3.851390 0.000000
vt -3.252514 3.777143 0.000000
vt -3.345188 3.576183 0.000000
vt -3.490570 3.409338 0.000000
vt -3.676959 3.290039 0.000000
vt -3.889351 3.227888 0.000000
vt -4.110650 3.227888 0.000000
vt -4.323041 3.290039 0.000000
vt -4.509430 3.409338 0.000000
vt -4.654812 3.576183 0.000000
vt -4.747486 3.777143 0.000000
vt -4.788362 3.851390 0.000000
vt -4.856318 3.902041 0.000000
vt -4.939148 3.920000 0.000000
vt -6.720000 3.920000 0.000000
vt -6.820000 3.893205 0.000000
vt -6.893205 3.820000 0.000000
vt -6.920000 3.720000 0.000000
vt -6.920000 2.040000 0.000000
vt -5.920000 2.040000 0.000000
vt -5.920000 1.960000 0.000000
vt -6.920000 1.960000 0.000000
vt -6.920000 0.040000 0.000000
vt -5.920000 0.040000 0.000000
vt -5.920000 -0.040000 0.000000
vt -6.920000 -0.040000 0.000000
vt -6.920000 -1.960000 0.000000
vt -5.920000 -1.960000 0.000000
vt -5.920000 -2.040000 0.000000
vt -6.920000 -2.040000 0.000000
vt -6.920000 -3.720000 0.000000
vt -6.893205 -3.820000 0.000000
vt -6.820000 -3.893205 0.000000
vt -6.720000 -3.920000 0.000000
vt -4.939148 -3.920000 0.000000
vt -4.856318 -3.902041 0.000000
vt -4.788362 -3.851390 0.000000
vt -4.747486 -3.777143 0.000000
vt -4.654812 -3.576183 0.000000
vt -4.509430 -3.409338 0.000000
vt -4.323041 -3.290039 0.000000
vt -4.110650 -3.227888 0.000000
vt -3.889351 -3.227888 0.000000
vt -3.676959 -3.290039 0.000000
vt -3.490570 -3.409338 0.000000
vt -3.345188 -3.576183 0.000000
vt -3.252514 -3.777143 0.000000
vt -3.211638 -3.851390 0.000000
vt -3.143682 -3.902041 0.000000
vt -3.060851 -3.920000 0.000000
vt -1.540000 -3.920000 0.000000
vt -1.540000 -2.420000 0.000000
vt -1.460000 -2.420000 0.000000
vt -1.460000 -3.920000 0.000000
vt -0.040000 -3.920000 0.000000
vt -0.040000 -2.420000 0.000000
vt 0.040000 -2.420000 0.000000
vt 0.040000 -3.920000 0.000000
vt 1.460000 -3.920000 0.000000
vt 1.460000 -2.420000 0.000000
vt 1.540000 -2.420000 0.000000
vt 1.540000 -3.920000 0.000000
vt 3.060851 -3.920000 0.000000
vt 3.143682 -3.902041 0.000000
vt 3.211638 -3.851390 0.000000
vt 3.252514 -3.777143 0.000000
vt 3.345188 -3.576183 0.000000
vt 3.490570 -3.409338 0.000000
vt 3.676959 -3.290039 0.000000
vt 3.889351 -3.227888 0.000000
vt 4.110650 -3.227888 0.000000
vt 4.323041 -3.290039 0.000000
vt 4.509430 -3.409338 0.000000
vt 4.654812 -3.576183 0.000000
vt 4.747486 -3.777143 0.000000
vt 4.788362 -3.851390 0.000000
vt 4.856318 -3.902041 0.000000
vt 4.939148 -3.920000 0.000000
vt -0.239149 0.080000 0.000000
vt -0.239149 0.600000 0.000000
vt -2.020000 0.600000 0.000000
vt -2.020000 0.080000 0.000000
vt 0.080000 0.128104 0.000000
vt 0.080000 0.042701 0.000000
vt 0.080000 -0.042701 0.000000
vt 0.080000 -0.128104 0.000000
vt 0.600000 -0.128104 0.000000
vt 0.600000 -0.042701 0.000000
vt 0.600000 0.042701 0.000000
vt 0.600000 0.128104 0.000000
vt -0.600000 -2.224436 0.000000
vt -0.080000 -2.224436 0.000000
vt -0.080000 -2.002388 0.000000
vt -0.080000 -1.780340 0.000000
vt -0.080000 -1.558293 0.000000
vt -0.080000 -1.336245 0.000000
vt -0.080000 -1.114197 0.000000
vt -0.080000 -0.892149 0.000000
vt -0.080000 -0.670102 0.000000
vt -0.080000 -0.448054 0.000000
vt -0.080000 -0.226006 0.000000
vt -0.600000 -0.226006 0.000000
vt -0.600000 -0.448054 0.000000
vt -0.600000 -0.670102 0.000000
vt -0.600000 -0.892149 0.000000
vt -0.600000 -1.114197 0.000000
vt -0.600000 -1.336245 0.000000
vt -0.600000 -1.558293 0.000000
vt -0.600000 -1.780340 0.000000
vt -0.600000 -2.002388 0.000000
vt -0.600000 0.134670 0.000000
vt -0.600000 0.044890 0.000000
vt -0.600000 -0.044890 0.000000
vt -0.600000 -0.134670 0.000000
vt -0.000000 -0.134670 0.000000
vt -0.000000 -0.044890 0.000000
vt -0.000000 0.044890 0.000000
vt -0.000000 0.134670 0.000000
vt 0.600000 -0.156865 0.000000
vt 0.000000 -0.156865 0.000000
vt 0.000000 -0.366352 0.000000
vt 0.000000 -0.575839 0.000000
vt 0.000000 -0.785327 0.000000
vt 0.000000 -0.994814 0.000000
vt 0.000000 -1.204301 0.000000
vt 0.000000 -1.413788 0.000000
vt 0.000000 -1.623275 0.000000
vt 0.000000 -1.832763 0.000000
vt 0.000000 -2.042250 0.000000
vt 0.600000 -2.042250 0.000000
vt 0.600000 -1.832763 0.000000
vt 0.600000 -1.623275 0.000000
vt 0.600000 -1.413788 0.000000
vt 0.600000 -1.204301 0.000000
vt 0.600000 -0.994814 0.000000
vt 0.600000 -0.785327 0.000000
vt 0.600000 -0.575839 0.000000
vt 0.600000 -0.366352 0.000000
vt -0.600000 0.134670 0.000000
vt -0.600000 0.044890 0.000000
vt -0.600000 -0.044890 0.000000
vt -0.600000 -0.134670 0.000000
vt -0.000000 -0.134670 0.000000
vt -0.000000 -0.044890 0.000000
vt -0.000000 0.044890 0.000000
vt -0.000000 0.134670 0.000000
vt 2.100000 0.000000 0.000000
vt 2.100000 0.600000 0.000000
vt 0.177496 0.600000 0.000000
vt 0.177496 0.000000 0.000000
vt -0.600000 0.134670 0.000000
vt -0.600000 0.044890 0.000000
vt -0.600000 -0.044890 0.000000
vt -0.600000 -0.134670 0.000000
vt -0.000000 -0.134670 0.000000
vt -0.000000 -0.044890 0.000000
vt -0.000000 0.044890 0.000000
vt -0.000000 0.134670 0.000000
vt 0.080000 0.128104 0.000000
vt 0.080000 0.042701 0.000000
vt 0.080000 -0.042701 0.000000
vt 0.080000 -0.128104 0.000000
vt 0.600000 -0.128104 0.000000
vt 0.600000 -0.042701 0.000000
vt 0.600000 0.042701 0.000000
vt 0.600000 0.128104 0.000000
vt -0.280000 0.080000 0.000000
vt -0.280000 0.600000 0.000000
vt -2.060851 0.600000 0.000000
vt -2.060851 0.080000 0.000000
vt -0.600000 0.157080 0.000000
vt -0.600000 0.052360 0.000000
vt -0.600000 -0.052360 0.000000
vt -0.600000 -0.157080 0.000000
vt -0.000000 -0.157080 0.000000
vt -0.000000 -0.052360 0.000000
vt -0.000000 0.052360 0.000000
vt -0.000000 0.157080 0.000000
vt 7.800000 0.000000 0.000000
vt 7.800000 0.600000 0.000000
vt 0.200000 0.600000 0.000000
vt 0.200000 0.000000 0.000000
vt -0.600000 0.157080 0.000000
vt -0.600000 0.052360 0.000000
vt -0.600000 -0.052360 0.000000
vt -0.600000 -0.157080 0.000000
vt -0.000000 -0.157080 0.000000
vt -0.000000 -0.052360 0.000000
vt -0.000000 0.052360 0.000000
vt -0.000000 0.157080 0.000000
vt -0.600000 0.134670 0.000000
vt -0.600000 0.044890 0.000000
vt -0.600000 -0.044890 0.000000
vt -0.600000 -0.134670 0.000000
vt -0.000000 -0.134670 0.000000
vt -0.000000 -0.044890 0.000000
vt -0.000000 0.044890 0.000000
vt -0.000000 0.134670 0.000000
vt 0.000000 -2.042250 0.000000
vt 0.600000 -2.042250 0.000000
vt 0.600000 -1.832763 0.000000
vt 0.600000 -1.623275 0.000000
vt 0.600000 -1.413788 0.000000
vt 0.600000 -1.204301 0.000000
vt 0.600000 -0.994814 0.000000
vt 0.600000 -0.785327 0.000000
vt 0.600000 -0.575839 0.000000
vt 0.600000 -0.366352 0.000000
vt 0.600000 -0.156865 0.000000
vt 0.000000 -0.156865 0.000000
vt 0.000000 -0.366352 0.000000
vt 0.000000 -0.575839 0.000000
vt 0.000000 -0.785327 0.000000
vt 0.000000 -0.994814 0.000000
vt 0.000000 -1.204301 0.000000
vt 0.000000 -1.413788 0.000000
vt 0.000000 -1.623275 0.000000
vt 0.000000 -1.832763 0.000000
vt -0.600000 0.134670 0.000000
vt -0.600000 0.044890 0.000000
vt -0.600000 -0.044890 0.000000
vt -0.600000 -0.134670 0.000000
vt -0.000000 -0.134670 0.000000
vt -0.000000 -0.044890 0.000000
vt -0.000000 0.044890 0.000000
vt -0.000000 0.134670 0.000000
vt 0.080000 0.128104 0.000000
vt 0.080000 0.042701 0.000000
vt 0.080000 -0.042701 0.000000
vt 0.080000 -0.128104 0.000000
vt 0.600000 -0.128104 0.000000
vt 0.600000 -0.042701 0.000000
vt 0.600000 0.042701 0.000000
vt 0.600000 0.128104 0.000000
vt -6.360851 0.600000 0.000000
vt -6.360851 0.080000 0.000000
vt -4.840000 0.080000 0.000000
vt -4.840000 0.600000 0.000000
vt -0.600000 0.157080 0.000000
vt -0.600000 0.052360 0.000000
vt -0.600000 -0.052360 0.000000
vt -0.600000 -0.157080 0.000000
vt -0.000000 -0.157080 0.000000
vt -0.000000 -0.052360 0.000000
vt -0.000000 0.052360 0.000000
vt -0.000000 0.157080 0.000000
vt 0.200000 0.600000 0.000000
vt 0.200000 0.000000 0.000000
vt 2.122504 0.000000 0.000000
vt 2.122504 0.600000 0.000000
vt 0.080000 0.157080 0.000000
vt 0.080000 0.052360 0.000000
vt 0.080000 -0.052360 0.000000
vt 0.080000 -0.157080 0.000000
vt 0.600000 -0.157080 0.000000
vt 0.600000 -0.052360 0.000000
vt 0.600000 0.052360 0.000000
vt 0.600000 0.157080 0.000000
vt -0.600000 0.134670 0.000000
vt -0.600000 0.044890 0.000000
vt -0.600000 -0.044890 0.000000
vt -0.600000 -0.134670 0.000000
vt -0.000000 -0.134670 0.000000
vt -0.000000 -0.044890 0.000000
vt -0.000000 0.044890 0.000000
vt -0.000000 0.134670 0.000000
vt 0.000000 -2.042250 0.000000
vt 0.600000 -2.042250 0.000000
vt 0.600000 -1.832763 0.000000
vt 0.600000 -1.623275 0.000000
vt 0.600000 -1.413788 0.000000
vt 0.600000 -1.204301 0.000000
vt 0.600000 -0.994814 0.000000
vt 0.600000 -0.785327 0.000000
vt 0.600000 -0.575839 0.000000
vt 0.600000 -0.366352 0.000000
vt 0.600000 -0.156865 0.000000
vt 0.000000 -0.156865 0.000000
vt 0.000000 -0.366352 0.000000
vt 0.000000 -0.575839 0.000000
vt 0.000000 -0.785327 0.000000
vt 0.000000 -0.994814 0.000000
vt 0.000000 -1.204301 0.000000
vt 0.000000 -1.413788 0.000000
vt 0.000000 -1.623275 0.000000
vt 0.000000 -1.832763 0.000000
vt 0.080000 0.128104 0.000000
vt 0.080000 0.042701 0.000000
vt 0.080000 -0.042701 0.000000
vt 0.080000 -0.128104 0.000000
vt 0.600000 -0.128104 0.000000
vt 0.600000 -0.042701 0.000000
vt 0.600000 0.042701 0.000000
vt 0.600000 0.128104 0.000000
vt -2.060851 0.600000 0.000000
vt -2.060851 0.080000 0.000000
vt -0.280000 0.080000 0.000000
vt -0.280000 0.600000 0.000000
vt -0.600000 0.134670 0.000000
vt -0.600000 0.044890 0.000000
vt -0.600000 -0.044890 0.000000
vt -0.600000 -0.134670 0.000000
vt -0.000000 -0.134670 0.000000
vt -0.000000 -0.044890 0.000000
vt -0.000000 0.044890 0.000000
vt -0.000000 0.134670 0.000000
vt 0.080000 0.128104 0.000000
vt 0.080000 0.042701 0.000000
vt 0.080000 -0.042701 0.000000
vt 0.080000 -0.128104 0.000000
vt 0.600000 -0.128104 0.000000
vt 0.600000 -0.042701 0.000000
vt 0.600000 0.042701 0.000000
vt 0.600000 0.128104 0.000000
vt -0.239149 0.080000 0.000000
vt -0.239149 0.600000 0.000000
vt -1.760000 0.600000 0.000000
vt -1.760000 0.080000 0.000000
vt 0.080000 0.157080 0.000000
vt 0.080000 0.052360 0.000000
vt 0.080000 -0.052360 0.000000
vt 0.080000 -0.157080 0.000000
vt 0.600000 -0.157080 0.000000
vt 0.600000 -0.052360 0.000000
vt 0.600000 0.052360 0.000000
vt 0.600000 0.157080 0.000000
vt -0.035355 -1.500000 0.000000
vt -0.035355 -2.082843 0.000000
vt -0.017088 -2.012132 0.000000
vt 0.035355 -1.950555 0.000000
vt 0.035355 -1.450000 0.000000
vt 0.300000 0.035355 0.000000
vt -0.800000 0.035355 0.000000
vt -0.750000 -0.035355 0.000000
vt 0.250000 -0.035355 0.000000
vt -0.035355 -1.950000 0.000000
vt -0.035355 -2.450555 0.000000
vt 0.017088 -2.512132 0.000000
vt 0.035355 -2.582843 0.000000
vt 0.035355 -2.000000 0.000000
vt 0.200000 0.150000 0.000000
vt 0.417157 0.150000 0.000000
vt 0.417157 0.650000 0.000000
vt 0.200000 0.650000 0.000000
vt 0.035355 1.500000 0.000000
vt 0.035355 2.082843 0.000000
vt 0.017088 2.012132 0.000000
vt -0.035355 1.950555 0.000000
vt -0.035355 1.450000 0.000000
vt -0.300000 -0.035355 0.000000
vt 0.800000 -0.035355 0.000000
vt 0.750000 0.035355 0.000000
vt -0.250000 0.035355 0.000000
vt 0.035355 1.950000 0.000000
vt 0.035355 2.450555 0.000000
vt -0.017088 2.512132 0.000000
vt -0.035355 2.582843 0.000000
vt -0.035355 2.000000 0.000000
vt 0.200000 0.150000 0.000000
vt 0.417157 0.150000 0.000000
vt 0.417157 0.650000 0.000000
vt 0.200000 0.650000 0.000000
vt 0.177496 0.000000 0.000000
vt 6.422503 0.000000 0.000000
vt 6.422503 0.600000 0.000000
vt 4.382843 0.600000 0.000000
vt 4.382843 0.150000 0.000000
vt 2.217157 0.150000 0.000000
vt 2.217157 0.600000 0.000000
vt 0.177496 0.600000 0.000000
vt -0.150000 -0.078540 0.000000
vt -0.150000 -0.026180 0.000000
vt -0.150000 0.026180 0.000000
vt -0.150000 0.078540 0.000000
vt -0.600000 0.078540 0.000000
vt -0.600000 0.074362 0.000000
vt -0.600000 0.070185 0.000000
vt -0.600000 0.066007 0.000000
vt -0.637083 -0.006266 0.000000
vt -0.650000 -0.078540 0.000000
vt -0.150000 -0.157080 0.000000
vt -0.150000 -0.052360 0.000000
vt -0.150000 0.052360 0.000000
vt -0.150000 0.157080 0.000000
vt -0.650000 0.157080 0.000000
vt -0.650000 0.052360 0.000000
vt -0.650000 -0.052360 0.000000
vt -0.650000 -0.157080 0.000000
vt 0.200000 0.150000 0.000000
vt 0.800000 0.150000 0.000000
vt 0.800000 0.650000 0.000000
vt 0.200000 0.650000 0.000000
vt 0.150000 0.270711 0.000000
vt 0.150000 -0.270711 0.000000
vt 0.600000 -0.270711 0.000000
vt 0.600000 0.270711 0.000000
vt -0.150000 -0.078540 0.000000
vt -0.150000 -0.026180 0.000000
vt -0.150000 0.026180 0.000000
vt -0.150000 0.078540 0.000000
vt -0.600000 0.078540 0.000000
vt -0.600000 0.026180 0.000000
vt -0.600000 -0.026180 0.000000
vt -0.600000 -0.078540 0.000000
vt 0.177496 0.000000 0.000000
vt 6.422503 0.000000 0.000000
vt 6.422503 0.600000 0.000000
vt 4.382843 0.600000 0.000000
vt 4.382843 0.150000 0.000000
vt 2.217157 0.150000 0.000000
vt 2.217157 0.600000 0.000000
vt 0.177496 0.600000 0.000000
vt -0.150000 -0.078540 0.000000
vt -0.150000 -0.026180 0.000000
vt -0.150000 0.026180 0.000000
vt -0.150000 0.078540 0.000000
vt -0.600000 0.078540 0.000000
vt -0.600000 0.074362 0.000000
vt -0.600000 0.070185 0.000000
vt -0.600000 0.066007 0.000000
vt -0.637083 -0.006266 0.000000
vt -0.650000 -0.078540 0.000000
vt -0.150000 -0.270711 0.000000
vt -0.150000 0.270711 0.000000
vt -0.600000 0.270711 0.000000
vt -0.600000 -0.270711 0.000000
vt -0.150000 -0.078540 0.000000
vt -0.150000 -0.026180 0.000000
vt -0.150000 0.026180 0.000000
vt -0.150000 0.078540 0.000000
vt -0.600000 0.078540 0.000000
vt -0.600000 0.026180 0.000000
vt -0.600000 -0.026180 0.000000
vt -0.600000 -0.078540 0.000000
vt 0.200000 0.150000 0.000000
vt 0.800000 0.150000 0.000000
vt 0.800000 0.650000 0.000000
vt 0.200000 0.650000 0.000000
vt -0.150000 -0.157080 0.000000
vt -0.150000 -0.052360 0.000000
vt -0.150000 0.052360 0.000000
vt -0.150000 0.157080 0.000000
vt -0.650000 0.157080 0.000000
vt -0.650000 0.052360 0.000000
vt -0.650000 -0.052360 0.000000
vt -0.650000 -0.157080 0.000000
vt -0.300000 0.000000 0.000000
vt -0.270291 -0.130165 0.000000
vt -0.187047 -0.234549 0.000000
vt -0.066756 -0.292478 0.000000
vt 0.066756 -0.292478 0.000000
vt 0.187047 -0.234549 0.000000
vt 0.270291 -0.130165 0.000000
vt 0.300000 0.000000 0.000000
vt 0.270291 0.130165 0.000000
vt 0.187047 0.234549 0.000000
vt 0.066756 0.292478 0.000000
vt -0.066756 0.292478 0.000000
vt -0.187047 0.234549 0.000000
vt -0.270291 0.130165 0.000000
vt 0.170000 0.000000 0.000000
vt 0.137533 -0.099923 0.000000
vt 0.052533 -0.161680 0.000000
vt -0.052533 -0.161680 0.000000
vt -0.137533 -0.099923 0.000000
vt -0.170000 0.000000 0.000000
vt -0.137533 0.099923 0.000000
vt -0.052533 0.161680 0.000000
vt 0.052533 0.161680 0.000000
vt 0.137533 0.099923 0.000000
vt -0.150000 0.000000 0.000000
vt -0.150000 -0.134640 0.000000
vt -0.150000 -0.269279 0.000000
vt -0.150000 -0.403919 0.000000
vt -0.150000 -0.538559 0.000000
vt -0.150000 -0.673198 0.000000
vt -0.150000 -0.807838 0.000000
vt -0.150000 0.942478 0.000000
vt -0.150000 0.807838 0.000000
vt -0.150000 0.673198 0.000000
vt -0.150000 0.538559 0.000000
vt -0.150000 0.403919 0.000000
vt -0.150000 0.269279 0.000000
vt -0.150000 0.134640 0.000000
vt 0.150000 0.000000 0.000000
vt 0.150000 0.134640 0.000000
vt 0.150000 0.269279 0.000000
vt 0.150000 0.403919 0.000000
vt 0.150000 0.538559 0.000000
vt 0.150000 0.673198 0.000000
vt 0.150000 0.807838 0.000000
vt 0.150000 -0.942478 0.000000
vt 0.150000 -0.807838 0.000000
vt 0.150000 -0.673198 0.000000
vt 0.150000 -0.538559 0.000000
vt 0.150000 -0.403919 0.000000
vt 0.150000 -0.269279 0.000000
vt 0.150000 -0.134640 0.000000
vt 0.150000 0.942478 0.000000
vt -0.150000 -0.942478 0.000000
vt -16.716925 -0.534071 0.000000
vt -16.716925 -0.427257 0.000000
vt -16.716925 -0.320442 0.000000
vt -16.716925 -0.213628 0.000000
vt -16.716925 -0.106814 0.000000
vt -16.716925 0.000000 0.000000
vt -16.716925 0.106814 0.000000
vt -16.716925 0.213628 0.000000
vt -16.716925 0.320442 0.000000
vt -16.716925 0.427257 0.000000
vt -16.916925 0.534071 0.000000
vt -16.916925 0.427257 0.000000
vt -16.916925 0.320442 0.000000
vt -16.916925 0.213628 0.000000
vt -16.916925 0.106814 0.000000
vt -16.916925 0.000000 0.000000
vt -16.916925 -0.106814 0.000000
vt -16.916925 -0.213628 0.000000
vt -16.916925 -0.320442 0.000000
vt -16.916925 -0.427257 0.000000
vt -16.916925 -0.534071 0.000000
vt -16.716925 0.534071 0.000000
vt 0.300000 0.000000 0.000000
vt 0.270291 0.130165 0.000000
vt 0.187047 0.234549 0.000000
vt 0.066756 0.292478 0.000000
vt -0.066756 0.292478 0.000000
vt -0.187047 0.234549 0.000000
vt -0.270291 0.130165 0.000000
vt -0.300000 0.000000 0.000000
vt -0.270291 -0.130165 0.000000
vt -0.187047 -0.234549 0.000000
vt -0.066756 -0.292478 0.000000
vt 0.066756 -0.292478 0.000000
vt 0.187047 -0.234549 0.000000
vt 0.270291 -0.130165 0.000000
vt -0.170000 0.000000 0.000000
vt -0.137533 0.099923 0.000000
vt -0.052533 0.161680 0.000000
vt 0.052533 0.161680 0.000000
vt 0.137533 0.099923 0.000000
vt 0.170000 0.000000 0.000000
vt 0.137533 -0.099923 0.000000
vt 0.052533 -0.161680 0.000000
vt -0.052533 -0.161680 0.000000
vt -0.137533 -0.099923 0.000000
vt 0.150000 0.000000 0.000000
vt 0.150000 0.134640 0.000000
vt 0.150000 0.269279 0.000000
vt 0.150000 0.403919 0.000000
vt 0.150000 0.538559 0.000000
vt 0.150000 0.673198 0.000000
vt 0.150000 0.807838 0.000000
vt 0.150000 -0.942478 0.000000
vt 0.150000 -0.807838 0.000000
vt 0.150000 -0.673198 0.000000
vt 0.150000 -0.538559 0.000000
vt 0.150000 -0.403919 0.000000
vt 0.150000 -0.269279 0.000000
vt 0.150000 -0.134640 0.000000
vt -0.150000 0.000000 0.000000
vt -0.150000 -0.134640 0.000000
vt -0.150000 -0.269279 0.000000
vt -0.150000 -0.403919 0.000000
vt -0.150000 -0.538559 0.000000
vt -0.150000 -0.673198 0.000000
vt -0.150000 -0.807838 0.000000
vt -0.150000 0.942478 0.000000
vt -0.150000 0.807838 0.000000
vt -0.150000 0.673198 0.000000
vt -0.150000 0.538559 0.000000
vt -0.150000 0.403919 0.000000
vt -0.150000 0.269279 0.000000
vt -0.150000 0.134640 0.000000
vt -0.150000 -0.942478 0.000000
vt 0.150000 0.942478 0.000000
vt 16.716925 0.534071 0.000000
vt 16.716925 0.427257 0.000000
vt 16.716925 0.320442 0.000000
vt 16.716925 0.213628 0.000000
vt 16.716925 0.106814 0.000000
vt 16.716925 0.000000 0.000000
vt 16.716925 -0.106814 0.000000
vt 16.716925 -0.213628 0.000000
vt 16.716925 -0.320442 0.000000
vt 16.716925 -0.427257 0.000000
vt 16.916925 -0.534071 0.000000
vt 16.916925 -0.427257 0.000000
vt 16.916925 -0.320442 0.000000
vt 16.916925 -0.213628 0.000000
vt 16.916925 -0.106814 0.000000
vt 16.916925 0.000000 0.000000
vt 16.916925 0.106814 0.000000
vt 16.916925 0.213628 0.000000
vt 16.916925 0.320442 0.000000
vt 16.916925 0.427257 0.000000
vt 16.916925 0.534071 0.000000
vt 16.716925 -0.534071 0.000000
vt 0.500000 0.300000 0.000000
vt 0.473205 0.400000 0.000000
vt 0.400000 0.473205 0.000000
vt 0.300000 0.500000 0.000000
vt -0.300000 0.500000 0.000000
vt -0.400000 0.473205 0.000000
vt -0.473205 0.400000 0.000000
vt -0.500000 0.300000 0.000000
vt -0.500000 0.082843 0.000000
vt -0.500000 -0.500000 0.000000
vt 0.500000 -0.500000 0.000000
vt 0.500000 0.082843 0.000000
vt 0.300000 0.000000 0.000000
vt 0.270291 -0.130165 0.000000
vt 0.187047 -0.234549 0.000000
vt 0.066756 -0.292478 0.000000
vt -0.066756 -0.292478 0.000000
vt -0.187047 -0.234549 0.000000
vt -0.270291 -0.130165 0.000000
vt -0.300000 0.000000 0.000000
vt -0.270291 0.130165 0.000000
vt -0.187047 0.234549 0.000000
vt -0.066756 0.292478 0.000000
vt 0.066756 0.292478 0.000000
vt 0.187047 0.234549 0.000000
vt 0.270291 0.130165 0.000000
vt 0.300000 -0.500000 0.000000
vt 0.400000 -0.473205 0.000000
vt 0.473205 -0.400000 0.000000
vt 0.500000 -0.300000 0.000000
vt 0.500000 -0.082843 0.000000
vt 0.500000 0.500000 0.000000
vt -0.500000 0.500000 0.000000
vt -0.500000 -0.082843 0.000000
vt -0.500000 -0.300000 0.000000
vt -0.473205 -0.400000 0.000000
vt -0.400000 -0.473205 0.000000
vt -0.300000 -0.500000 0.000000
vt 0.300000 0.000000 0.000000
vt 0.270291 -0.130165 0.000000
vt 0.187047 -0.234549 0.000000
vt 0.066756 -0.292478 0.000000
vt -0.066756 -0.292478 0.000000
vt -0.187047 -0.234549 0.000000
vt -0.270291 -0.130165 0.000000
vt -0.300000 0.000000 0.000000
vt -0.270291 0.130165 0.000000
vt -0.187047 0.234549 0.000000
vt -0.066756 0.292478 0.000000
vt 0.066756 0.292478 0.000000
vt 0.187047 0.234549 0.000000
vt 0.270291 0.130165 0.000000
vt -0.260000 0.500000 0.000000
vt 0.260000 -0.500000 0.000000
vt 0.260000 0.500000 0.000000
vt 1.127120 -0.040000 0.000000
vt 1.127120 0.040000 0.000000
vt 0.000000 0.040000 0.000000
vt 0.000000 -0.040000 0.000000
vt -0.260000 -0.500000 0.000000
vt 0.260000 0.500000 0.000000
vt -0.260000 0.500000 0.000000
vt 0.260000 0.500000 0.000000
vt -0.260000 -0.500000 0.000000
vt 0.260000 -0.500000 0.000000
vt 1.127120 -0.040000 0.000000
vt 1.127120 0.040000 0.000000
vt 0.000000 0.040000 0.000000
vt 0.000000 -0.040000 0.000000
vt 0.260000 -0.500000 0.000000
vt -0.260000 0.500000 0.000000
vt -0.260000 -0.500000 0.000000
vt -0.260000 0.500000 0.000000
vt 0.260000 -0.500000 0.000000
vt 0.260000 0.500000 0.000000
vt 1.127120 -0.040000 0.000000
vt 1.127120 0.040000 0.000000
vt 0.000000 0.040000 0.000000
vt 0.000000 -0.040000 0.000000
vt -0.260000 -0.500000 0.000000
vt 0.260000 0.500000 0.000000
vt -0.260000 0.500000 0.000000
vt 0.260000 0.500000 0.000000
vt -0.260000 -0.500000 0.000000
vt 0.260000 -0.500000 0.000000
vt 1.127120 -0.040000 0.000000
vt 1.127120 0.040000 0.000000
vt 0.000000 0.040000 0.000000
vt 0.000000 -0.040000 0.000000
vt 0.260000 -0.500000 0.000000
vt -0.260000 0.500000 0.000000
vt -0.260000 -0.500000 0.000000
vt -0.280000 0.080000 0.000000
vt -0.280000 0.600000 0.000000
vt -1.960000 0.600000 0.000000
vt -1.960000 0.080000 0.000000
vt -2.040000 0.080000 0.000000
vt -2.040000 0.600000 0.000000
vt -3.960000 0.600000 0.000000
vt -3.960000 0.080000 0.000000
vt -7.720000 0.600000 0.000000
vt -7.720000 0.080000 0.000000
vt -6.040000 0.080000 0.000000
vt -6.040000 0.600000 0.000000
vt -5.960000 0.600000 0.000000
vt -5.960000 0.080000 0.000000
vt -4.040000 0.080000 0.000000
vt -4.040000 0.600000 0.000000
vt -2.040000 0.080000 0.000000
vt -2.040000 0.600000 0.000000
vt -3.960000 0.600000 0.000000
vt -3.960000 0.080000 0.000000
vt -0.260000 0.500000 0.000000
vt 0.260000 -0.500000 0.000000
vt 0.260000 0.500000 0.000000
vt 1.127120 -0.040000 0.000000
vt 1.127120 0.040000 0.000000
vt 0.000000 0.040000 0.000000
vt 0.000000 -0.040000 0.000000
vt -0.260000 -0.500000 0.000000
vt 0.260000 0.500000 0.000000
vt -0.260000 0.500000 0.000000
vt 0.260000 0.500000 0.000000
vt -0.260000 -0.500000 0.000000
vt 0.260000 -0.500000 0.000000
vt 1.127120 -0.040000 0.000000
vt 1.127120 0.040000 0.000000
vt 0.000000 0.040000 0.000000
vt 0.000000 -0.040000 0.000000
vt 0.260000 -0.500000 0.000000
vt -0.260000 0.500000 0.000000
vt -0.260000 -0.500000 0.000000
vt -5.960000 0.600000 0.000000
vt -5.960000 0.080000 0.000000
vt -4.040000 0.080000 0.000000
vt -4.040000 0.600000 0.000000
vt 0.260000 -0.750000 0.000000
vt -0.260000 0.750000 0.000000
vt -0.260000 -0.750000 0.000000
vt 1.587577 -0.040000 0.000000
vt 1.587577 0.040000 0.000000
vt 0.000000 0.040000 0.000000
vt 0.000000 -0.040000 0.000000
vt 0.260000 0.750000 0.000000
vt -0.260000 -0.750000 0.000000
vt 0.260000 -0.750000 0.000000
vt -0.260000 0.750000 0.000000
vt -0.260000 -0.750000 0.000000
vt 0.260000 0.750000 0.000000
vt 1.587577 -0.040000 0.000000
vt 1.587577 0.040000 0.000000
vt 0.000000 0.040000 0.000000
vt 0.000000 -0.040000 0.000000
vt 0.260000 -0.750000 0.000000
vt 0.260000 0.750000 0.000000
vt -0.260000 0.750000 0.000000
vt 0.260000 -0.750000 0.000000
vt -0.260000 0.750000 0.000000
vt -0.260000 -0.750000 0.000000
vt 1.587577 -0.040000 0.000000
vt 1.587577 0.040000 0.000000
vt 0.000000 0.040000 0.000000
vt 0.000000 -0.040000 0.000000
vt 0.260000 0.750000 0.000000
vt -0.260000 -0.750000 0.000000
vt 0.260000 -0.750000 0.000000
vt -0.260000 0.750000 0.000000
vt -0.260000 -0.750000 0.000000
vt 0.260000 0.750000 0.000000
vt 1.587577 -0.040000 0.000000
vt 1.587577 0.040000 0.000000
vt 0.000000 0.040000 0.000000
vt 0.000000 -0.040000 0.000000
vt 0.260000 -0.750000 0.000000
vt 0.260000 0.750000 0.000000
vt -0.260000 0.750000 0.000000
vt -1.840000 0.080000 0.000000
vt -1.840000 0.600000 0.000000
vt -3.260000 0.600000 0.000000
vt -3.260000 0.080000 0.000000
vt -4.760000 0.600000 0.000000
vt -4.760000 0.080000 0.000000
vt -3.340000 0.080000 0.000000
vt -3.340000 0.600000 0.000000
vt -1.840000 0.080000 0.000000
vt -1.840000 0.600000 0.000000
vt -3.260000 0.600000 0.000000
vt -3.260000 0.080000 0.000000
vt 0.260000 -0.750000 0.000000
vt -0.260000 0.750000 0.000000
vt -0.260000 -0.750000 0.000000
vt 1.587577 -0.040000 0.000000
vt 1.587577 0.040000 0.000000
vt 0.000000 0.040000 0.000000
vt 0.000000 -0.040000 0.000000
vt 0.260000 0.750000 0.000000
vt -0.260000 -0.750000 0.000000
vt 0.260000 -0.750000 0.000000
vt -0.260000 0.750000 0.000000
vt -0.260000 -0.750000 0.000000
vt 0.260000 0.750000 0.000000
vt 1.587577 -0.040000 0.000000
vt 1.587577 0.040000 0.000000
vt 0.000000 0.040000 0.000000
vt 0.000000 -0.040000 0.000000
vt 0.260000 -0.750000 0.000000
vt 0.260000 0.750000 0.000000
vt -0.260000 0.750000 0.000000
vt -4.760000 0.600000 0.000000
vt -4.760000 0.080000 0.000000
vt -3.340000 0.080000 0.000000
vt -3.340000 0.600000 0.000000
vt -0.080000 -0.226006 0.000000
vt -0.600000 -0.226006 0.000000
vt -0.600000 -0.448054 0.000000
vt -0.600000 -0.670102 0.000000
vt -0.600000 -0.892149 0.000000
vt -0.600000 -1.114197 0.000000
vt -0.600000 -1.336245 0.000000
vt -0.600000 -1.558293 0.000000
vt -0.600000 -1.780340 0.000000
vt -0.600000 -2.002388 0.000000
vt -0.600000 -2.224436 0.000000
vt -0.080000 -2.224436 0.000000
vt -0.080000 -2.002388 0.000000
vt -0.080000 -1.780340 0.000000
vt -0.080000 -1.558293 0.000000
vt -0.080000 -1.336245 0.000000
vt -0.080000 -1.114197 0.000000
vt -0.080000 -0.892149 0.000000
vt -0.080000 -0.670102 0.000000
vt -0.080000 -0.448054 0.000000
vt -0.280000 0.080000 0.000000
vt -0.280000 0.600000 0.000000
vt -1.960000 0.600000 0.000000
vt -1.960000 0.080000 0.000000
vt -0.600000 -2.224436 0.000000
vt -0.080000 -2.224436 0.000000
vt -0.080000 -2.002388 0.000000
vt -0.080000 -1.780340 0.000000
vt -0.080000 -1.558293 0.000000
vt -0.080000 -1.336245 0.000000
vt -0.080000 -1.114197 0.000000
vt -0.080000 -0.892149 0.000000
vt -0.080000 -0.670102 0.000000
vt -0.080000 -0.448054 0.000000
vt -0.080000 -0.226006 0.000000
vt -0.600000 -0.226006 0.000000
vt -0.600000 -0.448054 0.000000
vt -0.600000 -0.670102 0.000000
vt -0.600000 -0.892149 0.000000
vt -0.600000 -1.114197 0.000000
vt -0.600000 -1.336245 0.000000
vt -0.600000 -1.558293 0.000000
vt -0.600000 -1.780340 0.000000
vt -0.600000 -2.002388 0.000000
vt -0.239149 0.080000 0.000000
vt -0.239149 0.600000 0.000000
vt -1.760000 0.600000 0.000000
vt -1.760000 0.080000 0.000000
vt 2.122504 0.000000 0.000000
vt 2.122504 0.600000 0.000000
vt 0.200000 0.600000 0.000000
vt 0.200000 0.000000 0.000000
vt 2.100000 0.000000 0.000000
vt 2.100000 0.600000 0.000000
vt 0.177496 0.600000 0.000000
vt 0.177496 0.000000 0.000000
vt -6.800000 4.000000 0.000000
vt -6.900000 3.973205 0.000000
vt -6.973205 3.900000 0.000000
vt -7.000000 3.800000 0.000000
vt -7.000000 -3.800000 0.000000
vt -6.973205 -3.900000 0.000000
vt -6.900000 -3.973205 0.000000
vt -6.800000 -4.000000 0.000000
vt -4.877496 -4.000000 0.000000
vt -4.790701 -3.980185 0.000000
vt -4.721105 -3.924666 0.000000
vt -4.682497 -3.844445 0.000000
vt -4.606301 -3.650145 0.000000
vt -4.476208 -3.486945 0.000000
vt -4.303783 -3.369353 0.000000
vt -4.104353 -3.307822 0.000000
vt -3.895647 -3.307822 0.000000
vt -3.696217 -3.369353 0.000000
vt -3.523792 -3.486945 0.000000
vt -3.393699 -3.650145 0.000000
vt -3.317503 -3.844445 0.000000
vt -3.278895 -3.924666 0.000000
vt -3.209299 -3.980185 0.000000
vt -3.122504 -4.000000 0.000000
vt -1.082843 -4.000000 0.000000
vt -1.031079 -4.006815 0.000000
vt -0.982843 -4.026795 0.000000
vt -0.941421 -4.058578 0.000000
vt -0.558579 -4.441422 0.000000
vt -0.555656 -4.444406 0.000000
vt -0.552796 -4.447451 0.000000
vt -0.550000 -4.450555 0.000000
vt -0.550000 -3.950000 0.000000
vt 0.550000 -3.950000 0.000000
vt 0.550000 -4.450555 0.000000
vt 0.552796 -4.447451 0.000000
vt 0.555656 -4.444406 0.000000
vt 0.558579 -4.441422 0.000000
vt 0.941421 -4.058578 0.000000
vt 0.982843 -4.026795 0.000000
vt 1.031079 -4.006815 0.000000
vt 1.082843 -4.000000 0.000000
vt 3.122504 -4.000000 0.000000
vt 3.209299 -3.980185 0.000000
vt 3.278895 -3.924666 0.000000
vt 3.317503 -3.844445 0.000000
vt 3.393699 -3.650145 0.000000
vt 3.523792 -3.486945 0.000000
vt 3.696217 -3.369353 0.000000
vt 3.895647 -3.307822 0.000000
vt 4.104353 -3.307822 0.000000
vt 4.303783 -3.369353 0.000000
vt 4.476208 -3.486945 0.000000
vt 4.606301 -3.650145 0.000000
vt 4.682497 -3.844445 0.000000
vt 4.721105 -3.924666 0.000000
vt 4.790701 -3.980185 0.000000
vt 4.877496 -4.000000 0.000000
vt 6.800000 -4.000000 0.000000
vt 6.900000 -3.973205 0.000000
vt 6.973205 -3.900000 0.000000
vt 7.000000 -3.800000 0.000000
vt 7.000000 3.800000 0.000000
vt 6.973205 3.900000 0.000000
vt 6.900000 3.973205 0.000000
vt 6.800000 4.000000 0.000000
vt 4.877496 4.000000 0.000000
vt 4.790701 3.980185 0.000000
vt 4.721105 3.924666 0.000000
vt 4.682497 3.844445 0.000000
vt 4.606301 3.650145 0.000000
vt 4.476208 3.486945 0.000000
vt 4.303783 3.369353 0.000000
vt 4.104353 3.307822 0.000000
vt 3.895647 3.307822 0.000000
vt 3.696217 3.369353 0.000000
vt 3.523792 3.486945 0.000000
vt 3.393699 3.650145 0.000000
vt 3.317503 3.844445 0.000000
vt 3.278895 3.924666 0.000000
vt 3.209299 3.980185 0.000000
vt 3.122504 4.000000 0.000000
vt 1.082843 4.000000 0.000000
vt 1.031079 4.006815 0.000000
vt 0.982843 4.026795 0.000000
vt 0.941421 4.058578 0.000000
vt 0.558579 4.441422 0.000000
vt 0.555656 4.444406 0.000000
vt 0.552796 4.447451 0.000000
vt 0.550000 4.450555 0.000000
vt 0.550000 3.950000 0.000000
vt -0.550000 3.950000 0.000000
vt -0.550000 4.450555 0.000000
vt -0.552796 4.447451 0.000000
vt -0.555656 4.444406 0.000000
vt -0.558579 4.441422 0.000000
vt -0.941421 4.058578 0.000000
vt -0.982843 4.026795 0.000000
vt -1.031079 4.006815 0.000000
vt -1.082843 4.000000 0.000000
vt -3.122504 4.000000 0.000000
vt -3.209299 3.980185 0.000000
vt -3.278895 3.924666 0.000000
vt -3.317503 3.844445 0.000000
vt -3.393699 3.650145 0.000000
vt -3.523792 3.486945 0.000000
vt -3.696217 3.369353 0.000000
vt -3.895647 3.307822 0.000000
vt -4.104353 3.307822 0.000000
vt -4.303783 3.369353 0.000000
vt -4.476208 3.486945 0.000000
vt -4.606301 3.650145 0.000000
vt -4.682497 3.844445 0.000000
vt -4.721105 3.924666 0.000000
vt -4.790701 3.980185 0.000000
vt -4.877496 4.000000 0.000000
vt 3.060851 -3.920000 0.000000
vt 1.540000 -3.920000 0.000000
vt 1.460000 -3.920000 0.000000
vt 0.040000 -3.920000 0.000000
vt -0.040000 -3.920000 0.000000
vt -1.460000 -3.920000 0.000000
vt -1.540000 -3.920000 0.000000
vt -3.060851 -3.920000 0.000000
vt -3.143682 -3.902041 0.000000
vt -3.211638 -3.851390 0.000000
vt -3.252514 -3.777143 0.000000
vt -3.345188 -3.576183 0.000000
vt -3.490570 -3.409338 0.000000
vt -3.676959 -3.290039 0.000000
vt -3.889351 -3.227888 0.000000
vt -4.110650 -3.227888 0.000000
vt -4.323041 -3.290039 0.000000
vt -4.509430 -3.409338 0.000000
vt -4.654812 -3.576183 0.000000
vt -4.747486 -3.777143 0.000000
vt -4.788362 -3.851390 0.000000
vt -4.856318 -3.902041 0.000000
vt -4.939148 -3.920000 0.000000
vt -6.720000 -3.920000 0.000000
vt -6.820000 -3.893205 0.000000
vt -6.893205 -3.820000 0.000000
vt -6.920000 -3.720000 0.000000
vt -6.920000 -2.040000 0.000000
vt -6.920000 -1.960000 0.000000
vt -6.920000 -0.040000 0.000000
vt -6.920000 0.040000 0.000000
vt -6.920000 1.960000 0.000000
vt -6.920000 2.040000 0.000000
vt -6.920000 3.720000 0.000000
vt -6.893205 3.820000 0.000000
vt -6.820000 3.893205 0.000000
vt -6.720000 3.920000 0.000000
vt -4.939148 3.920000 0.000000
vt -4.856318 3.902041 0.000000
vt -4.788362 3.851390 0.000000
vt -4.747486 3.777143 0.000000
vt -4.654812 3.576183 0.000000
vt -4.509430 3.409338 0.000000
vt -4.323041 3.290039 0.000000
vt -4.110650 3.227888 0.000000
vt -3.889351 3.227888 0.000000
vt -3.676959 3.290039 0.000000
vt -3.490570 3.409338 0.000000
vt -3.345188 3.576183 0.000000
vt -3.252514 3.777143 0.000000
vt -3.211638 3.851390 0.000000
vt -3.143682 3.902041 0.000000
vt -3.060851 3.920000 0.000000
vt -1.540000 3.920000 0.000000
vt -1.460000 3.920000 0.000000
vt -0.040000 3.920000 0.000000
vt 0.040000 3.920000 0.000000
vt 1.460000 3.920000 0.000000
vt 1.540000 3.920000 0.000000
vt 3.060851 3.920000 0.000000
vt 3.143682 3.902041 0.000000
vt 3.211638 3.851390 0.000000
vt 3.252514 3.777143 0.000000
vt 3.345188 3.576183 0.000000
vt 3.490570 3.409338 0.000000
vt 3.676959 3.290039 0.000000
vt 3.889351 3.227888 0.000000
vt 4.110650 3.227888 0.000000
vt 4.323041 3.290039 0.000000
vt 4.509430 3.409338 0.000000
vt 4.654812 3.576183 0.000000
vt 4.747486 3.777143 0.000000
vt 4.788362 3.851390 0.000000
vt 4.856318 3.902041 0.000000
vt 4.939148 3.920000 0.000000
vt 6.720000 3.920000 0.000000
vt 6.820000 3.893205 0.000000
vt 6.893205 3.820000 0.000000
vt 6.920000 3.720000 0.000000
vt 6.920000 2.040000 0.000000
vt 6.920000 1.960000 0.000000
vt 6.920000 0.040000 0.000000
vt 6.920000 -0.040000 0.000000
vt 6.920000 -1.960000 0.000000
vt 6.920000 -2.040000 0.000000
vt 6.920000 -3.720000 0.000000
vt 6.893205 -3.820000 0.000000
vt 6.820000 -3.893205 0.000000
vt 6.720000 -3.920000 0.000000
vt 4.939148 -3.920000 0.000000
vt 4.856318 -3.902041 0.000000
vt 4.788362 -3.851390 0.000000
vt 4.747486 -3.777143 0.000000
vt 4.654812 -3.576183 0.000000
vt 4.509430 -3.409338 0.000000
vt 4.323041 -3.290039 0.000000
vt 4.110650 -3.227888 0.000000
vt 3.889351 -3.227888 0.000000
vt 3.676959 -3.290039 0.000000
vt 3.490570 -3.409338 0.000000
vt 3.345188 -3.576183 0.000000
vt 3.252514 -3.777143 0.000000
vt 3.211638 -3.851390 0.000000
vt 3.143682 -3.902041 0.000000
vn 0.000000 0.000000 -0.100000
vn 0.000000 0.000000 -0.100000
vn 0.000000 0.000000 -0.100000
vn 0.000000 0.000000 -0.100000
vn 0.000000 0.000000 -0.100000
vn 0.000000 0.000000 -0.100000
vn 0.000000 0.000000 -0.100000
vn 0.000000 0.000000 -0.100000
vn 0.000000 0.000000 -0.100000
vn 0.000000 0.000000 -0.100000
vn 0.000000 0.000000 -0.100000
vn 0.000000 0.000000 -0.100000
vn 0.000000 0.000000 -0.100000
vn 0.000000 0.000000 -0.100000
vn 0.000000 0.000000 -0.100000
vn 0.000000 0.000000 -0.100000
vn 0.000000 0.000000 -0.100000
vn 0.000000 0.000000 -0.100000
vn 0.000000 0.000000 -0.100000
vn 0.000000 0.000000 -0.100000
vn 0.000000 0.000000 -0.100000
vn 0.000000 0.000000 -0.100000
vn 0.000000 0.000000 -0.100000
vn 0.000000 0.000000 -0.100000
vn 0.000000 0.000000 -0.100000
vn 0.000000 0.000000 -0.100000
vn 0.000000 0.000000 -0.100000
vn 0.000000 0.000000 -0.100000
vn 0.000000 0.000000 -0.100000
vn 0.000000 0.000000 -0.100000
vn 0.000000 0.000000 -0.100000
vn 0.000000 0.000000 -0.100000
vn 0.000000 0.000000 -0.100000
vn 0.000000 0.000000 -0.100000
vn 0.000000 0.000000 -0.100000
vn 0.000000 0.000000 -0.100000
vn 0.000000 0.000000 -0.100000
vn 0.000000 0.000000 -0.100000
vn 0.000000 0.000000 -0.100000
vn 0.000000 0.000000 -0.100000
vn 0.000000 0.000000 -0.100000
vn 0.000000 0.000000 -0.100000
vn 0.000000 0.000000 -0.100000
vn 0.000000 0.000000 -0.100000
vn 0.000000 0.000000 -0.100000
vn 0.000000 0.000000 -0.100000
vn 0.000000 0.000000 -0.100000
vn 0.000000 0.000000 -0.100000
vn 0.000000 0.000000 -0.100000
vn 0.000000 0.000000 -0.100000
vn 0.000000 0.000000 -0.100000
vn 0.000000 0.000000 -0.100000
vn 0.000000 0.000000 -0.100000
vn 0.000000 0.000000 -0.100000
vn 0.000000 0.000000 -0.100000
vn 0.000000 0.000000 -0.100000
vn 0.000000 0.000000 -0.100000
vn 0.000000 0.000000 -0.100000
vn 0.000000 0.000000 -0.100000
vn 0.000000 0.000000 -0.100000
vn 0.000000 0.000000 -0.100000
vn 0.000000 0.000000 -0.100000
vn 0.000000 0.000000 -0.100000
vn 0.000000 0.000000 -0.100000
vn 0.000000 0.000000 -0.100000
vn 0.000000 0.000000 -0.100000
vn 0.000000 0.000000 -0.100000
vn 0.000000 0.000000 -0.100000
vn -0.070711 0.070711 0.000000
vn -0.070711 0.070711 0.000000
vn -0.070711 0.070711 0.000000
vn -0.070711 0.070711 0.000000
vn -0.070711 0.070711 0.000000
vn -0.050000 0.086603 0.000000
vn -0.025882 0.096593 0.000000
vn 0.000000 0.100000 0.000000
vn 0.000000 0.100000 0.000000
vn -0.025882 0.096593 0.000000
vn -0.050000 0.086603 0.000000
vn -0.070711 0.070711 0.000000
vn 0.070711 0.070711 0.000000
vn 0.086603 0.050000 0.000000
vn 0.096593 0.025882 0.000000
vn 0.100000 0.000000 0.000000
vn 0.100000 0.000000 0.000000
vn 0.093541 0.035355 0.000000
vn 0.075000 0.066144 0.000000
vn 0.073602 0.067696 0.000000
vn 0.072172 0.069218 0.000000
vn 0.070711 0.070711 0.000000
vn 0.100000 0.000000 0.000000
vn 0.100000 0.000000 0.000000
vn 0.100000 0.000000 0.000000
vn 0.100000 0.000000 0.000000
vn 0.100000 0.000000 0.000000
vn 0.086603 0.050000 0.000000
vn 0.050000 0.086603 0.000000
vn 0.000000 0.100000 0.000000
vn 0.000000 0.100000 0.000000
vn 0.050000 0.086603 0.000000
vn 0.086603 0.050000 0.000000
vn 0.100000 0.000000 0.000000
vn 0.070711 -0.070711 0.000000
vn 0.070711 -0.070711 0.000000
vn 0.070711 -0.070711 0.000000
vn 0.070711 -0.070711 0.000000
vn 0.070711 -0.070711 0.000000
vn 0.050000 -0.086603 0.000000
vn 0.025882 -0.096593 0.000000
vn 0.000000 -0.100000 0.000000
vn 0.000000 -0.100000 0.000000
vn 0.025882 -0.096593 0.000000
vn 0.050000 -0.086603 0.000000
vn 0.070711 -0.070711 0.000000
vn -0.070711 -0.070711 0.000000
vn -0.086603 -0.050000 0.000000
vn -0.096593 -0.025882 0.000000
vn -0.100000 0.000000 0.000000
vn -0.100000 0.000000 0.000000
vn -0.093541 -0.035355 0.000000
vn -0.075000 -0.066144 0.000000
vn -0.073602 -0.067696 0.000000
vn -0.072172 -0.069218 0.000000
vn -0.070711 -0.070711 0.000000
vn -0.100000 0.000000 0.000000
vn -0.100000 0.000000 0.000000
vn -0.100000 0.000000 0.000000
vn -0.100000 0.000000 0.000000
vn 0.000000 0.000000 -0.100000
vn 0.000000 0.000000 -0.100000
vn 0.000000 0.000000 -0.100000
vn 0.000000 0.000000 -0.100000
vn 0.000000 0.000000 -0.100000
vn 0.000000 0.000000 -0.100000
vn 0.000000 0.000000 -0.100000
vn 0.000000 0.000000 -0.100000
vn 0.000000 0.000000 -0.100000
vn 0.000000 0.000000 -0.100000
vn 0.000000 0.000000 -0.100000
vn 0.000000 0.000000 -0.100000
vn 0.000000 0.000000 -0.100000
vn 0.000000 0.000000 -0.100000
vn 0.000000 0.000000 -0.100000
vn 0.000000 0.000000 -0.100000
vn 0.000000 0.000000 -0.100000
vn 0.000000 0.000000 -0.100000
vn 0.000000 0.000000 -0.100000
vn 0.000000 0.000000 -0.100000
vn 0.000000 0.000000 -0.100000
vn 0.000000 0.000000 -0.100000
vn 0.000000 0.000000 -0.100000
vn 0.000000 0.000000 -0.100000
vn 0.000000 0.000000 -0.100000
vn 0.000000 0.000000 -0.100000
vn 0.000000 0.000000 -0.100000
vn 0.000000 0.000000 -0.100000
vn 0.000000 0.000000 -0.100000
vn 0.000000 0.000000 -0.100000
vn 0.000000 0.000000 -0.100000
vn 0.000000 0.000000 -0.100000
vn 0.000000 0.000000 -0.100000
vn 0.000000 0.000000 -0.100000
vn 0.000000 0.000000 -0.100000
vn 0.000000 0.000000 -0.100000
vn 0.000000 0.000000 -0.100000
vn 0.000000 0.000000 -0.100000
vn 0.000000 0.000000 -0.100000
vn 0.000000 0.000000 -0.100000
vn 0.000000 0.000000 -0.100000
vn 0.000000 0.000000 -0.100000
vn 0.000000 0.000000 -0.100000
vn 0.000000 0.000000 -0.100000
vn 0.000000 0.000000 -0.100000
vn 0.000000 0.000000 -0.100000
vn 0.000000 0.000000 -0.100000
vn 0.000000 0.000000 -0.100000
vn 0.000000 0.000000 -0.100000
vn 0.000000 0.000000 -0.100000
vn 0.000000 0.000000 -0.100000
vn 0.000000 0.000000 -0.100000
vn 0.000000 0.000000 -0.100000
vn 0.000000 0.000000 -0.100000
vn 0.000000 0.000000 -0.100000
vn 0.000000 0.000000 -0.100000
vn 0.000000 0.000000 -0.100000
vn 0.000000 0.000000 -0.100000
vn 0.000000 0.000000 -0.100000
vn 0.000000 0.000000 -0.100000
vn 0.000000 0.000000 -0.100000
vn 0.000000 0.000000 -0.100000
vn 0.000000 0.000000 -0.100000
vn 0.000000 0.000000 -0.100000
vn 0.000000 0.000000 -0.100000
vn 0.000000 0.000000 -0.100000
vn 0.000000 0.000000 -0.100000
vn 0.000000 0.000000 -0.100000
vn 0.000000 0.000000 -0.100000
vn 0.000000 0.000000 -0.100000
vn 0.000000 0.000000 -0.100000
vn 0.000000 0.000000 -0.100000
vn 0.000000 0.000000 -0.100000
vn 0.000000 0.000000 -0.100000
vn 0.000000 0.000000 -0.100000
vn 0.000000 0.000000 -0.100000
vn 0.000000 0.000000 -0.100000
vn 0.000000 0.000000 -0.100000
vn 0.000000 0.000000 -0.100000
vn 0.000000 0.000000 -0.100000
vn -0.100000 0.000000 0.000000
vn -0.086603 -0.050000 0.000000
vn -0.050000 -0.086603 0.000000
vn 0.000000 -0.100000 0.000000
vn 0.000000 -0.100000 0.000000
vn -0.050000 -0.086603 0.000000
vn -0.086603 -0.050000 0.000000
vn -0.100000 0.000000 0.000000
vn -0.100000 0.000000 0.000000
vn -0.086603 0.050000 0.000000
vn -0.050000 0.086603 0.000000
vn 0.000000 0.100000 0.000000
vn 0.000000 0.100000 0.000000
vn -0.050000 0.086603 0.000000
vn -0.086603 0.050000 0.000000
vn -0.100000 0.000000 0.000000
vn 0.000000 0.100000 0.000000
vn 0.000000 0.100000 0.000000
vn 0.000000 0.100000 0.000000
vn 0.000000 0.100000 0.000000
vn 0.000000 -0.100000 0.000000
vn -0.050000 -0.086603 0.000000
vn -0.086603 -0.050000 0.000000
vn -0.100000 0.000000 0.000000
vn -0.100000 0.000000 0.000000
vn -0.086603 -0.050000 0.000000
vn -0.050000 -0.086603 0.000000
vn 0.000000 -0.100000 0.000000
vn -0.100000 0.000000 0.000000
vn -0.100000 0.000000 0.000000
vn -0.100000 0.000000 0.000000
vn -0.100000 0.000000 0.000000
vn 0.000000 0.100000 0.000000
vn 0.041416 0.091021 0.000000
vn 0.075393 0.065695 0.000000
vn 0.095831 0.028571 0.000000
vn 0.095831 0.028571 0.000000
vn 0.075393 0.065695 0.000000
vn 0.041416 0.091021 0.000000
vn 0.000000 0.100000 0.000000
vn 0.095831 0.028571 0.000000
vn 0.095831 0.028571 0.000000
vn 0.083950 0.054335 0.000000
vn 0.065312 0.075726 0.000000
vn 0.041416 0.091021 0.000000
vn 0.014186 0.098989 0.000000
vn -0.014186 0.098989 0.000000
vn -0.041416 0.091021 0.000000
vn -0.065312 0.075726 0.000000
vn -0.083950 0.054335 0.000000
vn -0.095831 0.028571 0.000000
vn -0.095831 0.028571 0.000000
vn -0.083950 0.054335 0.000000
vn -0.065312 0.075726 0.000000
vn -0.041416 0.091021 0.000000
vn -0.014186 0.098989 0.000000
vn 0.014186 0.098989 0.000000
vn 0.041416 0.091021 0.000000
vn 0.065312 0.075726 0.000000
vn 0.083950 0.054335 0.000000
vn -0.095831 0.028571 0.000000
vn -0.075393 0.065695 0.000000
vn -0.041416 0.091021 0.000000
vn 0.000000 0.100000 0.000000
vn 0.000000 0.100000 0.000000
vn -0.041416 0.091021 0.000000
vn -0.075393 0.065695 0.000000
vn -0.095831 0.028571 0.000000
vn 0.000000 0.100000 0.000000
vn 0.000000 0.100000 0.000000
vn 0.000000 0.100000 0.000000
vn 0.000000 0.100000 0.000000
vn -0.100000 0.000000 0.000000
vn -0.086603 0.050000 0.000000
vn -0.050000 0.086603 0.000000
vn 0.000000 0.100000 0.000000
vn 0.000000 0.100000 0.000000
vn -0.050000 0.086603 0.000000
vn -0.086603 0.050000 0.000000
vn -0.100000 0.000000 0.000000
vn -0.100000 0.000000 0.000000
vn -0.100000 0.000000 0.000000
vn -0.100000 0.000000 0.000000
vn -0.100000 0.000000 0.000000
vn -0.097500 0.022222 0.000000
vn -0.078196 0.062333 0.000000
vn -0.043398 0.090092 0.000000
vn 0.000000 0.100000 0.000000
vn 0.000000 0.100000 0.000000
vn -0.043398 0.090092 0.000000
vn -0.078196 0.062333 0.000000
vn -0.097500 0.022222 0.000000
vn -0.097500 0.022222 0.000000
vn -0.097500 0.022222 0.000000
vn -0.086614 0.049979 0.000000
vn -0.068030 0.073294 0.000000
vn -0.043398 0.090092 0.000000
vn -0.014908 0.098883 0.000000
vn 0.014908 0.098883 0.000000
vn 0.043398 0.090092 0.000000
vn 0.068030 0.073294 0.000000
vn 0.086614 0.049979 0.000000
vn 0.097500 0.022222 0.000000
vn 0.097500 0.022222 0.000000
vn 0.086614 0.049979 0.000000
vn 0.068030 0.073294 0.000000
vn 0.043398 0.090092 0.000000
vn 0.014908 0.098883 0.000000
vn -0.014908 0.098883 0.000000
vn -0.043398 0.090092 0.000000
vn -0.068030 0.073294 0.000000
vn -0.086614 0.049979 0.000000
vn 0.000000 -0.100000 0.000000
vn -0.041416 -0.091021 0.000000
vn -0.075393 -0.065695 0.000000
vn -0.095831 -0.028571 0.000000
vn -0.095831 -0.028571 0.000000
vn -0.075393 -0.065695 0.000000
vn -0.041416 -0.091021 0.000000
vn 0.000000 -0.100000 0.000000
vn 0.000000 0.000000 0.100000
vn 0.000000 0.000000 0.100000
vn 0.000000 0.000000 0.100000
vn 0.000000 0.000000 0.100000
vn 0.000000 0.000000 0.100000
vn 0.000000 0.000000 0.100000
vn 0.000000 0.000000 0.100000
vn 0.000000 0.000000 0.100000
vn 0.000000 0.000000 0.100000
vn 0.000000 0.000000 0.100000
vn 0.000000 0.000000 0.100000
vn 0.000000 0.000000 0.100000
vn 0.000000 0.000000 0.100000
vn 0.000000 0.000000 0.100000
vn 0.000000 0.000000 0.100000
vn 0.000000 0.000000 0.100000
vn 0.000000 0.000000 0.100000
vn 0.000000 0.000000 0.100000
vn 0.000000 0.000000 0.100000
vn 0.000000 0.000000 0.100000
vn 0.000000 0.000000 0.100000
vn 0.000000 0.000000 0.100000
vn 0.000000 0.000000 0.100000
vn 0.000000 0.000000 0.100000
vn 0.000000 0.000000 0.100000
vn 0.000000 0.000000 0.100000
vn 0.000000 0.000000 0.100000
vn 0.000000 0.000000 0.100000
vn 0.000000 0.000000 0.100000
vn 0.000000 0.000000 0.100000
vn 0.000000 0.000000 0.100000
vn 0.000000 0.000000 0.100000
vn 0.000000 0.000000 0.100000
vn 0.000000 0.000000 0.100000
vn 0.000000 0.000000 0.100000
vn 0.000000 0.000000 0.100000
vn 0.000000 0.000000 0.100000
vn 0.000000 0.000000 0.100000
vn 0.000000 0.000000 0.100000
vn 0.000000 0.000000 0.100000
vn 0.000000 0.000000 0.100000
vn 0.000000 0.000000 0.100000
vn 0.000000 0.000000 0.100000
vn 0.000000 0.000000 0.100000
vn 0.000000 0.000000 0.100000
vn 0.000000 0.000000 0.100000
vn 0.000000 0.000000 0.100000
vn 0.000000 0.000000 0.100000
vn 0.000000 0.000000 0.100000
vn 0.000000 0.000000 0.100000
vn 0.000000 0.000000 0.100000
vn 0.000000 0.000000 0.100000
vn 0.000000 0.000000 0.100000
vn 0.000000 0.000000 0.100000
vn 0.000000 0.000000 0.100000
vn 0.000000 0.000000 0.100000
vn 0.000000 0.000000 0.100000
vn 0.000000 0.000000 0.100000
vn 0.000000 0.000000 0.100000
vn 0.000000 0.000000 0.100000
vn 0.000000 0.000000 0.100000
vn 0.000000 0.000000 0.100000
vn 0.000000 0.000000 0.100000
vn 0.000000 0.000000 0.100000
vn 0.000000 0.000000 0.100000
vn 0.000000 0.000000 0.100000
vn 0.000000 0.000000 0.100000
vn 0.000000 0.000000 0.100000
vn 0.000000 0.000000 0.100000
vn 0.000000 0.000000 0.100000
vn 0.000000 0.000000 0.100000
vn 0.000000 0.000000 0.100000
vn 0.000000 0.000000 0.100000
vn 0.000000 0.000000 0.100000
vn 0.000000 0.000000 0.100000
vn 0.000000 0.000000 0.100000
vn 0.000000 0.000000 0.100000
vn 0.000000 0.000000 0.100000
vn 0.000000 0.000000 0.100000
vn 0.000000 0.000000 0.100000
vn 0.000000 0.000000 0.100000
vn 0.000000 0.000000 0.100000
vn 0.000000 0.000000 0.100000
vn 0.000000 0.000000 0.100000
vn 0.000000 0.000000 0.100000
vn 0.000000 0.000000 0.100000
vn 0.000000 0.000000 0.100000
vn 0.000000 0.000000 0.100000
vn 0.000000 0.000000 0.100000
vn 0.000000 0.000000 0.100000
vn 0.000000 0.000000 0.100000
vn 0.000000 0.000000 0.100000
vn 0.000000 0.000000 0.100000
vn 0.000000 0.000000 0.100000
vn 0.000000 0.000000 0.100000
vn 0.000000 0.000000 0.100000
vn 0.000000 0.000000 0.100000
vn 0.000000 0.000000 0.100000
vn 0.000000 0.000000 0.100000
vn 0.000000 0.000000 0.100000
vn 0.000000 0.000000 0.100000
vn 0.000000 0.000000 0.100000
vn 0.000000 0.000000 0.100000
vn 0.000000 0.000000 0.100000
vn 0.000000 0.000000 0.100000
vn 0.000000 0.000000 0.100000
vn 0.000000 0.000000 0.100000
vn 0.000000 0.000000 0.100000
vn 0.000000 0.000000 0.100000
vn 0.000000 0.000000 0.100000
vn 0.000000 0.000000 0.100000
vn 0.000000 0.000000 0.100000
vn 0.000000 0.000000 0.100000
vn 0.000000 0.000000 0.100000
vn 0.000000 0.000000 0.100000
vn 0.000000 0.000000 0.100000
vn 0.000000 0.000000 0.100000
vn 0.000000 0.000000 0.100000
vn 0.000000 0.000000 0.100000
vn 0.000000 0.000000 0.100000
vn 0.000000 0.000000 0.100000
vn 0.000000 0.000000 0.100000
vn 0.000000 0.000000 0.100000
vn 0.000000 0.000000 0.100000
vn 0.000000 0.000000 0.100000
vn 0.000000 0.000000 0.100000
vn 0.000000 0.000000 0.100000
vn 0.000000 0.000000 0.100000
vn 0.000000 -0.100000 0.000000
vn 0.000000 -0.100000 0.000000
vn 0.000000 -0.100000 0.000000
vn 0.000000 -0.100000 0.000000
vn 0.000000 -0.100000 0.000000
vn -0.041416 -0.091021 0.000000
vn -0.075393 -0.065695 0.000000
vn -0.095831 -0.028571 0.000000
vn -0.095831 -0.028571 0.000000
vn -0.075393 -0.065695 0.000000
vn -0.041416 -0.091021 0.000000
vn 0.000000 -0.100000 0.000000
vn -0.095831 -0.028571 0.000000
vn -0.095831 -0.028571 0.000000
vn -0.083950 -0.054335 0.000000
vn -0.065312 -0.075726 0.000000
vn -0.041416 -0.091021 0.000000
vn -0.014186 -0.098989 0.000000
vn 0.014186 -0.098989 0.000000
vn 0.041416 -0.091021 0.000000
vn 0.065312 -0.075726 0.000000
vn 0.083950 -0.054335 0.000000
vn 0.095831 -0.028571 0.000000
vn 0.095831 -0.028571 0.000000
vn 0.083950 -0.054335 0.000000
vn 0.065312 -0.075726 0.000000
vn 0.041416 -0.091021 0.000000
vn 0.014186 -0.098989 0.000000
vn -0.014186 -0.098989 0.000000
vn -0.041416 -0.091021 0.000000
vn -0.065312 -0.075726 0.000000
vn -0.083950 -0.054335 0.000000
vn -0.097500 0.022222 0.000000
vn -0.078196 0.062333 0.000000
vn -0.043398 0.090092 0.000000
vn 0.000000 0.100000 0.000000
vn 0.000000 0.100000 0.000000
vn -0.043398 0.090092 0.000000
vn -0.078196 0.062333 0.000000
vn -0.097500 0.022222 0.000000
vn -0.097500 0.022222 0.000000
vn -0.097500 0.022222 0.000000
vn -0.086614 0.049979 0.000000
vn -0.068030 0.073294 0.000000
vn -0.043398 0.090092 0.000000
vn -0.014908 0.098883 0.000000
vn 0.014908 0.098883 0.000000
vn 0.043398 0.090092 0.000000
vn 0.068030 0.073294 0.000000
vn 0.086614 0.049979 0.000000
vn 0.097500 0.022222 0.000000
vn 0.097500 0.022222 0.000000
vn 0.086614 0.049979 0.000000
vn 0.068030 0.073294 0.000000
vn 0.043398 0.090092 0.000000
vn 0.014908 0.098883 0.000000
vn -0.014908 0.098883 0.000000
vn -0.043398 0.090092 0.000000
vn -0.068030 0.073294 0.000000
vn -0.086614 0.049979 0.000000
vn 0.000000 0.100000 0.000000
vn 0.043398 0.090092 0.000000
vn 0.078196 0.062333 0.000000
vn 0.097500 0.022222 0.000000
vn 0.097500 0.022222 0.000000
vn 0.078196 0.062333 0.000000
vn 0.043398 0.090092 0.000000
vn 0.000000 0.100000 0.000000
vn 0.000000 0.100000 0.000000
vn 0.000000 0.100000 0.000000
vn 0.000000 0.100000 0.000000
vn 0.000000 0.100000 0.000000
vn 0.000000 0.100000 0.000000
vn 0.043398 0.090092 0.000000
vn 0.078196 0.062333 0.000000
vn 0.097500 0.022222 0.000000
vn 0.097500 0.022222 0.000000
vn 0.078196 0.062333 0.000000
vn 0.043398 0.090092 0.000000
vn 0.000000 0.100000 0.000000
vn 0.095831 -0.028571 0.000000
vn 0.075393 -0.065695 0.000000
vn 0.041416 -0.091021 0.000000
vn 0.000000 -0.100000 0.000000
vn 0.000000 -0.100000 0.000000
vn 0.041416 -0.091021 0.000000
vn 0.075393 -0.065695 0.000000
vn 0.095831 -0.028571 0.000000
vn 0.000000 -0.100000 0.000000
vn 0.000000 -0.100000 0.000000
vn 0.000000 -0.100000 0.000000
vn 0.000000 -0.100000 0.000000
vn 0.000000 0.100000 0.000000
vn 0.050000 0.086603 0.000000
vn 0.086603 0.050000 0.000000
vn 0.100000 0.000000 0.000000
vn 0.100000 0.000000 0.000000
vn 0.086603 0.050000 0.000000
vn 0.050000 0.086603 0.000000
vn 0.000000 0.100000 0.000000
vn 0.100000 0.000000 0.000000
vn 0.100000 0.000000 0.000000
vn 0.100000 0.000000 0.000000
vn 0.100000 0.000000 0.000000
vn 0.100000 0.000000 0.000000
vn 0.086603 -0.050000 0.000000
vn 0.050000 -0.086603 0.000000
vn 0.000000 -0.100000 0.000000
vn 0.000000 -0.100000 0.000000
vn 0.050000 -0.086603 0.000000
vn 0.086603 -0.050000 0.000000
vn 0.100000 0.000000 0.000000
vn 0.000000 -0.100000 0.000000
vn -0.043398 -0.090092 0.000000
vn -0.078196 -0.062333 0.000000
vn -0.097500 -0.022222 0.000000
vn -0.097500 -0.022222 0.000000
vn -0.078196 -0.062333 0.000000
vn -0.043398 -0.090092 0.000000
vn 0.000000 -0.100000 0.000000
vn -0.097500 -0.022222 0.000000
vn -0.097500 -0.022222 0.000000
vn -0.086614 -0.049979 0.000000
vn -0.068030 -0.073294 0.000000
vn -0.043398 -0.090092 0.000000
vn -0.014908 -0.098883 0.000000
vn 0.014908 -0.098883 0.000000
vn 0.043398 -0.090092 0.000000
vn 0.068030 -0.073294 0.000000
vn 0.086614 -0.049979 0.000000
vn 0.097500 -0.022222 0.000000
vn 0.097500 -0.022222 0.000000
vn 0.086614 -0.049979 0.000000
vn 0.068030 -0.073294 0.000000
vn 0.043398 -0.090092 0.000000
vn 0.014908 -0.098883 0.000000
vn -0.014908 -0.098883 0.000000
vn -0.043398 -0.090092 0.000000
vn -0.068030 -0.073294 0.000000
vn -0.086614 -0.049979 0.000000
vn 0.097500 -0.022222 0.000000
vn 0.078196 -0.062333 0.000000
vn 0.043398 -0.090092 0.000000
vn 0.000000 -0.100000 0.000000
vn 0.000000 -0.100000 0.000000
vn 0.043398 -0.090092 0.000000
vn 0.078196 -0.062333 0.000000
vn 0.097500 -0.022222 0.000000
vn 0.095831 -0.028571 0.000000
vn 0.075393 -0.065695 0.000000
vn 0.041416 -0.091021 0.000000
vn 0.000000 -0.100000 0.000000
vn 0.000000 -0.100000 0.000000
vn 0.041416 -0.091021 0.000000
vn 0.075393 -0.065695 0.000000
vn 0.095831 -0.028571 0.000000
vn 0.000000 -0.100000 0.000000
vn 0.000000 -0.100000 0.000000
vn 0.000000 -0.100000 0.000000
vn 0.000000 -0.100000 0.000000
vn 0.000000 -0.100000 0.000000
vn -0.050000 -0.086603 0.000000
vn -0.086603 -0.050000 0.000000
vn -0.100000 0.000000 0.000000
vn -0.100000 0.000000 0.000000
vn -0.086603 -0.050000 0.000000
vn -0.050000 -0.086603 0.000000
vn 0.000000 -0.100000 0.000000
vn 0.000000 -0.100000 0.000000
vn 0.000000 -0.100000 0.000000
vn 0.000000 -0.100000 0.000000
vn 0.000000 -0.100000 0.000000
vn 0.100000 0.000000 0.000000
vn 0.086603 -0.050000 0.000000
vn 0.050000 -0.086603 0.000000
vn 0.000000 -0.100000 0.000000
vn 0.000000 -0.100000 0.000000
vn 0.050000 -0.086603 0.000000
vn 0.086603 -0.050000 0.000000
vn 0.100000 0.000000 0.000000
vn 0.000000 -0.100000 0.000000
vn -0.043398 -0.090092 0.000000
vn -0.078196 -0.062333 0.000000
vn -0.097500 -0.022222 0.000000
vn -0.097500 -0.022222 0.000000
vn -0.078196 -0.062333 0.000000
vn -0.043398 -0.090092 0.000000
vn 0.000000 -0.100000 0.000000
vn -0.097500 -0.022222 0.000000
vn -0.097500 -0.022222 0.000000
vn -0.086614 -0.049979 0.000000
vn -0.068030 -0.073294 0.000000
vn -0.043398 -0.090092 0.000000
vn -0.014908 -0.098883 0.000000
vn 0.014908 -0.098883 0.000000
vn 0.043398 -0.090092 0.000000
vn 0.068030 -0.073294 0.000000
vn 0.086614 -0.049979 0.000000
vn 0.097500 -0.022222 0.000000
vn 0.097500 -0.022222 0.000000
vn 0.086614 -0.049979 0.000000
vn 0.068030 -0.073294 0.000000
vn 0.043398 -0.090092 0.000000
vn 0.014908 -0.098883 0.000000
vn -0.014908 -0.098883 0.000000
vn -0.043398 -0.090092 0.000000
vn -0.068030 -0.073294 0.000000
vn -0.086614 -0.049979 0.000000
vn -0.095831 0.028571 0.000000
vn -0.075393 0.065695 0.000000
vn -0.041416 0.091021 0.000000
vn 0.000000 0.100000 0.000000
vn 0.000000 0.100000 0.000000
vn -0.041416 0.091021 0.000000
vn -0.075393 0.065695 0.000000
vn -0.095831 0.028571 0.000000
vn 0.000000 0.100000 0.000000
vn 0.000000 0.100000 0.000000
vn 0.000000 0.100000 0.000000
vn 0.000000 0.100000 0.000000
vn 0.097500 -0.022222 0.000000
vn 0.078196 -0.062333 0.000000
vn 0.043398 -0.090092 0.000000
vn 0.000000 -0.100000 0.000000
vn 0.000000 -0.100000 0.000000
vn 0.043398 -0.090092 0.000000
vn 0.078196 -0.062333 0.000000
vn 0.097500 -0.022222 0.000000
vn 0.000000 0.100000 0.000000
vn 0.041416 0.091021 0.000000
vn 0.075393 0.065695 0.000000
vn 0.095831 0.028571 0.000000
vn 0.095831 0.028571 0.000000
vn 0.075393 0.065695 0.000000
vn 0.041416 0.091021 0.000000
vn 0.000000 0.100000 0.000000
vn 0.000000 0.100000 0.000000
vn 0.000000 0.100000 0.000000
vn 0.000000 0.100000 0.000000
vn 0.000000 0.100000 0.000000
vn 0.000000 0.100000 0.000000
vn 0.050000 0.086603 0.000000
vn 0.086603 0.050000 0.000000
vn 0.100000 0.000000 0.000000
vn 0.100000 0.000000 0.000000
vn 0.086603 0.050000 0.000000
vn 0.050000 0.086603 0.000000
vn 0.000000 0.100000 0.000000
vn 0.070711 0.000000 0.070711
vn 0.070711 0.000000 0.070711
vn 0.070711 0.000000 0.070711
vn 0.070711 0.000000 0.070711
vn 0.070711 0.000000 0.070711
vn 0.000000 0.070711 0.070711
vn 0.000000 0.070711 0.070711
vn 0.000000 0.070711 0.070711
vn 0.000000 0.070711 0.070711
vn -0.070711 0.000000 0.070711
vn -0.070711 0.000000 0.070711
vn -0.070711 0.000000 0.070711
vn -0.070711 0.000000 0.070711
vn -0.070711 0.000000 0.070711
vn 0.100000 0.000000 0.000000
vn 0.100000 0.000000 0.000000
vn 0.100000 0.000000 0.000000
vn 0.100000 0.000000 0.000000
vn -0.070711 0.000000 0.070711
vn -0.070711 0.000000 0.070711
vn -0.070711 0.000000 0.070711
vn -0.070711 0.000000 0.070711
vn -0.070711 0.000000 0.070711
vn 0.000000 -0.070711 0.070711
vn 0.000000 -0.070711 0.070711
vn 0.000000 -0.070711 0.070711
vn 0.000000 -0.070711 0.070711
vn 0.070711 0.000000 0.070711
vn 0.070711 0.000000 0.070711
vn 0.070711 0.000000 0.070711
vn 0.070711 0.000000 0.070711
vn 0.070711 0.000000 0.070711
vn -0.100000 0.000000 0.000000
vn -0.100000 0.000000 0.000000
vn -0.100000 0.000000 0.000000
vn -0.100000 0.000000 0.000000
vn 0.000000 -0.100000 0.000000
vn 0.000000 -0.100000 0.000000
vn 0.000000 -0.100000 0.000000
vn 0.000000 -0.100000 0.000000
vn 0.000000 -0.100000 0.000000
vn 0.000000 -0.100000 0.000000
vn 0.000000 -0.100000 0.000000
vn 0.000000 -0.100000 0.000000
vn 0.100000 0.000000 0.000000
vn 0.096593 -0.025882 0.000000
vn 0.086603 -0.050000 0.000000
vn 0.070711 -0.070711 0.000000
vn 0.070711 -0.070711 0.000000
vn 0.072172 -0.069218 0.000000
vn 0.073602 -0.067696 0.000000
vn 0.075000 -0.066144 0.000000
vn 0.093541 -0.035355 0.000000
vn 0.100000 0.000000 0.000000
vn 0.000000 -0.100000 0.000000
vn 0.050000 -0.086603 0.000000
vn 0.086603 -0.050000 0.000000
vn 0.100000 0.000000 0.000000
vn 0.100000 0.000000 0.000000
vn 0.086603 -0.050000 0.000000
vn 0.050000 -0.086603 0.000000
vn 0.000000 -0.100000 0.000000
vn 0.000000 -0.100000 0.000000
vn 0.000000 -0.100000 0.000000
vn 0.000000 -0.100000 0.000000
vn 0.000000 -0.100000 0.000000
vn -0.070711 -0.070711 0.000000
vn -0.070711 -0.070711 0.000000
vn -0.070711 -0.070711 0.000000
vn -0.070711 -0.070711 0.000000
vn 0.000000 -0.100000 0.000000
vn -0.025882 -0.096593 0.000000
vn -0.050000 -0.086603 0.000000
vn -0.070711 -0.070711 0.000000
vn -0.070711 -0.070711 0.000000
vn -0.050000 -0.086603 0.000000
vn -0.025882 -0.096593 0.000000
vn 0.000000 -0.100000 0.000000
vn 0.000000 0.100000 0.000000
vn 0.000000 0.100000 0.000000
vn 0.000000 0.100000 0.000000
vn 0.000000 0.100000 0.000000
vn 0.000000 0.100000 0.000000
vn 0.000000 0.100000 0.000000
vn 0.000000 0.100000 0.000000
vn 0.000000 0.100000 0.000000
vn -0.100000 0.000000 0.000000
vn -0.096593 0.025882 0.000000
vn -0.086603 0.050000 0.000000
vn -0.070711 0.070711 0.000000
vn -0.070711 0.070711 0.000000
vn -0.072172 0.069218 0.000000
vn -0.073602 0.067696 0.000000
vn -0.075000 0.066144 0.000000
vn -0.093541 0.035355 0.000000
vn -0.100000 0.000000 0.000000
vn 0.070711 0.070711 0.000000
vn 0.070711 0.070711 0.000000
vn 0.070711 0.070711 0.000000
vn 0.070711 0.070711 0.000000
vn 0.000000 0.100000 0.000000
vn 0.025882 0.096593 0.000000
vn 0.050000 0.086603 0.000000
vn 0.070711 0.070711 0.000000
vn 0.070711 0.070711 0.000000
vn 0.050000 0.086603 0.000000
vn 0.025882 0.096593 0.000000
vn 0.000000 0.100000 0.000000
vn 0.000000 0.100000 0.000000
vn 0.000000 0.100000 0.000000
vn 0.000000 0.100000 0.000000
vn 0.000000 0.100000 0.000000
vn 0.000000 0.100000 0.000000
vn -0.050000 0.086603 0.000000
vn -0.086603 0.050000 0.000000
vn -0.100000 0.000000 0.000000
vn -0.100000 0.000000 0.000000
vn -0.086603 0.050000 0.000000
vn -0.050000 0.086603 0.000000
vn 0.000000 0.100000 0.000000
vn 0.000000 0.000000 0.100000
vn 0.000000 0.000000 0.100000
vn 0.000000 0.000000 0.100000
vn 0.000000 0.000000 0.100000
vn 0.000000 0.000000 0.100000
vn 0.000000 0.000000 0.100000
vn 0.000000 0.000000 0.100000
vn 0.000000 0.000000 0.100000
vn 0.000000 0.000000 0.100000
vn 0.000000 0.000000 0.100000
vn 0.000000 0.000000 0.100000
vn 0.000000 0.000000 0.100000
vn 0.000000 0.000000 0.100000
vn 0.000000 0.000000 0.100000
vn 0.000000 0.000000 0.100000
vn 0.000000 0.000000 0.100000
vn 0.000000 0.000000 0.100000
vn 0.000000 0.000000 0.100000
vn 0.000000 0.000000 0.100000
vn 0.000000 0.000000 0.100000
vn 0.000000 0.000000 0.100000
vn 0.000000 0.000000 0.100000
vn 0.000000 0.000000 0.100000
vn 0.000000 0.000000 0.100000
vn -0.100000 0.000000 0.000000
vn -0.090097 -0.043388 0.000000
vn -0.062349 -0.078183 0.000000
vn -0.022252 -0.097493 0.000000
vn 0.022252 -0.097493 0.000000
vn 0.062349 -0.078183 0.000000
vn 0.090097 -0.043388 0.000000
vn 0.100000 0.000000 0.000000
vn 0.090097 0.043388 0.000000
vn 0.062349 0.078183 0.000000
vn 0.022252 0.097493 0.000000
vn -0.022252 0.097493 0.000000
vn -0.062349 0.078183 0.000000
vn -0.090097 0.043388 0.000000
vn -0.100000 0.000000 0.000000
vn -0.090097 0.043388 0.000000
vn -0.062349 0.078183 0.000000
vn -0.022252 0.097493 0.000000
vn 0.022252 0.097493 0.000000
vn 0.062349 0.078183 0.000000
vn 0.090097 0.043388 0.000000
vn 0.100000 0.000000 0.000000
vn 0.090097 -0.043388 0.000000
vn 0.062349 -0.078183 0.000000
vn 0.022252 -0.097493 0.000000
vn -0.022252 -0.097493 0.000000
vn -0.062349 -0.078183 0.000000
vn -0.090097 -0.043388 0.000000
vn 0.100000 0.000000 0.000000
vn 0.100000 0.000000 0.000000
vn 0.100000 0.000000 0.000000
vn 0.080902 -0.058779 0.000000
vn 0.030902 -0.095106 0.000000
vn -0.030902 -0.095106 0.000000
vn -0.080902 -0.058779 0.000000
vn -0.100000 0.000000 0.000000
vn -0.080902 0.058779 0.000000
vn -0.030902 0.095106 0.000000
vn 0.030902 0.095106 0.000000
vn 0.080902 0.058779 0.000000
vn 0.100000 0.000000 0.000000
vn 0.080902 0.058779 0.000000
vn 0.030902 0.095106 0.000000
vn -0.030902 0.095106 0.000000
vn -0.080902 0.058779 0.000000
vn -0.100000 0.000000 0.000000
vn -0.080902 -0.058779 0.000000
vn -0.030902 -0.095106 0.000000
vn 0.030902 -0.095106 0.000000
vn 0.080902 -0.058779 0.000000
vn 0.100000 0.000000 0.000000
vn 0.100000 0.000000 0.000000
vn 0.000000 0.000000 0.100000
vn 0.000000 0.000000 0.100000
vn 0.000000 0.000000 0.100000
vn 0.000000 0.000000 0.100000
vn 0.000000 0.000000 0.100000
vn 0.000000 0.000000 0.100000
vn 0.000000 0.000000 0.100000
vn 0.000000 0.000000 0.100000
vn 0.000000 0.000000 0.100000
vn 0.000000 0.000000 0.100000
vn 0.000000 0.000000 0.100000
vn 0.000000 0.000000 0.100000
vn 0.000000 0.000000 0.100000
vn 0.000000 0.000000 0.100000
vn 0.000000 0.000000 0.100000
vn 0.000000 0.000000 0.100000
vn 0.000000 0.000000 0.100000
vn 0.000000 0.000000 0.100000
vn 0.000000 0.000000 0.100000
vn 0.000000 0.000000 0.100000
vn 0.000000 0.000000 0.100000
vn 0.000000 0.000000 0.100000
vn 0.000000 0.000000 0.100000
vn 0.000000 0.000000 0.100000
vn -0.100000 0.000000 0.000000
vn -0.090097 -0.043388 0.000000
vn -0.062349 -0.078183 0.000000
vn -0.022252 -0.097493 0.000000
vn 0.022252 -0.097493 0.000000
vn 0.062349 -0.078183 0.000000
vn 0.090097 -0.043388 0.000000
vn 0.100000 0.000000 0.000000
vn 0.090097 0.043388 0.000000
vn 0.062349 0.078183 0.000000
vn 0.022252 0.097493 0.000000
vn -0.022252 0.097493 0.000000
vn -0.062349 0.078183 0.000000
vn -0.090097 0.043388 0.000000
vn -0.100000 0.000000 0.000000
vn -0.090097 0.043388 0.000000
vn -0.062349 0.078183 0.000000
vn -0.022252 0.097493 0.000000
vn 0.022252 0.097493 0.000000
vn 0.062349 0.078183 0.000000
vn 0.090097 0.043388 0.000000
vn 0.100000 0.000000 0.000000
vn 0.090097 -0.043388 0.000000
vn 0.062349 -0.078183 0.000000
vn 0.022252 -0.097493 0.000000
vn -0.022252 -0.097493 0.000000
vn -0.062349 -0.078183 0.000000
vn -0.090097 -0.043388 0.000000
vn 0.100000 0.000000 0.000000
vn 0.100000 0.000000 0.000000
vn 0.100000 0.000000 0.000000
vn 0.080902 -0.058779 0.000000
vn 0.030902 -0.095106 0.000000
vn -0.030902 -0.095106 0.000000
vn -0.080902 -0.058779 0.000000
vn -0.100000 0.000000 0.000000
vn -0.080902 0.058779 0.000000
vn -0.030902 0.095106 0.000000
vn 0.030902 0.095106 0.000000
vn 0.080902 0.058779 0.000000
vn 0.100000 0.000000 0.000000
vn 0.080902 0.058779 0.000000
vn 0.030902 0.095106 0.000000
vn -0.030902 0.095106 0.000000
vn -0.080902 0.058779 0.000000
vn -0.100000 0.000000 0.000000
vn -0.080902 -0.058779 0.000000
vn -0.030902 -0.095106 0.000000
vn 0.030902 -0.095106 0.000000
vn 0.080902 -0.058779 0.000000
vn 0.100000 0.000000 0.000000
vn 0.100000 0.000000 0.000000
vn 0.000000 0.000000 0.100000
vn 0.000000 0.000000 0.100000
vn 0.000000 0.000000 0.100000
vn 0.000000 0.000000 0.100000
vn 0.000000 0.000000 0.100000
vn 0.000000 0.000000 0.100000
vn 0.000000 0.000000 0.100000
vn 0.000000 0.000000 0.100000
vn 0.000000 0.000000 0.100000
vn 0.000000 0.000000 0.100000
vn 0.000000 0.000000 0.100000
vn 0.000000 0.000000 0.100000
vn 0.000000 0.000000 0.100000
vn 0.000000 0.000000 0.100000
vn 0.000000 0.000000 0.100000
vn 0.000000 0.000000 0.100000
vn 0.000000 0.000000 0.100000
vn 0.000000 0.000000 0.100000
vn 0.000000 0.000000 0.100000
vn 0.000000 0.000000 0.100000
vn 0.000000 0.000000 0.100000
vn 0.000000 0.000000 0.100000
vn 0.000000 0.000000 0.100000
vn 0.000000 0.000000 0.100000
vn 0.000000 0.000000 0.100000
vn 0.000000 0.000000 0.100000
vn 0.000000 0.000000 0.100000
vn 0.000000 0.000000 0.100000
vn 0.000000 0.000000 0.100000
vn 0.000000 0.000000 0.100000
vn 0.000000 0.000000 0.100000
vn 0.000000 0.000000 0.100000
vn 0.000000 0.000000 0.100000
vn 0.000000 0.000000 0.100000
vn 0.000000 0.000000 0.100000
vn 0.000000 0.000000 0.100000
vn 0.000000 0.000000 0.100000
vn 0.000000 0.000000 0.100000
vn 0.000000 0.000000 0.100000
vn 0.000000 0.000000 0.100000
vn 0.000000 0.000000 0.100000
vn 0.000000 0.000000 0.100000
vn 0.000000 0.000000 0.100000
vn 0.000000 0.000000 0.100000
vn 0.000000 0.000000 0.100000
vn 0.000000 0.000000 0.100000
vn 0.000000 0.000000 0.100000
vn 0.000000 0.000000 0.100000
vn 0.000000 0.000000 0.100000
vn 0.000000 0.000000 0.100000
vn 0.000000 0.000000 0.100000
vn 0.000000 0.000000 0.100000
vn 0.000000 -0.100000 0.000000
vn 0.000000 -0.100000 0.000000
vn 0.000000 -0.100000 0.000000
vn -0.046135 0.000000 0.088722
vn -0.046135 0.000000 0.088722
vn -0.046135 0.000000 0.088722
vn -0.046135 0.000000 0.088722
vn 0.000000 0.100000 0.000000
vn 0.000000 0.100000 0.000000
vn 0.000000 0.100000 0.000000
vn 0.000000 -0.100000 0.000000
vn 0.000000 -0.100000 0.000000
vn 0.000000 -0.100000 0.000000
vn 0.046135 0.000000 0.088722
vn 0.046135 0.000000 0.088722
vn 0.046135 0.000000 0.088722
vn 0.046135 0.000000 0.088722
vn 0.000000 0.100000 0.000000
vn 0.000000 0.100000 0.000000
vn 0.000000 0.100000 0.000000
vn 0.000000 -0.100000 0.000000
vn 0.000000 -0.100000 0.000000
vn 0.000000 -0.100000 0.000000
vn -0.046135 0.000000 0.088722
vn -0.046135 0.000000 0.088722
vn -0.046135 0.000000 0.088722
vn -0.046135 0.000000 0.088722
vn 0.000000 0.100000 0.000000
vn 0.000000 0.100000 0.000000
vn 0.000000 0.100000 0.000000
vn 0.000000 -0.100000 0.000000
vn 0.000000 -0.100000 0.000000
vn 0.000000 -0.100000 0.000000
vn 0.046135 0.000000 0.088722
vn 0.046135 0.000000 0.088722
vn 0.046135 0.000000 0.088722
vn 0.046135 0.000000 0.088722
vn 0.000000 0.100000 0.000000
vn 0.000000 0.100000 0.000000
vn 0.000000 0.100000 0.000000
vn -0.100000 0.000000 0.000000
vn -0.100000 0.000000 0.000000
vn -0.100000 0.000000 0.000000
vn -0.100000 0.000000 0.000000
vn -0.100000 0.000000 0.000000
vn -0.100000 0.000000 0.000000
vn -0.100000 0.000000 0.000000
vn -0.100000 0.000000 0.000000
vn 0.100000 0.000000 0.000000
vn 0.100000 0.000000 0.000000
vn 0.100000 0.000000 0.000000
vn 0.100000 0.000000 0.000000
vn -0.100000 0.000000 0.000000
vn -0.100000 0.000000 0.000000
vn -0.100000 0.000000 0.000000
vn -0.100000 0.000000 0.000000
vn 0.100000 0.000000 0.000000
vn 0.100000 0.000000 0.000000
vn 0.100000 0.000000 0.000000
vn 0.100000 0.000000 0.000000
vn 0.000000 -0.100000 0.000000
vn 0.000000 -0.100000 0.000000
vn 0.000000 -0.100000 0.000000
vn -0.046135 0.000000 0.088722
vn -0.046135 0.000000 0.088722
vn -0.046135 0.000000 0.088722
vn -0.046135 0.000000 0.088722
vn 0.000000 0.100000 0.000000
vn 0.000000 0.100000 0.000000
vn 0.000000 0.100000 0.000000
vn 0.000000 -0.100000 0.000000
vn 0.000000 -0.100000 0.000000
vn 0.000000 -0.100000 0.000000
vn 0.046135 0.000000 0.088722
vn 0.046135 0.000000 0.088722
vn 0.046135 0.000000 0.088722
vn 0.046135 0.000000 0.088722
vn 0.000000 0.100000 0.000000
vn 0.000000 0.100000 0.000000
vn 0.000000 0.100000 0.000000
vn 0.100000 0.000000 0.000000
vn 0.100000 0.000000 0.000000
vn 0.100000 0.000000 0.000000
vn 0.100000 0.000000 0.000000
vn -0.100000 0.000000 0.000000
vn -0.100000 0.000000 0.000000
vn -0.100000 0.000000 0.000000
vn 0.000000 0.032754 0.094484
vn 0.000000 0.032754 0.094484
vn 0.000000 0.032754 0.094484
vn 0.000000 0.032754 0.094484
vn 0.100000 0.000000 0.000000
vn 0.100000 0.000000 0.000000
vn 0.100000 0.000000 0.000000
vn -0.100000 0.000000 0.000000
vn -0.100000 0.000000 0.000000
vn -0.100000 0.000000 0.000000
vn 0.000000 -0.032754 0.094484
vn 0.000000 -0.032754 0.094484
vn 0.000000 -0.032754 0.094484
vn 0.000000 -0.032754 0.094484
vn 0.100000 0.000000 0.000000
vn 0.100000 0.000000 0.000000
vn 0.100000 0.000000 0.000000
vn -0.100000 0.000000 0.000000
vn -0.100000 0.000000 0.000000
vn -0.100000 0.000000 0.000000
vn 0.000000 0.032754 0.094484
vn 0.000000 0.032754 0.094484
vn 0.000000 0.032754 0.094484
vn 0.000000 0.032754 0.094484
vn 0.100000 0.000000 0.000000
vn 0.100000 0.000000 0.000000
vn 0.100000 0.000000 0.000000
vn -0.100000 0.000000 0.000000
vn -0.100000 0.000000 0.000000
vn -0.100000 0.000000 0.000000
vn 0.000000 -0.032754 0.094484
vn 0.000000 -0.032754 0.094484
vn 0.000000 -0.032754 0.094484
vn 0.000000 -0.032754 0.094484
vn 0.100000 0.000000 0.000000
vn 0.100000 0.000000 0.000000
vn 0.100000 0.000000 0.000000
vn 0.000000 0.100000 0.000000
vn 0.000000 0.100000 0.000000
vn 0.000000 0.100000 0.000000
vn 0.000000 0.100000 0.000000
vn 0.000000 0.100000 0.000000
vn 0.000000 0.100000 0.000000
vn 0.000000 0.100000 0.000000
vn 0.000000 0.100000 0.000000
vn 0.000000 -0.100000 0.000000
vn 0.000000 -0.100000 0.000000
vn 0.000000 -0.100000 0.000000
vn 0.000000 -0.100000 0.000000
vn -0.100000 0.000000 0.000000
vn -0.100000 0.000000 0.000000
vn -0.100000 0.000000 0.000000
vn 0.000000 0.032754 0.094484
vn 0.000000 0.032754 0.094484
vn 0.000000 0.032754 0.094484
vn 0.000000 0.032754 0.094484
vn 0.100000 0.000000 0.000000
vn 0.100000 0.000000 0.000000
vn 0.100000 0.000000 0.000000
vn -0.100000 0.000000 0.000000
vn -0.100000 0.000000 0.000000
vn -0.100000 0.000000 0.000000
vn 0.000000 -0.032754 0.094484
vn 0.000000 -0.032754 0.094484
vn 0.000000 -0.032754 0.094484
vn 0.000000 -0.032754 0.094484
vn 0.100000 0.000000 0.000000
vn 0.100000 0.000000 0.000000
vn 0.100000 0.000000 0.000000
vn 0.000000 -0.100000 0.000000
vn 0.000000 -0.100000 0.000000
vn 0.000000 -0.100000 0.000000
vn 0.000000 -0.100000 0.000000
vn -0.095831 0.028571 0.000000
vn -0.095831 0.028571 0.000000
vn -0.083950 0.054335 0.000000
vn -0.065312 0.075726 0.000000
vn -0.041416 0.091021 0.000000
vn -0.014186 0.098989 0.000000
vn 0.014186 0.098989 0.000000
vn 0.041416 0.091021 0.000000
vn 0.065312 0.075726 0.000000
vn 0.083950 0.054335 0.000000
vn 0.095831 0.028571 0.000000
vn 0.095831 0.028571 0.000000
vn 0.083950 0.054335 0.000000
vn 0.065312 0.075726 0.000000
vn 0.041416 0.091021 0.000000
vn 0.014186 0.098989 0.000000
vn -0.014186 0.098989 0.000000
vn -0.041416 0.091021 0.000000
vn -0.065312 0.075726 0.000000
vn -0.083950 0.054335 0.000000
vn 0.100000 0.000000 0.000000
vn 0.100000 0.000000 0.000000
vn 0.100000 0.000000 0.000000
vn 0.100000 0.000000 0.000000
vn -0.095831 -0.028571 0.000000
vn -0.095831 -0.028571 0.000000
vn -0.083950 -0.054335 0.000000
vn -0.065312 -0.075726 0.000000
vn -0.041416 -0.091021 0.000000
vn -0.014186 -0.098989 0.000000
vn 0.014186 -0.098989 0.000000
vn 0.041416 -0.091021 0.000000
vn 0.065312 -0.075726 0.000000
vn 0.083950 -0.054335 0.000000
vn 0.095831 -0.028571 0.000000
vn 0.095831 -0.028571 0.000000
vn 0.083950 -0.054335 0.000000
vn 0.065312 -0.075726 0.000000
vn 0.041416 -0.091021 0.000000
vn 0.014186 -0.098989 0.000000
vn -0.014186 -0.098989 0.000000
vn -0.041416 -0.091021 0.000000
vn -0.065312 -0.075726 0.000000
vn -0.083950 -0.054335 0.000000
vn 0.000000 -0.100000 0.000000
vn 0.000000 -0.100000 0.000000
vn 0.000000 -0.100000 0.000000
vn 0.000000 -0.100000 0.000000
vn 0.000000 0.100000 0.000000
vn 0.000000 0.100000 0.000000
vn 0.000000 0.100000 0.000000
vn 0.000000 0.100000 0.000000
vn 0.000000 -0.100000 0.000000
vn 0.000000 -0.100000 0.000000
vn 0.000000 -0.100000 0.000000
vn 0.000000 -0.100000 0.000000
vn 0.000000 0.000000 0.100000
vn 0.000000 0.000000 0.100000
vn 0.000000 0.000000 0.100000
vn 0.000000 0.000000 0.100000
vn 0.000000 0.000000 0.100000
vn 0.000000 0.000000 0.100000
vn 0.000000 0.000000 0.100000
vn 0.000000 0.000000 0.100000
vn 0.000000 0.000000 0.100000
vn 0.000000 0.000000 0.100000
vn 0.000000 0.000000 0.100000
vn 0.000000 0.000000 0.100000
vn 0.000000 0.000000 0.100000
vn 0.000000 0.000000 0.100000
vn 0.000000 0.000000 0.100000
vn 0.000000 0.000000 0.100000
vn 0.000000 0.000000 0.100000
vn 0.000000 0.000000 0.100000
vn 0.000000 0.000000 0.100000
vn 0.000000 0.000000 0.100000
vn 0.000000 0.000000 0.100000
vn 0.000000 0.000000 0.100000
vn 0.000000 0.000000 0.100000
vn 0.000000 0.000000 0.100000
vn 0.000000 0.000000 0.100000
vn 0.000000 0.000000 0.100000
vn 0.000000 0.000000 0.100000
vn 0.000000 0.000000 0.100000
vn 0.000000 0.000000 0.100000
vn 0.000000 0.000000 0.100000
vn 0.000000 0.000000 0.100000
vn 0.000000 0.000000 0.100000
vn 0.000000 0.000000 0.100000
vn 0.000000 0.000000 0.100000
vn 0.000000 0.000000 0.100000
vn 0.000000 0.000000 0.100000
vn 0.000000 0.000000 0.100000
vn 0.000000 0.000000 0.100000
vn 0.000000 0.000000 0.100000
vn 0.000000 0.000000 0.100000
vn 0.000000 0.000000 0.100000
vn 0.000000 0.000000 0.100000
vn 0.000000 0.000000 0.100000
vn 0.000000 0.000000 0.100000
vn 0.000000 0.000000 0.100000
vn 0.000000 0.000000 0.100000
vn 0.000000 0.000000 0.100000
vn 0.000000 0.000000 0.100000
vn 0.000000 0.000000 0.100000
vn 0.000000 0.000000 0.100000
vn 0.000000 0.000000 0.100000
vn 0.000000 0.000000 0.100000
vn 0.000000 0.000000 0.100000
vn 0.000000 0.000000 0.100000
vn 0.000000 0.000000 0.100000
vn 0.000000 0.000000 0.100000
vn 0.000000 0.000000 0.100000
vn 0.000000 0.000000 0.100000
vn 0.000000 0.000000 0.100000
vn 0.000000 0.000000 0.100000
vn 0.000000 0.000000 0.100000
vn 0.000000 0.000000 0.100000
vn 0.000000 0.000000 0.100000
vn 0.000000 0.000000 0.100000
vn 0.000000 0.000000 0.100000
vn 0.000000 0.000000 0.100000
vn 0.000000 0.000000 0.100000
vn 0.000000 0.000000 0.100000
vn 0.000000 0.000000 0.100000
vn 0.000000 0.000000 0.100000
vn 0.000000 0.000000 0.100000
vn 0.000000 0.000000 0.100000
vn 0.000000 0.000000 0.100000
vn 0.000000 0.000000 0.100000
vn 0.000000 0.000000 0.100000
vn 0.000000 0.000000 0.100000
vn 0.000000 0.000000 0.100000
vn 0.000000 0.000000 0.100000
vn 0.000000 0.000000 0.100000
vn 0.000000 0.000000 0.100000
vn 0.000000 0.000000 0.100000
vn 0.000000 0.000000 0.100000
vn 0.000000 0.000000 0.100000
vn 0.000000 0.000000 0.100000
vn 0.000000 0.000000 0.100000
vn 0.000000 0.000000 0.100000
vn 0.000000 0.000000 0.100000
vn 0.000000 0.000000 0.100000
vn 0.000000 0.000000 0.100000
vn 0.000000 0.000000 0.100000
vn 0.000000 0.000000 0.100000
vn 0.000000 0.000000 0.100000
vn 0.000000 0.000000 0.100000
vn 0.000000 0.000000 0.100000
vn 0.000000 0.000000 0.100000
vn 0.000000 0.000000 0.100000
vn 0.000000 0.000000 0.100000
vn 0.000000 0.000000 0.100000
vn 0.000000 0.000000 0.100000
vn 0.000000 0.000000 0.100000
vn 0.000000 0.000000 0.100000
vn 0.000000 0.000000 0.100000
vn 0.000000 0.000000 0.100000
vn 0.000000 0.000000 0.100000
vn 0.000000 0.000000 0.100000
vn 0.000000 0.000000 0.100000
vn 0.000000 0.000000 0.100000
vn 0.000000 0.000000 0.100000
vn 0.000000 0.000000 0.100000
vn 0.000000 0.000000 0.100000
vn 0.000000 0.000000 0.100000
vn 0.000000 0.000000 0.100000
vn 0.000000 0.000000 0.100000
vn 0.000000 0.000000 0.100000
vn 0.000000 0.000000 0.100000
vn 0.000000 0.000000 0.100000
vn 0.000000 0.000000 0.100000
vn 0.000000 0.000000 0.100000
vn 0.000000 0.000000 0.100000
vn 0.000000 0.000000 0.100000
vn 0.000000 0.000000 0.100000
vn 0.000000 0.000000 0.100000
vn 0.000000 0.000000 0.100000
vn 0.000000 0.000000 0.100000
vn 0.000000 0.000000 0.100000
vn 0.000000 0.000000 0.100000
vn 0.000000 0.000000 0.100000
vn 0.000000 0.000000 0.100000
vn 0.000000 0.000000 0.100000
vn 0.000000 0.000000 0.100000
vn 0.000000 0.000000 0.100000
vn 0.000000 0.000000 0.100000
vn 0.000000 0.000000 0.100000
vn 0.000000 0.000000 0.100000
vn 0.000000 0.000000 0.100000
vn 0.000000 0.000000 0.100000
vn 0.000000 0.000000 0.100000
vn 0.000000 0.000000 0.100000
vn 0.000000 0.000000 0.100000
vn 0.000000 0.000000 0.100000
vn 0.000000 0.000000 0.100000
vn 0.000000 0.000000 0.100000
vn 0.000000 0.000000 0.100000
vn 0.000000 0.000000 0.100000
vn 0.000000 0.000000 0.100000
vn 0.000000 0.000000 0.100000
vn 0.000000 0.000000 0.100000
vn 0.000000 0.000000 0.100000
vn 0.000000 0.000000 0.100000
vn 0.000000 0.000000 0.100000
vn 0.000000 0.000000 0.100000
vn 0.000000 0.000000 0.100000
vn 0.000000 0.000000 0.100000
vn 0.000000 0.000000 0.100000
vn 0.000000 0.000000 0.100000
vn 0.000000 0.000000 0.100000
vn 0.000000 0.000000 0.100000
vn 0.000000 0.000000 0.100000
vn 0.000000 0.000000 0.100000
vn 0.000000 0.000000 0.100000
vn 0.000000 0.000000 0.100000
vn 0.000000 0.000000 0.100000
vn 0.000000 0.000000 0.100000
vn 0.000000 0.000000 0.100000
vn 0.000000 0.000000 0.100000
vn 0.000000 0.000000 0.100000
vn 0.000000 0.000000 0.100000
vn 0.000000 0.000000 0.100000
vn 0.000000 0.000000 0.100000
vn 0.000000 0.000000 0.100000
vn 0.000000 0.000000 0.100000
vn 0.000000 0.000000 0.100000
vn 0.000000 0.000000 0.100000
vn 0.000000 0.000000 0.100000
vn 0.000000 0.000000 0.100000
vn 0.000000 0.000000 0.100000
vn 0.000000 0.000000 0.100000
vn 0.000000 0.000000 0.100000
vn 0.000000 0.000000 0.100000
vn 0.000000 0.000000 0.100000
vn 0.000000 0.000000 0.100000
vn 0.000000 0.000000 0.100000
vn 0.000000 0.000000 0.100000
vn 0.000000 0.000000 0.100000
vn 0.000000 0.000000 0.100000
vn 0.000000 0.000000 0.100000
vn 0.000000 0.000000 0.100000
vn 0.000000 0.000000 0.100000
vn 0.000000 0.000000 0.100000
vn 0.000000 0.000000 0.100000
vn 0.000000 0.000000 0.100000
vn 0.000000 0.000000 0.100000
vn 0.000000 0.000000 0.100000
vn 0.000000 0.000000 0.100000
vn 0.000000 0.000000 0.100000
vn 0.000000 0.000000 0.100000
vn 0.000000 0.000000 0.100000
vn 0.000000 0.000000 0.100000
vn 0.000000 0.000000 0.100000
vn 0.000000 0.000000 0.100000
vn 0.000000 0.000000 0.100000
vn 0.000000 0.000000 0.100000
vn 0.000000 0.000000 0.100000
vn 0.000000 0.000000 0.100000
vn 0.000000 0.000000 0.100000
vn 0.000000 0.000000 0.100000
vn 0.000000 0.000000 0.100000
vn 0.000000 0.000000 0.100000
vn 0.000000 0.000000 0.100000
vn 0.000000 0.000000 0.100000
vn 0.000000 0.000000 0.100000
vn 0.000000 0.000000 0.100000
vn 0.000000 0.000000 0.100000
vn 0.000000 0.000000 0.100000
vn 0.000000 0.000000 0.100000
vn 0.000000 0.000000 0.100000
vn 0.000000 0.000000 0.100000
vn 0.000000 0.000000 0.100000
vn 0.000000 0.000000 0.100000
vn 0.000000 0.000000 0.100000
usemtl 191,191,191
f 409/24/24 193/1/1 405/23/23
f 405/23/23 193/1/1 197/2/2
f 405/23/23 197/2/2 401/22/22
f 401/22/22 197/2/2 201/3/3
f 401/22/22 201/3/3 397/21/21
f 397/21/21 201/3/3 205/4/4
f 397/21/21 205/4/4 311/28/28
f 311/28/28 205/4/4 291/27/27
f 291/27/27 205/4/4 209/5/5
f 291/27/27 209/5/5 275/26/26
f 275/26/26 209/5/5 220/6/6
f 275/26/26 220/6/6 269/25/25
f 269/25/25 220/6/6 224/7/7
f 269/25/25 224/7/7 231/8/8
f 269/25/25 231/8/8 277/34/34
f 277/34/34 231/8/8 233/9/9
f 277/34/34 233/9/9 293/33/33
f 293/33/33 233/9/9 237/10/10
f 293/33/33 237/10/10 249/12/12
f 249/12/12 237/10/10 241/11/11
f 249/12/12 357/13/13 293/33/33
f 293/33/33 357/13/13 313/32/32
f 313/32/32 357/13/13 365/15/15
f 313/32/32 365/15/15 375/16/16
f 357/13/13 361/14/14 365/15/15
f 313/32/32 375/16/16 329/31/31
f 329/31/31 375/16/16 373/17/17
f 329/31/31 373/17/17 333/30/30
f 333/30/30 373/17/17 378/18/18
f 333/30/30 378/18/18 382/19/19
f 333/30/30 382/19/19 327/29/29
f 327/29/29 382/19/19 393/20/20
f 327/29/29 393/20/20 311/28/28
f 311/28/28 393/20/20 397/21/21
f 191/58/58 407/35/35 195/57/57
f 195/57/57 407/35/35 403/36/36
f 195/57/57 403/36/36 199/56/56
f 199/56/56 403/36/36 399/37/37
f 199/56/56 399/37/37 203/55/55
f 203/55/55 399/37/37 395/38/38
f 203/55/55 395/38/38 289/67/67
f 289/67/67 395/38/38 309/66/66
f 309/66/66 395/38/38 391/39/39
f 309/66/66 391/39/39 325/65/65
f 325/65/65 391/39/39 381/40/40
f 325/65/65 381/40/40 331/64/64
f 331/64/64 381/40/40 377/41/41
f 331/64/64 377/41/41 369/42/42
f 331/64/64 369/42/42 323/63/63
f 323/63/63 369/42/42 367/43/43
f 323/63/63 367/43/43 307/62/62
f 307/62/62 367/43/43 363/44/44
f 307/62/62 363/44/44 351/46/46
f 351/46/46 363/44/44 359/45/45
f 351/46/46 243/47/47 307/62/62
f 307/62/62 243/47/47 287/61/61
f 287/61/61 243/47/47 235/49/49
f 287/61/61 235/49/49 225/50/50
f 243/47/47 239/48/48 235/49/49
f 287/61/61 225/50/50 271/60/60
f 271/60/60 225/50/50 227/51/51
f 271/60/60 227/51/51 267/59/59
f 267/59/59 227/51/51 223/52/52
f 267/59/59 223/52/52 219/53/53
f 267/59/59 219/53/53 273/68/68
f 273/68/68 219/53/53 207/54/54
f 273/68/68 207/54/54 289/67/67
f 289/67/67 207/54/54 203/55/55
f 205/70/70 206/71/71 209/69/69
f 209/69/69 206/71/71 210/72/72
f 206/80/80 205/73/73 202/79/79
f 202/79/79 205/73/73 201/74/74
f 202/79/79 201/74/74 197/75/75
f 193/76/76 194/77/77 197/75/75
f 197/75/75 194/77/77 198/78/78
f 197/75/75 198/78/78 202/79/79
f 382/82/82 386/87/87 393/81/81
f 393/81/81 386/87/87 388/88/88
f 393/81/81 388/88/88 390/89/89
f 386/87/87 382/82/82 380/86/86
f 380/86/86 382/82/82 378/83/83
f 380/86/86 378/83/83 374/85/85
f 374/85/85 378/83/83 373/84/84
f 390/89/89 394/90/90 393/81/81
f 373/91/91 375/92/92 374/94/94
f 374/94/94 375/92/92 376/93/93
f 376/102/102 375/95/95 366/101/101
f 366/101/101 375/95/95 365/96/96
f 366/101/101 365/96/96 362/100/100
f 362/100/100 365/96/96 361/97/97
f 362/100/100 361/97/97 358/99/99
f 358/99/99 361/97/97 357/98/98
f 395/104/104 396/105/105 391/103/103
f 391/103/103 396/105/105 392/106/106
f 396/114/114 395/107/107 400/113/113
f 400/113/113 395/107/107 399/108/108
f 400/113/113 399/108/108 403/109/109
f 407/110/110 408/111/111 403/109/109
f 403/109/109 408/111/111 404/112/112
f 403/109/109 404/112/112 400/113/113
f 219/116/116 215/121/121 207/115/115
f 207/115/115 215/121/121 213/122/122
f 207/115/115 213/122/122 211/123/123
f 215/121/121 219/116/116 221/120/120
f 221/120/120 219/116/116 223/117/117
f 221/120/120 223/117/117 228/119/119
f 228/119/119 223/117/117 227/118/118
f 211/123/123 208/124/124 207/115/115
f 227/125/125 225/126/126 228/128/128
f 228/128/128 225/126/126 226/127/127
f 429/130/130 141/205/205 173/129/129
f 173/129/129 141/205/205 149/206/206
f 173/129/129 149/206/206 153/207/207
f 437/131/131 449/132/132 429/130/130
f 429/130/130 449/132/132 453/133/133
f 429/130/130 453/133/133 461/134/134
f 469/135/135 133/204/204 461/134/134
f 461/134/134 133/204/204 141/205/205
f 461/134/134 141/205/205 429/130/130
f 133/204/204 469/135/135 125/203/203
f 125/203/203 469/135/135 477/136/136
f 125/203/203 477/136/136 123/176/176
f 123/176/176 477/136/136 475/163/163
f 123/176/176 475/163/163 131/175/175
f 131/175/175 475/163/163 467/164/164
f 131/175/175 467/164/164 139/174/174
f 139/174/174 467/164/164 459/165/165
f 139/174/174 459/165/165 171/170/170
f 171/170/170 459/165/165 427/169/169
f 427/169/169 459/165/165 451/166/166
f 427/169/169 451/166/166 447/167/167
f 477/136/136 485/137/137 475/163/163
f 475/163/163 485/137/137 483/162/162
f 483/162/162 485/137/137 489/138/138
f 483/162/162 489/138/138 487/161/161
f 487/161/161 489/138/138 497/139/139
f 487/161/161 497/139/139 495/160/160
f 495/160/160 497/139/139 597/150/150
f 495/160/160 597/150/150 503/159/159
f 503/159/159 597/150/150 511/158/158
f 511/158/158 597/150/150 561/153/153
f 511/158/158 561/153/153 543/154/154
f 597/150/150 497/139/139 599/149/149
f 599/149/149 497/139/139 505/140/140
f 599/149/149 505/140/140 513/141/141
f 521/142/142 545/145/145 513/141/141
f 513/141/141 545/145/145 563/146/146
f 513/141/141 563/146/146 599/149/149
f 599/149/149 563/146/146 595/148/148
f 595/148/148 563/146/146 575/147/147
f 521/142/142 525/143/143 545/145/145
f 545/145/145 525/143/143 537/144/144
f 597/150/150 593/151/151 561/153/153
f 561/153/153 593/151/151 573/152/152
f 535/155/155 523/156/156 543/154/154
f 543/154/154 523/156/156 519/157/157
f 543/154/154 519/157/157 511/158/158
f 447/167/167 435/168/168 427/169/169
f 163/171/171 151/172/172 171/170/170
f 171/170/170 151/172/172 147/173/173
f 171/170/170 147/173/173 139/174/174
f 125/203/203 123/176/176 117/202/202
f 117/202/202 123/176/176 115/177/177
f 117/202/202 115/177/177 111/178/178
f 103/179/179 105/200/200 111/178/178
f 111/178/178 105/200/200 113/201/201
f 111/178/178 113/201/201 117/202/202
f 105/200/200 103/179/179 1/189/189
f 1/189/189 103/179/179 95/180/180
f 1/189/189 95/180/180 87/181/181
f 79/182/182 55/185/185 87/181/181
f 87/181/181 55/185/185 37/186/186
f 87/181/181 37/186/186 1/189/189
f 1/189/189 37/186/186 5/188/188
f 5/188/188 37/186/186 25/187/187
f 79/182/182 75/183/183 55/185/185
f 55/185/185 75/183/183 63/184/184
f 1/189/189 3/190/190 105/200/200
f 105/200/200 3/190/190 97/199/199
f 97/199/199 3/190/190 89/198/198
f 89/198/198 3/190/190 39/193/193
f 89/198/198 39/193/193 57/194/194
f 3/190/190 7/191/191 39/193/193
f 39/193/193 7/191/191 27/192/192
f 65/195/195 77/196/196 57/194/194
f 57/194/194 77/196/196 81/197/197
f 57/194/194 81/197/197 89/198/198
f 153/207/207 165/208/208 173/129/129
f 226/216/216 225/209/209 236/215/215
f 236/215/215 225/209/209 235/210/210
f 236/215/215 235/210/210 240/214/214
f 240/214/214 235/210/210 239/211/211
f 240/214/214 239/211/211 244/213/213
f 244/213/213 239/211/211 243/212/212
f 578/224/224 577/217/217 570/223/223
f 570/223/223 577/217/217 569/218/218
f 570/223/223 569/218/218 566/222/222
f 566/222/222 569/218/218 565/219/219
f 566/222/222 565/219/219 558/221/221
f 558/221/221 565/219/219 557/220/220
f 557/226/226 547/227/227 558/225/225
f 558/225/225 547/227/227 548/228/228
f 560/236/236 559/229/229 568/235/235
f 568/235/235 559/229/229 567/230/230
f 568/235/235 567/230/230 572/234/234
f 572/234/234 567/230/230 571/231/231
f 572/234/234 571/231/231 592/233/233
f 592/233/233 571/231/231 591/232/232
f 591/238/238 589/239/239 592/237/237
f 592/237/237 589/239/239 590/240/240
f 548/248/248 547/241/241 540/247/247
f 540/247/247 547/241/241 539/242/242
f 540/247/247 539/242/242 532/246/246
f 532/246/246 539/242/242 531/243/243
f 532/246/246 531/243/243 528/245/245
f 528/245/245 531/243/243 527/244/244
f 528/249/249 527/250/250 516/268/268
f 516/268/268 527/250/250 515/251/251
f 516/268/268 515/251/251 508/267/267
f 508/267/267 515/251/251 507/252/252
f 508/267/267 507/252/252 500/266/266
f 500/266/266 507/252/252 499/253/253
f 500/266/266 499/253/253 492/265/265
f 492/265/265 499/253/253 491/254/254
f 492/265/265 491/254/254 480/264/264
f 480/264/264 491/254/254 479/255/255
f 480/264/264 479/255/255 472/263/263
f 472/263/263 479/255/255 471/256/256
f 472/263/263 471/256/256 464/262/262
f 464/262/262 471/256/256 463/257/257
f 464/262/262 463/257/257 456/261/261
f 456/261/261 463/257/257 455/258/258
f 456/261/261 455/258/258 444/260/260
f 444/260/260 455/258/258 443/259/259
f 444/276/276 443/269/269 440/275/275
f 440/275/275 443/269/269 439/270/270
f 440/275/275 439/270/270 432/274/274
f 432/274/274 439/270/270 431/271/271
f 432/274/274 431/271/271 424/273/273
f 424/273/273 431/271/271 423/272/272
f 423/278/278 417/279/279 424/277/277
f 424/277/277 417/279/279 418/280/280
f 3/288/288 4/281/281 7/287/287
f 7/287/287 4/281/281 8/282/282
f 7/287/287 8/282/282 27/286/286
f 27/286/286 8/282/282 28/283/283
f 27/286/286 28/283/283 39/285/285
f 39/285/285 28/283/283 40/284/284
f 3/290/290 1/291/291 4/289/289
f 4/289/289 1/291/291 2/292/292
f 149/300/300 150/293/293 153/299/299
f 153/299/299 150/293/293 154/294/294
f 153/299/299 154/294/294 165/298/298
f 165/298/298 154/294/294 166/295/295
f 165/298/298 166/295/295 173/297/297
f 173/297/297 166/295/295 174/296/296
f 150/301/301 149/302/302 142/320/320
f 142/320/320 149/302/302 141/303/303
f 142/320/320 141/303/303 134/319/319
f 134/319/319 141/303/303 133/304/304
f 134/319/319 133/304/304 126/318/318
f 126/318/318 133/304/304 125/305/305
f 126/318/318 125/305/305 118/317/317
f 118/317/317 125/305/305 117/306/306
f 118/317/317 117/306/306 114/316/316
f 114/316/316 117/306/306 113/307/307
f 114/316/316 113/307/307 106/315/315
f 106/315/315 113/307/307 105/308/308
f 106/315/315 105/308/308 98/314/314
f 98/314/314 105/308/308 97/309/309
f 98/314/314 97/309/309 90/313/313
f 90/313/313 97/309/309 89/310/310
f 90/313/313 89/310/310 82/312/312
f 82/312/312 89/310/310 81/311/311
f 54/328/328 53/321/321 62/327/327
f 62/327/327 53/321/321 61/322/322
f 62/327/327 61/322/322 70/326/326
f 70/326/326 61/322/322 69/323/323
f 70/326/326 69/323/323 74/325/325
f 74/325/325 69/323/323 73/324/324
f 565/330/330 569/331/331 557/329/329
f 557/329/329 569/331/331 577/332/332
f 557/329/329 577/332/332 547/456/456
f 547/456/456 577/332/332 515/452/452
f 547/456/456 515/452/452 527/453/453
f 579/333/333 551/334/334 577/332/332
f 577/332/332 551/334/334 507/451/451
f 577/332/332 507/451/451 515/452/452
f 552/335/335 479/448/448 551/334/334
f 551/334/334 479/448/448 491/449/449
f 551/334/334 491/449/449 499/450/450
f 581/336/336 553/338/338 552/335/335
f 552/335/335 553/338/338 419/439/439
f 552/335/335 419/439/439 479/448/448
f 479/448/448 419/439/439 471/447/447
f 471/447/447 419/439/439 463/446/446
f 463/446/446 419/439/439 455/445/445
f 455/445/445 419/439/439 417/440/440
f 455/445/445 417/440/440 443/444/444
f 443/444/444 417/440/440 423/441/441
f 443/444/444 423/441/441 439/443/443
f 439/443/443 423/441/441 431/442/442
f 581/336/336 583/337/337 553/338/338
f 419/439/439 553/338/338 420/366/366
f 420/366/366 553/338/338 554/339/339
f 420/366/366 554/339/339 555/342/342
f 555/342/342 554/339/339 585/340/340
f 555/342/342 585/340/340 587/341/341
f 420/366/366 555/342/342 481/357/357
f 481/357/357 555/342/342 556/343/343
f 481/357/357 556/343/343 493/356/356
f 493/356/356 556/343/343 501/355/355
f 501/355/355 556/343/343 509/354/354
f 509/354/354 556/343/343 591/345/345
f 509/354/354 591/345/345 517/353/353
f 517/353/353 591/345/345 549/349/349
f 517/353/353 549/349/349 529/352/352
f 529/352/352 549/349/349 533/351/351
f 533/351/351 549/349/349 541/350/350
f 556/343/343 589/344/344 591/345/345
f 549/349/349 591/345/345 559/348/348
f 559/348/348 591/345/345 571/346/346
f 559/348/348 571/346/346 567/347/347
f 481/357/357 473/358/358 420/366/366
f 420/366/366 473/358/358 465/359/359
f 420/366/366 465/359/359 457/360/360
f 420/366/366 457/360/360 421/365/365
f 421/365/365 457/360/360 445/361/361
f 421/365/365 445/361/361 425/364/364
f 425/364/364 445/361/361 441/362/362
f 425/364/364 441/362/362 433/363/363
f 419/439/439 420/366/366 413/438/438
f 413/438/438 420/366/366 414/367/367
f 413/438/438 414/367/367 303/435/435
f 303/435/435 414/367/367 304/370/370
f 303/435/435 304/370/370 298/371/371
f 415/368/368 305/369/369 414/367/367
f 414/367/367 305/369/369 304/370/370
f 299/372/372 189/373/373 298/371/371
f 298/371/371 189/373/373 188/374/374
f 298/371/371 188/374/374 297/434/434
f 297/434/434 188/374/374 187/431/431
f 297/434/434 187/431/431 295/433/433
f 295/433/433 187/431/431 185/432/432
f 188/374/374 182/375/375 187/431/431
f 187/431/431 182/375/375 181/430/430
f 181/430/430 182/375/375 47/403/403
f 181/430/430 47/403/403 46/406/406
f 46/406/406 47/403/403 15/404/404
f 46/406/406 15/404/404 13/405/405
f 183/376/376 145/381/381 182/375/375
f 182/375/375 145/381/381 137/382/382
f 182/375/375 137/382/382 129/383/383
f 145/381/381 183/376/376 157/380/380
f 157/380/380 183/376/376 177/377/377
f 157/380/380 177/377/377 161/379/379
f 161/379/379 177/377/377 169/378/378
f 129/383/383 121/384/384 182/375/375
f 182/375/375 121/384/384 49/399/399
f 182/375/375 49/399/399 48/402/402
f 48/402/402 49/399/399 19/400/400
f 48/402/402 19/400/400 17/401/401
f 49/399/399 121/384/384 50/398/398
f 50/398/398 121/384/384 109/385/385
f 50/398/398 109/385/385 101/386/386
f 101/386/386 93/387/387 50/398/398
f 50/398/398 93/387/387 23/396/396
f 50/398/398 23/396/396 21/397/397
f 93/387/387 85/388/388 23/396/396
f 23/396/396 85/388/388 53/392/392
f 23/396/396 53/392/392 43/393/393
f 85/388/388 73/389/389 53/392/392
f 53/392/392 73/389/389 69/390/390
f 53/392/392 69/390/390 61/391/391
f 35/394/394 31/395/395 43/393/393
f 43/393/393 31/395/395 23/396/396
f 48/402/402 47/403/403 182/375/375
f 181/430/430 46/406/406 119/421/421
f 119/421/421 46/406/406 45/407/407
f 119/421/421 45/407/407 107/420/420
f 107/420/420 45/407/407 99/419/419
f 99/419/419 45/407/407 91/418/418
f 91/418/418 45/407/407 9/409/409
f 91/418/418 9/409/409 83/417/417
f 83/417/417 9/409/409 51/413/413
f 83/417/417 51/413/413 71/416/416
f 71/416/416 51/413/413 67/415/415
f 67/415/415 51/413/413 59/414/414
f 45/407/407 11/408/408 9/409/409
f 51/413/413 9/409/409 41/412/412
f 41/412/412 9/409/409 29/410/410
f 41/412/412 29/410/410 33/411/411
f 119/421/421 127/422/422 181/430/430
f 181/430/430 127/422/422 135/423/423
f 181/430/430 135/423/423 143/424/424
f 181/430/430 143/424/424 179/429/429
f 179/429/429 143/424/424 155/425/425
f 179/429/429 155/425/425 175/428/428
f 175/428/428 155/425/425 159/426/426
f 175/428/428 159/426/426 167/427/427
f 297/434/434 303/435/435 298/371/371
f 301/436/436 411/437/437 303/435/435
f 303/435/435 411/437/437 413/438/438
f 499/450/450 507/451/451 551/334/334
f 527/453/453 531/454/454 547/456/456
f 547/456/456 531/454/454 539/455/455
f 54/458/458 44/459/459 53/457/457
f 53/457/457 44/459/459 43/460/460
f 426/468/468 425/461/461 434/467/467
f 434/467/467 425/461/461 433/462/462
f 434/467/467 433/462/462 442/466/466
f 442/466/466 433/462/462 441/463/463
f 442/466/466 441/463/463 446/465/465
f 446/465/465 441/463/463 445/464/464
f 446/469/469 445/470/470 458/488/488
f 458/488/488 445/470/470 457/471/471
f 458/488/488 457/471/471 466/487/487
f 466/487/487 457/471/471 465/472/472
f 466/487/487 465/472/472 474/486/486
f 474/486/486 465/472/472 473/473/473
f 474/486/486 473/473/473 482/485/485
f 482/485/485 473/473/473 481/474/474
f 482/485/485 481/474/474 494/484/484
f 494/484/484 481/474/474 493/475/475
f 494/484/484 493/475/475 502/483/483
f 502/483/483 493/475/475 501/476/476
f 502/483/483 501/476/476 510/482/482
f 510/482/482 501/476/476 509/477/477
f 510/482/482 509/477/477 518/481/481
f 518/481/481 509/477/477 517/478/478
f 518/481/481 517/478/478 530/480/480
f 530/480/480 517/478/478 529/479/479
f 521/496/496 522/489/489 525/495/495
f 525/495/495 522/489/489 526/490/490
f 525/495/495 526/490/490 537/494/494
f 537/494/494 526/490/490 538/491/491
f 537/494/494 538/491/491 545/493/493
f 545/493/493 538/491/491 546/492/492
f 522/497/497 521/498/498 514/516/516
f 514/516/516 521/498/498 513/499/499
f 514/516/516 513/499/499 506/515/515
f 506/515/515 513/499/499 505/500/500
f 506/515/515 505/500/500 498/514/514
f 498/514/514 505/500/500 497/501/501
f 498/514/514 497/501/501 490/513/513
f 490/513/513 497/501/501 489/502/502
f 490/513/513 489/502/502 486/512/512
f 486/512/512 489/502/502 485/503/503
f 486/512/512 485/503/503 478/511/511
f 478/511/511 485/503/503 477/504/504
f 478/511/511 477/504/504 470/510/510
f 470/510/510 477/504/504 469/505/505
f 470/510/510 469/505/505 462/509/509
f 462/509/509 469/505/505 461/506/506
f 462/509/509 461/506/506 454/508/508
f 454/508/508 461/506/506 453/507/507
f 57/524/524 58/517/517 65/523/523
f 65/523/523 58/517/517 66/518/518
f 65/523/523 66/518/518 77/522/522
f 77/522/522 66/518/518 78/519/519
f 77/522/522 78/519/519 81/521/521
f 81/521/521 78/519/519 82/520/520
f 40/526/526 58/527/527 39/525/525
f 39/525/525 58/527/527 57/528/528
f 429/536/536 430/529/529 437/535/535
f 437/535/535 430/529/529 438/530/530
f 437/535/535 438/530/530 449/534/534
f 449/534/534 438/530/530 450/531/531
f 449/534/534 450/531/531 453/533/533
f 453/533/533 450/531/531 454/532/532
f 530/544/544 529/537/537 534/543/543
f 534/543/543 529/537/537 533/538/538
f 534/543/543 533/538/538 542/542/542
f 542/542/542 533/538/538 541/539/539
f 542/542/542 541/539/539 550/541/541
f 550/541/541 541/539/539 549/540/540
f 560/546/546 550/547/547 559/545/545
f 559/545/545 550/547/547 549/548/548
f 563/556/556 564/549/549 575/555/555
f 575/555/555 564/549/549 576/550/550
f 575/555/555 576/550/550 595/554/554
f 595/554/554 576/550/550 596/551/551
f 595/554/554 596/551/551 599/553/553
f 599/553/553 596/551/551 600/552/552
f 600/558/558 598/559/559 599/557/557
f 599/557/557 598/559/559 597/560/560
f 597/568/568 598/561/561 593/567/567
f 593/567/567 598/561/561 594/562/562
f 593/567/567 594/562/562 573/566/566
f 573/566/566 594/562/562 574/563/563
f 573/566/566 574/563/563 561/565/565
f 561/565/565 574/563/563 562/564/564
f 543/576/576 544/569/569 535/575/575
f 535/575/575 544/569/569 536/570/570
f 535/575/575 536/570/570 523/574/574
f 523/574/574 536/570/570 524/571/571
f 523/574/574 524/571/571 519/573/573
f 519/573/573 524/571/571 520/572/572
f 519/577/577 520/578/578 511/596/596
f 511/596/596 520/578/578 512/579/579
f 511/596/596 512/579/579 503/595/595
f 503/595/595 512/579/579 504/580/580
f 503/595/595 504/580/580 495/594/594
f 495/594/594 504/580/580 496/581/581
f 495/594/594 496/581/581 487/593/593
f 487/593/593 496/581/581 488/582/582
f 487/593/593 488/582/582 483/592/592
f 483/592/592 488/582/582 484/583/583
f 483/592/592 484/583/583 475/591/591
f 475/591/591 484/583/583 476/584/584
f 475/591/591 476/584/584 467/590/590
f 467/590/590 476/584/584 468/585/585
f 467/590/590 468/585/585 459/589/589
f 459/589/589 468/585/585 460/586/586
f 459/589/589 460/586/586 451/588/588
f 451/588/588 460/586/586 452/587/587
f 451/604/604 452/597/597 447/603/603
f 447/603/603 452/597/597 448/598/598
f 447/603/603 448/598/598 435/602/602
f 435/602/602 448/598/598 436/599/599
f 435/602/602 436/599/599 427/601/601
f 427/601/601 436/599/599 428/600/600
f 158/612/612 157/605/605 162/611/611
f 162/611/611 157/605/605 161/606/606
f 162/611/611 161/606/606 170/610/610
f 170/610/610 161/606/606 169/607/607
f 170/610/610 169/607/607 178/609/609
f 178/609/609 169/607/607 177/608/608
f 177/614/614 183/615/615 178/613/613
f 178/613/613 183/615/615 184/616/616
f 37/624/624 38/617/617 25/623/623
f 25/623/623 38/617/617 26/618/618
f 25/623/623 26/618/618 5/622/622
f 5/622/622 26/618/618 6/619/619
f 5/622/622 6/619/619 1/621/621
f 1/621/621 6/619/619 2/620/620
f 37/626/626 55/627/627 38/625/625
f 38/625/625 55/627/627 56/628/628
f 24/636/636 23/629/629 32/635/635
f 32/635/635 23/629/629 31/630/630
f 32/635/635 31/630/630 36/634/634
f 36/634/634 31/630/630 35/631/631
f 36/634/634 35/631/631 44/633/633
f 44/633/633 35/631/631 43/632/632
f 171/644/644 172/637/637 163/643/643
f 163/643/643 172/637/637 164/638/638
f 163/643/643 164/638/638 151/642/642
f 151/642/642 164/638/638 152/639/639
f 151/642/642 152/639/639 147/641/641
f 147/641/641 152/639/639 148/640/640
f 147/645/645 148/646/646 139/664/664
f 139/664/664 148/646/646 140/647/647
f 139/664/664 140/647/647 131/663/663
f 131/663/663 140/647/647 132/648/648
f 131/663/663 132/648/648 123/662/662
f 123/662/662 132/648/648 124/649/649
f 123/662/662 124/649/649 115/661/661
f 115/661/661 124/649/649 116/650/650
f 115/661/661 116/650/650 111/660/660
f 111/660/660 116/650/650 112/651/651
f 111/660/660 112/651/651 103/659/659
f 103/659/659 112/651/651 104/652/652
f 103/659/659 104/652/652 95/658/658
f 95/658/658 104/652/652 96/653/653
f 95/658/658 96/653/653 87/657/657
f 87/657/657 96/653/653 88/654/654
f 87/657/657 88/654/654 79/656/656
f 79/656/656 88/654/654 80/655/655
f 72/672/672 71/665/665 68/671/671
f 68/671/671 71/665/665 67/666/666
f 68/671/671 67/666/666 60/670/670
f 60/670/670 67/666/666 59/667/667
f 60/670/670 59/667/667 52/669/669
f 52/669/669 59/667/667 51/668/668
f 51/674/674 41/675/675 52/673/673
f 52/673/673 41/675/675 42/676/676
f 79/684/684 80/677/677 75/683/683
f 75/683/683 80/677/677 76/678/678
f 75/683/683 76/678/678 63/682/682
f 63/682/682 76/678/678 64/679/679
f 63/682/682 64/679/679 55/681/681
f 55/681/681 64/679/679 56/680/680
f 176/692/692 175/685/685 168/691/691
f 168/691/691 175/685/685 167/686/686
f 168/691/691 167/686/686 160/690/690
f 160/690/690 167/686/686 159/687/687
f 160/690/690 159/687/687 156/689/689
f 156/689/689 159/687/687 155/688/688
f 176/694/694 180/695/695 175/693/693
f 175/693/693 180/695/695 179/696/696
f 42/704/704 41/697/697 34/703/703
f 34/703/703 41/697/697 33/698/698
f 34/703/703 33/698/698 30/702/702
f 30/702/702 33/698/698 29/699/699
f 30/702/702 29/699/699 10/701/701
f 10/701/701 29/699/699 9/700/700
f 370/706/706 379/707/707 371/705/705
f 371/705/705 379/707/707 384/709/709
f 384/709/709 379/707/707 383/708/708
f 384/710/710 216/711/711 371/713/713
f 371/713/713 216/711/711 229/712/712
f 215/715/715 221/716/716 216/714/714
f 216/714/714 221/716/716 229/718/718
f 229/718/718 221/716/716 228/717/717
f 367/719/719 369/720/720 368/722/722
f 368/722/722 369/720/720 370/721/721
f 232/724/724 222/725/725 230/723/723
f 230/723/723 222/725/725 217/727/727
f 217/727/727 222/725/725 218/726/726
f 217/728/728 385/729/729 230/731/731
f 230/731/731 385/729/729 372/730/730
f 386/733/733 380/734/734 385/732/732
f 385/732/732 380/734/734 372/736/736
f 372/736/736 380/734/734 374/735/735
f 233/737/737 231/738/738 234/740/740
f 234/740/740 231/738/738 232/739/739
f 172/748/748 171/741/741 191/746/746
f 191/746/746 171/741/741 427/742/742
f 191/746/746 427/742/742 407/745/745
f 407/745/745 427/742/742 428/743/743
f 407/745/745 428/743/743 408/744/744
f 191/746/746 192/747/747 172/748/748
f 369/749/749 377/750/750 370/758/758
f 370/758/758 377/750/750 379/757/757
f 379/757/757 377/750/750 381/751/751
f 379/757/757 381/751/751 383/756/756
f 383/756/756 381/751/751 391/752/752
f 383/756/756 391/752/752 387/755/755
f 387/755/755 391/752/752 389/754/754
f 389/754/754 391/752/752 392/753/753
f 352/766/766 351/759/759 360/765/765
f 360/765/765 351/759/759 359/760/760
f 360/765/765 359/760/760 364/764/764
f 364/764/764 359/760/760 363/761/761
f 364/764/764 363/761/761 368/763/763
f 368/763/763 363/761/761 367/762/762
f 243/767/767 351/768/768 244/770/770
f 244/770/770 351/768/768 352/769/769
f 207/772/772 208/773/773 203/771/771
f 203/771/771 208/773/773 204/774/774
f 192/782/782 191/775/775 196/781/781
f 196/781/781 191/775/775 195/776/776
f 196/781/781 195/776/776 199/777/777
f 203/778/778 204/779/779 199/777/777
f 199/777/777 204/779/779 200/780/780
f 199/777/777 200/780/780 196/781/781
f 430/790/790 429/783/783 409/788/788
f 409/788/788 429/783/783 173/784/784
f 409/788/788 173/784/784 193/787/787
f 193/787/787 173/784/784 174/785/785
f 193/787/787 174/785/785 194/786/786
f 409/788/788 410/789/789 430/790/790
f 231/791/791 224/792/792 232/800/800
f 232/800/800 224/792/792 222/799/799
f 222/799/799 224/792/792 220/793/793
f 222/799/799 220/793/793 218/798/798
f 218/798/798 220/793/793 209/794/794
f 218/798/798 209/794/794 214/797/797
f 214/797/797 209/794/794 212/796/796
f 212/796/796 209/794/794 210/795/795
f 393/802/802 394/803/803 397/801/801
f 397/801/801 394/803/803 398/804/804
f 410/812/812 409/805/805 406/811/811
f 406/811/811 409/805/805 405/806/806
f 406/811/811 405/806/806 401/807/807
f 397/808/808 398/809/809 401/807/807
f 401/807/807 398/809/809 402/810/810
f 401/807/807 402/810/810 406/811/811
f 357/813/813 249/814/814 358/816/816
f 358/816/816 249/814/814 250/815/815
f 250/824/824 249/817/817 242/823/823
f 242/823/823 249/817/817 241/818/818
f 242/823/823 241/818/818 238/822/822
f 238/822/822 241/818/818 237/819/819
f 238/822/822 237/819/819 234/821/821
f 234/821/821 237/819/819 233/820/820
f 343/838/838 353/825/825 332/844/844
f 332/844/844 353/825/825 345/826/826
f 332/844/844 345/826/826 326/843/843
f 326/843/843 345/826/826 337/827/827
f 326/843/843 337/827/827 310/842/842
f 310/842/842 337/827/827 317/828/828
f 310/842/842 317/828/828 281/829/829
f 310/842/842 281/829/829 290/841/841
f 290/841/841 281/829/829 261/830/830
f 290/841/841 261/830/830 274/840/840
f 274/840/840 261/830/830 253/831/831
f 274/840/840 253/831/831 268/839/839
f 268/839/839 253/831/831 245/832/832
f 268/839/839 245/832/832 251/833/833
f 268/839/839 251/833/833 272/848/848
f 272/848/848 251/833/833 259/834/834
f 272/848/848 259/834/834 288/847/847
f 288/847/847 259/834/834 279/835/835
f 288/847/847 279/835/835 315/836/836
f 288/847/847 315/836/836 308/846/846
f 308/846/846 315/836/836 335/837/837
f 308/846/846 335/837/837 324/845/845
f 324/845/845 335/837/837 343/838/838
f 324/845/845 343/838/838 332/844/844
f 346/850/850 353/863/863 354/849/849
f 354/849/849 353/863/863 343/864/864
f 354/849/849 343/864/864 344/862/862
f 344/862/862 343/864/864 335/865/865
f 344/862/862 335/865/865 336/861/861
f 336/861/861 335/865/865 315/866/866
f 336/861/861 315/866/866 316/860/860
f 316/860/860 315/866/866 279/867/867
f 316/860/860 279/867/867 280/859/859
f 280/859/859 279/867/867 259/868/868
f 280/859/859 259/868/868 260/858/858
f 260/858/858 259/868/868 251/869/869
f 260/858/858 251/869/869 252/857/857
f 252/857/857 251/869/869 246/856/856
f 246/856/856 251/869/869 245/877/877
f 246/878/878 245/870/870 254/855/855
f 254/855/855 245/870/870 253/871/871
f 254/855/855 253/871/871 261/872/872
f 353/863/863 346/850/850 345/876/876
f 345/876/876 346/850/850 338/851/851
f 345/876/876 338/851/851 337/875/875
f 337/875/875 338/851/851 318/852/852
f 337/875/875 318/852/852 317/874/874
f 317/874/874 318/852/852 282/853/853
f 317/874/874 282/853/853 281/873/873
f 281/873/873 282/853/853 262/854/854
f 281/873/873 262/854/854 261/872/872
f 261/872/872 262/854/854 254/855/855
f 273/880/880 274/898/898 267/879/879
f 267/879/879 274/898/898 268/899/899
f 267/900/900 268/889/889 271/888/888
f 271/888/888 268/889/889 272/890/890
f 271/888/888 272/890/890 287/887/887
f 287/887/887 272/890/890 288/891/891
f 287/887/887 288/891/891 307/886/886
f 307/886/886 288/891/891 308/892/892
f 307/886/886 308/892/892 323/885/885
f 323/885/885 308/892/892 324/893/893
f 323/885/885 324/893/893 331/884/884
f 331/884/884 324/893/893 332/894/894
f 331/884/884 332/894/894 325/883/883
f 325/883/883 332/894/894 326/895/895
f 325/883/883 326/895/895 309/882/882
f 309/882/882 326/895/895 310/896/896
f 309/882/882 310/896/896 289/881/881
f 289/881/881 310/896/896 290/897/897
f 289/881/881 290/897/897 273/880/880
f 273/880/880 290/897/897 274/898/898
f 347/914/914 355/901/901 334/920/920
f 334/920/920 355/901/901 349/902/902
f 334/920/920 349/902/902 330/919/919
f 330/919/919 349/902/902 341/903/903
f 330/919/919 341/903/903 314/918/918
f 314/918/918 341/903/903 321/904/904
f 314/918/918 321/904/904 285/905/905
f 314/918/918 285/905/905 294/917/917
f 294/917/917 285/905/905 265/906/906
f 294/917/917 265/906/906 278/916/916
f 278/916/916 265/906/906 257/907/907
f 278/916/916 257/907/907 270/915/915
f 270/915/915 257/907/907 247/908/908
f 270/915/915 247/908/908 255/909/909
f 270/915/915 255/909/909 276/924/924
f 276/924/924 255/909/909 263/910/910
f 276/924/924 263/910/910 292/923/923
f 292/923/923 263/910/910 283/911/911
f 292/923/923 283/911/911 319/912/912
f 292/923/923 319/912/912 312/922/922
f 312/922/922 319/912/912 339/913/913
f 312/922/922 339/913/913 328/921/921
f 328/921/921 339/913/913 347/914/914
f 328/921/921 347/914/914 334/920/920
f 350/926/926 355/939/939 356/925/925
f 356/925/925 355/939/939 347/940/940
f 356/925/925 347/940/940 348/938/938
f 348/938/938 347/940/940 339/941/941
f 348/938/938 339/941/941 340/937/937
f 340/937/937 339/941/941 319/942/942
f 340/937/937 319/942/942 320/936/936
f 320/936/936 319/942/942 283/943/943
f 320/936/936 283/943/943 284/935/935
f 284/935/935 283/943/943 263/944/944
f 284/935/935 263/944/944 264/934/934
f 264/934/934 263/944/944 255/945/945
f 264/934/934 255/945/945 256/933/933
f 256/933/933 255/945/945 248/932/932
f 248/932/932 255/945/945 247/953/953
f 248/954/954 247/946/946 258/931/931
f 258/931/931 247/946/946 257/947/947
f 258/931/931 257/947/947 265/948/948
f 355/939/939 350/926/926 349/952/952
f 349/952/952 350/926/926 342/927/927
f 349/952/952 342/927/927 341/951/951
f 341/951/951 342/927/927 322/928/928
f 341/951/951 322/928/928 321/950/950
f 321/950/950 322/928/928 286/929/929
f 321/950/950 286/929/929 285/949/949
f 285/949/949 286/929/929 266/930/930
f 285/949/949 266/930/930 265/948/948
f 265/948/948 266/930/930 258/931/931
f 277/956/956 278/974/974 269/955/955
f 269/955/955 278/974/974 270/975/975
f 269/976/976 270/965/965 275/964/964
f 275/964/964 270/965/965 276/966/966
f 275/964/964 276/966/966 291/963/963
f 291/963/963 276/966/966 292/967/967
f 291/963/963 292/967/967 311/962/962
f 311/962/962 292/967/967 312/968/968
f 311/962/962 312/968/968 327/961/961
f 327/961/961 312/968/968 328/969/969
f 327/961/961 328/969/969 333/960/960
f 333/960/960 328/969/969 334/970/970
f 333/960/960 334/970/970 329/959/959
f 329/959/959 334/970/970 330/971/971
f 329/959/959 330/971/971 313/958/958
f 313/958/958 330/971/971 314/972/972
f 313/958/958 314/972/972 293/957/957
f 293/957/957 314/972/972 294/973/973
f 293/957/957 294/973/973 277/956/956
f 277/956/956 294/973/973 278/974/974
f 366/978/978 342/1001/1001 376/977/977
f 376/977/977 342/1001/1001 350/1002/1002
f 376/977/977 350/1002/1002 374/988/988
f 374/988/988 350/1002/1002 356/989/989
f 374/988/988 356/989/989 348/990/990
f 366/978/978 362/979/979 342/1001/1001
f 342/1001/1001 362/979/979 358/980/980
f 342/1001/1001 358/980/980 322/1000/1000
f 322/1000/1000 358/980/980 250/981/981
f 322/1000/1000 250/981/981 286/999/999
f 286/999/999 250/981/981 266/998/998
f 266/998/998 250/981/981 242/982/982
f 266/998/998 242/982/982 238/983/983
f 238/983/983 234/984/984 266/998/998
f 266/998/998 234/984/984 258/997/997
f 258/997/997 234/984/984 232/985/985
f 258/997/997 232/985/985 248/996/996
f 248/996/996 232/985/985 256/995/995
f 256/995/995 232/985/985 230/986/986
f 256/995/995 230/986/986 264/994/994
f 264/994/994 230/986/986 284/993/993
f 284/993/993 230/986/986 372/987/987
f 284/993/993 372/987/987 320/992/992
f 320/992/992 372/987/987 340/991/991
f 340/991/991 372/987/987 348/990/990
f 348/990/990 372/987/987 374/988/988
f 360/1004/1004 336/1017/1017 352/1003/1003
f 352/1003/1003 336/1017/1017 316/1018/1018
f 352/1003/1003 316/1018/1018 280/1019/1019
f 360/1004/1004 364/1005/1005 336/1017/1017
f 336/1017/1017 364/1005/1005 368/1006/1006
f 336/1017/1017 368/1006/1006 344/1016/1016
f 344/1016/1016 368/1006/1006 370/1007/1007
f 344/1016/1016 370/1007/1007 354/1015/1015
f 354/1015/1015 370/1007/1007 346/1028/1028
f 346/1028/1028 370/1007/1007 371/1008/1008
f 346/1028/1028 371/1008/1008 338/1027/1027
f 338/1027/1027 371/1008/1008 318/1026/1026
f 318/1026/1026 371/1008/1008 229/1009/1009
f 318/1026/1026 229/1009/1009 282/1025/1025
f 282/1025/1025 229/1009/1009 262/1024/1024
f 262/1024/1024 229/1009/1009 254/1023/1023
f 254/1023/1023 229/1009/1009 228/1010/1010
f 254/1023/1023 228/1010/1010 246/1022/1022
f 246/1022/1022 228/1010/1010 252/1021/1021
f 252/1021/1021 228/1010/1010 226/1011/1011
f 252/1021/1021 226/1011/1011 260/1020/1020
f 260/1020/1020 226/1011/1011 236/1012/1012
f 260/1020/1020 236/1012/1012 240/1013/1013
f 240/1013/1013 244/1014/1014 260/1020/1020
f 260/1020/1020 244/1014/1014 280/1019/1019
f 280/1019/1019 244/1014/1014 352/1003/1003
f 580/1029/1029 551/1030/1030 579/1031/1031
f 582/1033/1033 552/1034/1034 580/1032/1032
f 580/1032/1032 552/1034/1034 551/1035/1035
f 552/1036/1036 582/1037/1037 581/1038/1038
f 45/1039/1039 12/1040/1040 11/1041/1041
f 46/1043/1043 14/1044/1044 45/1042/1042
f 45/1042/1042 14/1044/1044 12/1045/1045
f 14/1046/1046 46/1047/1047 13/1048/1048
f 588/1049/1049 555/1050/1050 587/1051/1051
f 590/1053/1053 556/1054/1054 588/1052/1052
f 588/1052/1052 556/1054/1054 555/1055/1055
f 556/1056/1056 590/1057/1057 589/1058/1058
f 49/1059/1059 20/1060/1060 19/1061/1061
f 50/1063/1063 22/1064/1064 49/1062/1062
f 49/1062/1062 22/1064/1064 20/1065/1065
f 22/1066/1066 50/1067/1067 21/1068/1068
f 578/1070/1070 580/1071/1071 577/1069/1069
f 577/1069/1069 580/1071/1071 579/1072/1072
f 582/1074/1074 584/1075/1075 581/1073/1073
f 581/1073/1073 584/1075/1075 583/1076/1076
f 9/1078/1078 11/1079/1079 10/1077/1077
f 10/1077/1077 11/1079/1079 12/1080/1080
f 587/1082/1082 585/1083/1083 588/1081/1081
f 588/1081/1081 585/1083/1083 586/1084/1084
f 20/1086/1086 18/1087/1087 19/1085/1085
f 19/1085/1085 18/1087/1087 17/1088/1088
f 584/1089/1089 553/1090/1090 583/1091/1091
f 586/1093/1093 554/1094/1094 584/1092/1092
f 584/1092/1092 554/1094/1094 553/1095/1095
f 554/1096/1096 586/1097/1097 585/1098/1098
f 47/1099/1099 16/1100/1100 15/1101/1101
f 48/1103/1103 18/1104/1104 47/1102/1102
f 47/1102/1102 18/1104/1104 16/1105/1105
f 18/1106/1106 48/1107/1107 17/1108/1108
f 13/1110/1110 15/1111/1111 14/1109/1109
f 14/1109/1109 15/1111/1111 16/1112/1112
f 180/1113/1113 181/1114/1114 179/1115/1115
f 186/1117/1117 187/1118/1118 180/1116/1116
f 180/1116/1116 187/1118/1118 181/1119/1119
f 187/1120/1120 186/1121/1121 185/1122/1122
f 183/1123/1123 182/1124/1124 184/1125/1125
f 188/1127/1127 190/1128/1128 182/1126/1126
f 182/1126/1126 190/1128/1128 184/1129/1129
f 188/1130/1130 189/1131/1131 190/1132/1132
f 412/1133/1133 413/1134/1134 411/1135/1135
f 418/1137/1137 419/1138/1138 412/1136/1136
f 412/1136/1136 419/1138/1138 413/1139/1139
f 419/1140/1140 418/1141/1141 417/1142/1142
f 415/1143/1143 414/1144/1144 416/1145/1145
f 420/1147/1147 422/1148/1148 414/1146/1146
f 414/1146/1146 422/1148/1148 416/1149/1149
f 420/1150/1150 421/1151/1151 422/1152/1152
f 186/1154/1154 296/1155/1155 185/1153/1153
f 185/1153/1153 296/1155/1155 295/1156/1156
f 411/1158/1158 301/1159/1159 412/1157/1157
f 412/1157/1157 301/1159/1159 302/1160/1160
f 416/1162/1162 306/1163/1163 415/1161/1161
f 415/1161/1161 306/1163/1163 305/1164/1164
f 296/1165/1165 297/1166/1166 295/1167/1167
f 302/1169/1169 303/1170/1170 296/1168/1168
f 296/1168/1168 303/1170/1170 297/1171/1171
f 303/1172/1172 302/1173/1173 301/1174/1174
f 299/1175/1175 298/1176/1176 300/1177/1177
f 304/1179/1179 306/1180/1180 298/1178/1178
f 298/1178/1178 306/1180/1180 300/1181/1181
f 304/1182/1182 305/1183/1183 306/1184/1184
f 189/1186/1186 299/1187/1187 190/1185/1185
f 190/1185/1185 299/1187/1187 300/1188/1188
f 71/1189/1189 72/1190/1190 83/1208/1208
f 83/1208/1208 72/1190/1190 84/1191/1191
f 83/1208/1208 84/1191/1191 91/1207/1207
f 91/1207/1207 84/1191/1191 92/1192/1192
f 91/1207/1207 92/1192/1192 99/1206/1206
f 99/1206/1206 92/1192/1192 100/1193/1193
f 99/1206/1206 100/1193/1193 107/1205/1205
f 107/1205/1205 100/1193/1193 108/1194/1194
f 107/1205/1205 108/1194/1194 119/1204/1204
f 119/1204/1204 108/1194/1194 120/1195/1195
f 119/1204/1204 120/1195/1195 127/1203/1203
f 127/1203/1203 120/1195/1195 128/1196/1196
f 127/1203/1203 128/1196/1196 135/1202/1202
f 135/1202/1202 128/1196/1196 136/1197/1197
f 135/1202/1202 136/1197/1197 143/1201/1201
f 143/1201/1201 136/1197/1197 144/1198/1198
f 143/1201/1201 144/1198/1198 155/1200/1200
f 155/1200/1200 144/1198/1198 156/1199/1199
f 24/1210/1210 22/1211/1211 23/1209/1209
f 23/1209/1209 22/1211/1211 21/1212/1212
f 74/1213/1213 73/1214/1214 86/1232/1232
f 86/1232/1232 73/1214/1214 85/1215/1215
f 86/1232/1232 85/1215/1215 94/1231/1231
f 94/1231/1231 85/1215/1215 93/1216/1216
f 94/1231/1231 93/1216/1216 102/1230/1230
f 102/1230/1230 93/1216/1216 101/1217/1217
f 102/1230/1230 101/1217/1217 110/1229/1229
f 110/1229/1229 101/1217/1217 109/1218/1218
f 110/1229/1229 109/1218/1218 122/1228/1228
f 122/1228/1228 109/1218/1218 121/1219/1219
f 122/1228/1228 121/1219/1219 130/1227/1227
f 130/1227/1227 121/1219/1219 129/1220/1220
f 130/1227/1227 129/1220/1220 138/1226/1226
f 138/1226/1226 129/1220/1220 137/1221/1221
f 138/1226/1226 137/1221/1221 146/1225/1225
f 146/1225/1225 137/1221/1221 145/1222/1222
f 146/1225/1225 145/1222/1222 158/1224/1224
f 158/1224/1224 145/1222/1222 157/1223/1223
f 426/1234/1234 422/1235/1235 425/1233/1233
f 425/1233/1233 422/1235/1235 421/1236/1236
f 546/1238/1238 564/1239/1239 545/1237/1237
f 545/1237/1237 564/1239/1239 563/1240/1240
f 562/1242/1242 544/1243/1243 561/1241/1241
f 561/1241/1241 544/1243/1243 543/1244/1244
f 28/1246/1246 36/1396/1396 40/1245/1245
f 40/1245/1245 36/1396/1396 44/1397/1397
f 40/1245/1245 44/1397/1397 58/1360/1360
f 58/1360/1360 44/1397/1397 54/1398/1398
f 58/1360/1360 54/1398/1398 62/1399/1399
f 28/1246/1246 8/1247/1247 36/1396/1396
f 36/1396/1396 8/1247/1247 32/1395/1395
f 32/1395/1395 8/1247/1247 4/1248/1248
f 32/1395/1395 4/1248/1248 24/1394/1394
f 24/1394/1394 4/1248/1248 22/1393/1393
f 22/1393/1393 4/1248/1248 20/1392/1392
f 20/1392/1392 4/1248/1248 18/1391/1391
f 18/1391/1391 4/1248/1248 2/1249/1249
f 18/1391/1391 2/1249/1249 16/1390/1390
f 16/1390/1390 2/1249/1249 14/1389/1389
f 14/1389/1389 2/1249/1249 12/1388/1388
f 12/1388/1388 2/1249/1249 10/1387/1387
f 10/1387/1387 2/1249/1249 30/1386/1386
f 30/1386/1386 2/1249/1249 6/1250/1250
f 30/1386/1386 6/1250/1250 34/1385/1385
f 34/1385/1385 6/1250/1250 26/1251/1251
f 34/1385/1385 26/1251/1251 38/1252/1252
f 34/1385/1385 38/1252/1252 42/1384/1384
f 42/1384/1384 38/1252/1252 56/1253/1253
f 42/1384/1384 56/1253/1253 52/1383/1383
f 52/1383/1383 56/1253/1253 60/1382/1382
f 60/1382/1382 56/1253/1253 64/1254/1254
f 60/1382/1382 64/1254/1254 76/1255/1255
f 60/1382/1382 76/1255/1255 68/1381/1381
f 68/1381/1381 76/1255/1255 80/1256/1256
f 68/1381/1381 80/1256/1256 72/1380/1380
f 72/1380/1380 80/1256/1256 88/1257/1257
f 72/1380/1380 88/1257/1257 84/1379/1379
f 84/1379/1379 88/1257/1257 96/1258/1258
f 84/1379/1379 96/1258/1258 92/1378/1378
f 92/1378/1378 96/1258/1258 104/1259/1259
f 92/1378/1378 104/1259/1259 100/1377/1377
f 100/1377/1377 104/1259/1259 112/1260/1260
f 100/1377/1377 112/1260/1260 108/1376/1376
f 108/1376/1376 112/1260/1260 116/1261/1261
f 108/1376/1376 116/1261/1261 120/1375/1375
f 120/1375/1375 116/1261/1261 128/1374/1374
f 128/1374/1374 116/1261/1261 124/1262/1262
f 128/1374/1374 124/1262/1262 136/1373/1373
f 136/1373/1373 124/1262/1262 132/1263/1263
f 136/1373/1373 132/1263/1263 144/1372/1372
f 144/1372/1372 132/1263/1263 140/1264/1264
f 144/1372/1372 140/1264/1264 156/1371/1371
f 156/1371/1371 140/1264/1264 148/1265/1265
f 156/1371/1371 148/1265/1265 160/1370/1370
f 160/1370/1370 148/1265/1265 152/1266/1266
f 160/1370/1370 152/1266/1266 168/1369/1369
f 168/1369/1369 152/1266/1266 164/1267/1267
f 168/1369/1369 164/1267/1267 172/1268/1268
f 192/1269/1269 180/1367/1367 172/1268/1268
f 172/1268/1268 180/1367/1367 176/1368/1368
f 172/1268/1268 176/1368/1368 168/1369/1369
f 196/1270/1270 216/1277/1277 192/1269/1269
f 192/1269/1269 216/1277/1277 186/1366/1366
f 192/1269/1269 186/1366/1366 180/1367/1367
f 196/1270/1270 200/1271/1271 216/1277/1277
f 216/1277/1277 200/1271/1271 204/1272/1272
f 216/1277/1277 204/1272/1272 208/1273/1273
f 208/1273/1273 211/1274/1274 216/1277/1277
f 216/1277/1277 211/1274/1274 213/1275/1275
f 216/1277/1277 213/1275/1275 215/1276/1276
f 186/1366/1366 216/1277/1277 296/1365/1365
f 296/1365/1365 216/1277/1277 384/1278/1278
f 296/1365/1365 384/1278/1278 302/1364/1364
f 302/1364/1364 384/1278/1278 412/1363/1363
f 412/1363/1363 384/1278/1278 408/1286/1286
f 412/1363/1363 408/1286/1286 418/1362/1362
f 418/1362/1362 408/1286/1286 428/1287/1287
f 418/1362/1362 428/1287/1287 424/1361/1361
f 424/1361/1361 428/1287/1287 432/1464/1464
f 432/1464/1464 428/1287/1287 436/1288/1288
f 432/1464/1464 436/1288/1288 448/1289/1289
f 383/1279/1279 387/1280/1280 384/1278/1278
f 384/1278/1278 387/1280/1280 389/1281/1281
f 384/1278/1278 389/1281/1281 392/1282/1282
f 392/1282/1282 396/1283/1283 384/1278/1278
f 384/1278/1278 396/1283/1283 400/1284/1284
f 384/1278/1278 400/1284/1284 404/1285/1285
f 404/1285/1285 408/1286/1286 384/1278/1278
f 432/1464/1464 448/1289/1289 440/1463/1463
f 440/1463/1463 448/1289/1289 452/1290/1290
f 440/1463/1463 452/1290/1290 444/1462/1462
f 444/1462/1462 452/1290/1290 460/1291/1291
f 444/1462/1462 460/1291/1291 456/1461/1461
f 456/1461/1461 460/1291/1291 468/1292/1292
f 456/1461/1461 468/1292/1292 464/1460/1460
f 464/1460/1460 468/1292/1292 476/1293/1293
f 464/1460/1460 476/1293/1293 472/1459/1459
f 472/1459/1459 476/1293/1293 484/1294/1294
f 472/1459/1459 484/1294/1294 480/1458/1458
f 480/1458/1458 484/1294/1294 488/1295/1295
f 480/1458/1458 488/1295/1295 492/1457/1457
f 492/1457/1457 488/1295/1295 500/1456/1456
f 500/1456/1456 488/1295/1295 496/1296/1296
f 500/1456/1456 496/1296/1296 508/1455/1455
f 508/1455/1455 496/1296/1296 504/1297/1297
f 508/1455/1455 504/1297/1297 516/1454/1454
f 516/1454/1454 504/1297/1297 512/1298/1298
f 516/1454/1454 512/1298/1298 528/1453/1453
f 528/1453/1453 512/1298/1298 520/1299/1299
f 528/1453/1453 520/1299/1299 532/1452/1452
f 532/1452/1452 520/1299/1299 524/1300/1300
f 532/1452/1452 524/1300/1300 540/1451/1451
f 540/1451/1451 524/1300/1300 536/1301/1301
f 540/1451/1451 536/1301/1301 544/1302/1302
f 562/1303/1303 558/1449/1449 544/1302/1302
f 544/1302/1302 558/1449/1449 548/1450/1450
f 544/1302/1302 548/1450/1450 540/1451/1451
f 558/1449/1449 562/1303/1303 566/1448/1448
f 566/1448/1448 562/1303/1303 574/1304/1304
f 566/1448/1448 574/1304/1304 594/1305/1305
f 566/1448/1448 594/1305/1305 570/1447/1447
f 570/1447/1447 594/1305/1305 598/1306/1306
f 570/1447/1447 598/1306/1306 578/1446/1446
f 578/1446/1446 598/1306/1306 580/1445/1445
f 580/1445/1445 598/1306/1306 582/1444/1444
f 582/1444/1444 598/1306/1306 584/1443/1443
f 584/1443/1443 598/1306/1306 586/1442/1442
f 586/1442/1442 598/1306/1306 600/1307/1307
f 586/1442/1442 600/1307/1307 588/1441/1441
f 588/1441/1441 600/1307/1307 590/1440/1440
f 590/1440/1440 600/1307/1307 592/1439/1439
f 592/1439/1439 600/1307/1307 572/1438/1438
f 572/1438/1438 600/1307/1307 596/1308/1308
f 572/1438/1438 596/1308/1308 568/1437/1437
f 568/1437/1437 596/1308/1308 576/1309/1309
f 568/1437/1437 576/1309/1309 564/1310/1310
f 568/1437/1437 564/1310/1310 560/1436/1436
f 560/1436/1436 564/1310/1310 546/1311/1311
f 560/1436/1436 546/1311/1311 550/1435/1435
f 550/1435/1435 546/1311/1311 542/1434/1434
f 542/1434/1434 546/1311/1311 538/1312/1312
f 542/1434/1434 538/1312/1312 526/1313/1313
f 542/1434/1434 526/1313/1313 534/1433/1433
f 534/1433/1433 526/1313/1313 522/1314/1314
f 534/1433/1433 522/1314/1314 530/1432/1432
f 530/1432/1432 522/1314/1314 514/1315/1315
f 530/1432/1432 514/1315/1315 518/1431/1431
f 518/1431/1431 514/1315/1315 506/1316/1316
f 518/1431/1431 506/1316/1316 510/1430/1430
f 510/1430/1430 506/1316/1316 498/1317/1317
f 510/1430/1430 498/1317/1317 502/1429/1429
f 502/1429/1429 498/1317/1317 490/1318/1318
f 502/1429/1429 490/1318/1318 494/1428/1428
f 494/1428/1428 490/1318/1318 486/1319/1319
f 494/1428/1428 486/1319/1319 482/1427/1427
f 482/1427/1427 486/1319/1319 474/1426/1426
f 474/1426/1426 486/1319/1319 478/1320/1320
f 474/1426/1426 478/1320/1320 466/1425/1425
f 466/1425/1425 478/1320/1320 470/1321/1321
f 466/1425/1425 470/1321/1321 458/1424/1424
f 458/1424/1424 470/1321/1321 462/1322/1322
f 458/1424/1424 462/1322/1322 446/1423/1423
f 446/1423/1423 462/1322/1322 454/1323/1323
f 446/1423/1423 454/1323/1323 442/1422/1422
f 442/1422/1422 454/1323/1323 450/1324/1324
f 442/1422/1422 450/1324/1324 434/1421/1421
f 434/1421/1421 450/1324/1324 438/1325/1325
f 434/1421/1421 438/1325/1325 430/1326/1326
f 410/1327/1327 422/1419/1419 430/1326/1326
f 430/1326/1326 422/1419/1419 426/1420/1420
f 430/1326/1326 426/1420/1420 434/1421/1421
f 406/1328/1328 385/1335/1335 410/1327/1327
f 410/1327/1327 385/1335/1335 416/1418/1418
f 410/1327/1327 416/1418/1418 422/1419/1419
f 406/1328/1328 402/1329/1329 385/1335/1335
f 385/1335/1335 402/1329/1329 398/1330/1330
f 385/1335/1335 398/1330/1330 394/1331/1331
f 394/1331/1331 390/1332/1332 385/1335/1335
f 385/1335/1335 390/1332/1332 388/1333/1333
f 385/1335/1335 388/1333/1333 386/1334/1334
f 416/1418/1418 385/1335/1335 306/1417/1417
f 306/1417/1417 385/1335/1335 217/1336/1336
f 306/1417/1417 217/1336/1336 300/1416/1416
f 300/1416/1416 217/1336/1336 190/1415/1415
f 190/1415/1415 217/1336/1336 194/1344/1344
f 190/1415/1415 194/1344/1344 184/1414/1414
f 184/1414/1414 194/1344/1344 174/1345/1345
f 184/1414/1414 174/1345/1345 178/1413/1413
f 178/1413/1413 174/1345/1345 170/1412/1412
f 170/1412/1412 174/1345/1345 166/1346/1346
f 170/1412/1412 166/1346/1346 154/1347/1347
f 218/1337/1337 214/1338/1338 217/1336/1336
f 217/1336/1336 214/1338/1338 212/1339/1339
f 217/1336/1336 212/1339/1339 210/1340/1340
f 210/1340/1340 206/1341/1341 217/1336/1336
f 217/1336/1336 206/1341/1341 202/1342/1342
f 217/1336/1336 202/1342/1342 198/1343/1343
f 198/1343/1343 194/1344/1344 217/1336/1336
f 170/1412/1412 154/1347/1347 162/1411/1411
f 162/1411/1411 154/1347/1347 150/1348/1348
f 162/1411/1411 150/1348/1348 158/1410/1410
f 158/1410/1410 150/1348/1348 142/1349/1349
f 158/1410/1410 142/1349/1349 146/1409/1409
f 146/1409/1409 142/1349/1349 134/1350/1350
f 146/1409/1409 134/1350/1350 138/1408/1408
f 138/1408/1408 134/1350/1350 126/1351/1351
f 138/1408/1408 126/1351/1351 130/1407/1407
f 130/1407/1407 126/1351/1351 118/1352/1352
f 130/1407/1407 118/1352/1352 122/1406/1406
f 122/1406/1406 118/1352/1352 114/1353/1353
f 122/1406/1406 114/1353/1353 110/1405/1405
f 110/1405/1405 114/1353/1353 102/1404/1404
f 102/1404/1404 114/1353/1353 106/1354/1354
f 102/1404/1404 106/1354/1354 94/1403/1403
f 94/1403/1403 106/1354/1354 98/1355/1355
f 94/1403/1403 98/1355/1355 86/1402/1402
f 86/1402/1402 98/1355/1355 90/1356/1356
f 86/1402/1402 90/1356/1356 74/1401/1401
f 74/1401/1401 90/1356/1356 82/1357/1357
f 74/1401/1401 82/1357/1357 70/1400/1400
f 70/1400/1400 82/1357/1357 78/1358/1358
f 70/1400/1400 78/1358/1358 62/1399/1399
f 62/1399/1399 78/1358/1358 66/1359/1359
f 62/1399/1399 66/1359/1359 58/1360/1360
# 600 vertices
# 1464 texture params
# 1464 normals
# 1204 facets

# 1 groups
